Date,VT
2012-05-18,31.684307098388672
2012-05-21,32.27676010131836
2012-05-22,32.21824264526367
2012-05-23,32.10852813720703
2012-05-24,32.013458251953125
2012-05-25,31.9476261138916
2012-05-29,32.386470794677734
2012-05-30,31.75014305114746
2012-05-31,31.77208709716797
2012-06-01,31.047996520996094
2012-06-04,31.128437042236328
2012-06-05,31.28938102722168
2012-06-06,32.145111083984375
2012-06-07,32.145111083984375
2012-06-08,32.188987731933594
2012-06-11,31.77208709716797
2012-06-12,32.24018859863281
2012-06-13,31.97687530517578
2012-06-14,32.20362091064453
2012-06-15,32.60589599609375
2012-06-18,32.6351318359375
2012-06-19,33.10325241088867
2012-06-20,33.15442657470703
2012-06-21,32.291385650634766
2012-06-22,32.59857940673828
2012-06-25,31.954938888549805
2012-06-26,32.13778305053711
2012-06-27,32.452293395996094
2012-06-28,32.35721969604492
2012-06-29,33.40311813354492
2012-07-02,33.5274543762207
2012-07-03,33.885833740234375
2012-07-05,33.564022064208984
2012-07-06,33.19833755493164
2012-07-09,33.11054992675781
2012-07-10,32.84722137451172
2012-07-11,32.91306686401367
2012-07-12,32.58394241333008
2012-07-13,33.10325241088867
2012-07-16,33.09592819213867
2012-07-17,33.300716400146484
2012-07-18,33.47624969482422
2012-07-19,33.68104934692383
2012-07-20,33.19833755493164
2012-07-23,32.73021697998047
2012-07-24,32.36451721191406
2012-07-25,32.47423553466797
2012-07-26,33.17637634277344
2012-07-27,33.84925842285156
2012-07-30,33.76881790161133
2012-07-31,33.644466400146484
2012-08-01,33.542083740234375
2012-08-02,33.205631256103516
2012-08-03,34.0394287109375
2012-08-06,34.2076416015625
2012-08-07,34.44902038574219
2012-08-08,34.41977310180664
2012-08-09,34.49290466308594
2012-08-10,34.558719635009766
2012-08-13,34.478267669677734
2012-08-14,34.49290466308594
2012-08-15,34.51484680175781
2012-08-16,34.858604431152344
2012-08-17,34.88785171508789
2012-08-20,34.843971252441406
2012-08-21,34.851295471191406
2012-08-22,34.822025299072266
2012-08-23,34.58797836303711
2012-08-24,34.64649963378906
2012-08-27,34.63186264038086
2012-08-28,34.63917541503906
2012-08-29,34.58066177368164
2012-08-30,34.23690414428711
2012-08-31,34.478267669677734
2012-09-04,34.441707611083984
2012-09-05,34.39052200317383
2012-09-06,35.180416107177734
2012-09-07,35.51687240600586
2012-09-10,35.26087188720703
2012-09-11,35.480281829833984
2012-09-12,35.62656021118164
2012-09-13,36.24825668334961
2012-09-14,36.52619934082031
2012-09-17,36.343353271484375
2012-09-18,36.22630310058594
2012-09-19,36.29946517944336
2012-09-20,36.11661911010742
2012-09-21,36.11661911010742
2012-09-24,36.03075408935547
2012-09-25,35.73468780517578
2012-09-26,35.46083068847656
2012-09-27,35.90492248535156
2012-09-28,35.54964828491211
2012-10-01,35.72728729248047
2012-10-02,35.867923736572266
2012-10-03,35.82350540161133
2012-10-04,36.14178466796875
2012-10-05,36.15657043457031
2012-10-08,35.99373245239258
2012-10-09,35.58666229248047
2012-10-10,35.401615142822266
2012-10-11,35.571861267089844
2012-10-12,35.42382049560547
2012-10-15,35.742095947265625
2012-10-16,36.200984954833984
2012-10-17,36.4156379699707
2012-10-18,36.34161376953125
2012-10-19,35.779090881347656
2012-10-22,35.9271354675293
2012-10-23,35.298004150390625
2012-10-24,35.2609977722168
2012-10-25,35.48303985595703
2012-10-26,35.37202072143555
2012-10-31,35.33501052856445
2012-11-01,35.86051940917969
2012-11-02,35.48303985595703
2012-11-05,35.53483581542969
2012-11-06,35.83091735839844
2012-11-07,35.16476821899414
2012-11-08,34.80951690673828
2012-11-09,34.82429885864258
2012-11-12,34.853919982910156
2012-11-13,34.639251708984375
2012-11-14,34.232181549072266
2012-11-15,34.18037414550781
2012-11-16,34.2913932800293
2012-11-19,35.01674270629883
2012-11-20,34.972328186035156
2012-11-21,35.09075164794922
2012-11-23,35.65327453613281
2012-11-26,35.5644645690918
2012-11-27,35.34980392456055
2012-11-28,35.65327453613281
2012-11-29,35.8457145690918
2012-11-30,35.875328063964844
2012-12-03,35.7864990234375
2012-12-04,35.83091735839844
2012-12-05,35.93452835083008
2012-12-06,36.07516098022461
2012-12-07,36.14917755126953
2012-12-10,36.16399002075195
2012-12-11,36.445247650146484
2012-12-12,36.51186752319336
2012-12-13,36.282405853271484
2012-12-14,36.30461883544922
2012-12-17,36.60807800292969
2012-12-18,36.97075271606445
2012-12-19,36.8967399597168
2012-12-20,37.132511138916016
2012-12-21,36.81813430786133
2012-12-24,36.758277893066406
2012-12-26,36.69839096069336
2012-12-27,36.735809326171875
2012-12-28,36.51126480102539
2012-12-31,36.99027633666992
2013-01-02,37.79866027832031
2013-01-03,37.58908462524414
2013-01-04,37.768714904785156
2013-01-07,37.574119567871094
2013-01-08,37.43190002441406
2013-01-09,37.5965690612793
2013-01-10,37.99327850341797
2013-01-11,37.97080612182617
2013-01-14,37.99327850341797
2013-01-15,37.95585250854492
2013-01-16,37.88100051879883
2013-01-17,38.12800216674805
2013-01-18,38.1654167175293
2013-01-22,38.315120697021484
2013-01-23,38.2851676940918
2013-01-24,38.36003494262695
2013-01-25,38.56960678100586
2013-01-28,38.419921875
2013-01-29,38.62948989868164
2013-01-30,38.57709884643555
2013-01-31,38.4723014831543
2013-02-01,38.83157730102539
2013-02-04,38.2851676940918
2013-02-05,38.54717254638672
2013-02-06,38.58458709716797
2013-02-07,38.38248825073242
2013-02-08,38.614524841308594
2013-02-11,38.5621223449707
2013-02-12,38.681888580322266
2013-02-13,38.75672149658203
2013-02-14,38.69685363769531
2013-02-15,38.59955978393555
2013-02-19,38.93635940551758
2013-02-20,38.49474334716797
2013-02-21,38.09806823730469
2013-02-22,38.487266540527344
2013-02-25,37.768714904785156
2013-02-26,38.008235931396484
2013-02-27,38.427398681640625
2013-02-28,38.35253143310547
2013-03-01,38.4498405456543
2013-03-04,38.53965759277344
2013-03-05,38.89894485473633
2013-03-06,38.95881271362305
2013-03-07,39.101016998291016
2013-03-08,39.25822067260742
2013-03-11,39.37047576904297
2013-03-12,39.16840362548828
2013-03-13,39.14594268798828
2013-03-14,39.42287826538086
2013-03-15,39.31060791015625
2013-03-18,39.05611801147461
2013-03-19,38.786651611328125
2013-03-20,39.123497009277344
2013-03-21,38.81660461425781
2013-03-22,39.08240509033203
2013-03-25,38.84965515136719
2013-03-26,39.142478942871094
2013-03-27,39.0974235534668
2013-03-28,39.25511932373047
2013-04-01,38.917236328125
2013-04-02,39.149986267089844
2013-04-03,38.722007751464844
2013-04-04,38.93974685668945
2013-04-05,38.812095642089844
2013-04-08,38.99981689453125
2013-04-09,39.119956970214844
2013-04-10,39.6530647277832
2013-04-11,39.84828567504883
2013-04-12,39.67559051513672
2013-04-15,38.69197082519531
2013-04-16,39.322696685791016
2013-04-17,38.6243782043457
2013-04-18,38.444175720214844
2013-04-19,38.8721809387207
2013-04-22,38.99981689453125
2013-04-23,39.43532180786133
2013-04-24,39.60051345825195
2013-04-25,39.825775146484375
2013-04-26,39.72065353393555
2013-04-29,40.11110305786133
2013-04-30,40.30633544921875
2013-05-01,39.915863037109375
2013-05-02,40.223724365234375
2013-05-03,40.65923309326172
2013-05-06,40.70427703857422
2013-05-07,40.876983642578125
2013-05-08,41.16229248046875
2013-05-09,40.959571838378906
2013-05-10,40.97459411621094
2013-05-13,40.94453811645508
2013-05-14,41.20735168457031
2013-05-15,41.365028381347656
2013-05-16,41.147281646728516
2013-05-17,41.485164642333984
2013-05-20,41.53022384643555
2013-05-21,41.59028244018555
2013-05-22,41.1698112487793
2013-05-23,40.98209762573242
2013-05-24,40.73432159423828
2013-05-28,40.891998291015625
2013-05-29,40.58414077758789
2013-05-30,40.77936935424805
2013-05-31,40.0810661315918
2013-06-03,40.32884216308594
2013-06-04,40.178672790527344
2013-06-05,39.50288772583008
2013-06-06,39.83327102661133
2013-06-07,40.193687438964844
2013-06-10,40.216209411621094
2013-06-11,39.683082580566406
2013-06-12,39.46535873413086
2013-06-13,40.051021575927734
2013-06-14,39.70563888549805
2013-06-17,40.11859893798828
2013-06-18,40.418949127197266
2013-06-19,39.70563888549805
2013-06-20,38.49673080444336
2013-06-21,38.57181167602539
2013-06-24,37.96519088745117
2013-06-25,38.47262191772461
2013-06-26,38.767974853515625
2013-06-27,39.16936111450195
2013-06-28,39.01033020019531
2013-07-01,39.33599090576172
2013-07-02,39.11634826660156
2013-07-03,39.17693328857422
2013-07-05,39.457149505615234
2013-07-08,39.60861587524414
2013-07-09,39.873680114746094
2013-07-10,39.92670440673828
2013-07-11,40.80519485473633
2013-07-12,40.70674514770508
2013-07-15,40.91880798339844
2013-07-16,40.797637939453125
2013-07-17,40.96424102783203
2013-07-18,41.176300048828125
2013-07-19,41.176300048828125
2013-07-22,41.36562728881836
2013-07-23,41.38835144042969
2013-07-24,41.252037048339844
2013-07-25,41.33534240722656
2013-07-26,41.229312896728516
2013-07-29,41.00970458984375
2013-07-30,40.979408264160156
2013-07-31,41.02483367919922
2013-08-01,41.57011795043945
2013-08-02,41.6912956237793
2013-08-05,41.60040283203125
2013-08-06,41.40349578857422
2013-08-07,41.168739318847656
2013-08-08,41.53982162475586
2013-08-09,41.50953674316406
2013-08-12,41.486812591552734
2013-08-13,41.683712005615234
2013-08-14,41.59282684326172
2013-08-15,41.10813903808594
2013-08-16,41.05512619018555
2013-08-19,40.721885681152344
2013-08-20,40.85065460205078
2013-08-21,40.426544189453125
2013-08-22,40.79005813598633
2013-08-23,41.05512619018555
2013-08-26,40.865779876708984
2013-08-27,40.14631652832031
2013-08-28,40.206912994384766
2013-08-29,40.2296257019043
2013-08-30,40.017578125
2013-09-03,40.381103515625
2013-09-04,40.797637939453125
2013-09-05,40.88093948364258
2013-09-06,40.986961364746094
2013-09-09,41.547393798828125
2013-09-10,41.94878005981445
2013-09-11,42.06995391845703
2013-09-12,41.8503303527832
2013-09-13,41.98664855957031
2013-09-16,42.28200912475586
2013-09-17,42.38044738769531
2013-09-18,43.213531494140625
2013-09-19,43.077213287353516
2013-09-20,42.69096755981445
2013-09-23,42.62631607055664
2013-09-24,42.55024337768555
2013-09-25,42.51222610473633
2013-09-26,42.64914321899414
2013-09-27,42.51222610473633
2013-09-30,42.253604888916016
2013-10-01,42.58828353881836
2013-10-02,42.527435302734375
2013-10-03,42.27641677856445
2013-10-04,42.45137023925781
2013-10-07,42.10908508300781
2013-10-08,41.660301208496094
2013-10-09,41.743980407714844
2013-10-10,42.603492736816406
2013-10-11,42.9001579284668
2013-10-14,43.006629943847656
2013-10-15,42.70998764038086
2013-10-16,43.18159866333008
2013-10-17,43.60753631591797
2013-10-18,43.86615753173828
2013-10-21,43.911808013916016
2013-10-22,44.223663330078125
2013-10-23,43.83573532104492
2013-10-24,44.0715217590332
2013-10-25,44.11717987060547
2013-10-28,44.109561920166016
2013-10-29,44.2160758972168
2013-10-30,44.048709869384766
2013-10-31,43.82052993774414
2013-11-01,43.79771041870117
2013-11-04,44.048709869384766
2013-11-05,43.721641540527344
2013-11-06,43.9270133972168
2013-11-07,43.310890197753906
2013-11-08,43.691219329833984
2013-11-11,43.721641540527344
2013-11-12,43.599937438964844
2013-11-13,43.84334182739258
2013-11-14,44.048709869384766
2013-11-15,44.36817932128906
2013-11-18,44.34535598754883
2013-11-19,44.200843811035156
2013-11-20,43.98785400390625
2013-11-21,44.284515380859375
2013-11-22,44.451847076416016
2013-11-25,44.284515380859375
2013-11-26,44.29972457885742
2013-11-27,44.46706008911133
2013-11-29,44.497501373291016
2013-12-02,44.19322967529297
2013-12-03,43.957435607910156
2013-12-04,43.79771041870117
2013-12-05,43.63796615600586
2013-12-06,44.16279983520508
2013-12-09,44.200843811035156
2013-12-10,44.132389068603516
2013-12-11,43.62275695800781
2013-12-12,43.417381286621094
2013-12-13,43.402164459228516
2013-12-16,43.7292594909668
2013-12-17,43.55430221557617
2013-12-18,44.15519714355469
2013-12-19,44.16279983520508
2013-12-20,44.41084289550781
2013-12-23,44.763023376464844
2013-12-24,44.87019729614258
2013-12-26,45.03096008300781
2013-12-27,45.16877365112305
2013-12-30,45.291263580322266
2013-12-31,45.47498321533203
2014-01-02,44.801300048828125
2014-01-03,44.84723663330078
2014-01-06,44.724735260009766
2014-01-07,44.93144226074219
2014-01-08,44.9390983581543
2014-01-09,44.93144226074219
2014-01-10,45.23767852783203
2014-01-13,44.732398986816406
2014-01-14,45.13814163208008
2014-01-15,45.275943756103516
2014-01-16,45.291263580322266
2014-01-17,45.122840881347656
2014-01-21,45.245330810546875
2014-01-22,45.36015319824219
2014-01-23,44.94675827026367
2014-01-24,43.78308868408203
2014-01-27,43.55341339111328
2014-01-28,43.91324234008789
2014-01-29,43.46919250488281
2014-01-30,43.905582427978516
2014-01-31,43.453895568847656
2014-02-03,42.58879470825195
2014-02-04,42.94095993041992
2014-02-05,42.910343170166016
2014-02-06,43.57637405395508
2014-02-07,44.06636047363281
2014-02-10,44.03573989868164
2014-02-11,44.6175651550293
2014-02-12,44.70177459716797
2014-02-13,44.86254119873047
2014-02-14,45.084564208984375
2014-02-18,45.283599853515625
2014-02-19,44.9926872253418
2014-02-20,45.245330810546875
2014-02-21,45.25299072265625
2014-02-24,45.53624725341797
2014-02-25,45.421409606933594
2014-02-26,45.4290657043457
2014-02-27,45.59748458862305
2014-02-28,45.71998596191406
2014-03-03,45.09986114501953
2014-03-04,45.86543655395508
2014-03-05,45.8884162902832
2014-03-06,46.09511947631836
2014-03-07,45.94966125488281
2014-03-10,45.74296188354492
2014-03-11,45.50562286376953
2014-03-12,45.45969772338867
2014-03-13,44.84723663330078
2014-03-14,44.801300048828125
2014-03-17,45.18407440185547
2014-03-18,45.52859878540039
2014-03-19,45.084564208984375
2014-03-20,45.16877365112305
2014-03-21,45.09220504760742
2014-03-24,45.05392837524414
2014-03-25,45.33419418334961
2014-03-26,45.149417877197266
2014-03-27,45.264896392822266
2014-03-28,45.54977035522461
2014-03-31,45.94245529174805
2014-04-01,46.28122329711914
2014-04-02,46.35051345825195
2014-04-03,46.25042724609375
2014-04-04,45.85005187988281
2014-04-07,45.53437423706055
2014-04-08,45.70377731323242
2014-04-09,46.24272155761719
2014-04-10,45.38809585571289
2014-04-11,45.03390884399414
2014-04-14,45.28030014038086
2014-04-15,45.27260208129883
2014-04-16,45.749969482421875
2014-04-17,45.93474197387695
2014-04-21,46.00405502319336
2014-04-22,46.17344284057617
2014-04-23,46.08102798461914
2014-04-24,46.10414123535156
2014-04-25,45.74226379394531
2014-04-28,45.880855560302734
2014-04-29,46.11183547973633
2014-04-30,46.28122329711914
2014-05-01,46.373619079589844
2014-05-02,46.3890266418457
2014-05-05,46.3967170715332
2014-05-06,46.18881607055664
2014-05-07,46.38131332397461
2014-05-08,46.312007904052734
2014-05-09,46.327423095703125
2014-05-12,46.73548889160156
2014-05-13,46.712371826171875
2014-05-14,46.596900939941406
2014-05-15,46.265811920166016
2014-05-16,46.47370147705078
2014-05-19,46.51990509033203
2014-05-20,46.21192932128906
2014-05-21,46.527610778808594
2014-05-22,46.712371826171875
2014-05-23,46.912567138671875
2014-05-27,47.1281623840332
2014-05-28,47.04347229003906
2014-05-29,47.328338623046875
2014-05-30,47.2282600402832
2014-06-02,47.41303634643555
2014-06-03,47.343746185302734
2014-06-04,47.389930725097656
2014-06-05,47.74409866333008
2014-06-06,48.005889892578125
2014-06-09,48.059783935546875
2014-06-10,48.02130126953125
2014-06-11,47.85191345214844
2014-06-12,47.66713333129883
2014-06-13,47.798011779785156
2014-06-16,47.767215728759766
2014-06-17,47.85960388183594
2014-06-18,48.136783599853516
2014-06-19,48.22148132324219
2014-06-20,48.298465728759766
2014-06-23,48.22148132324219
2014-06-24,47.983341217041016
2014-06-25,48.06867218017578
2014-06-26,48.0609245300293
2014-06-27,48.22380828857422
2014-06-30,48.27035903930664
2014-07-01,48.68144989013672
2014-07-02,48.720245361328125
2014-07-03,48.937435150146484
2014-07-07,48.62715530395508
2014-07-08,48.23930740356445
2014-07-09,48.44099807739258
2014-07-10,48.12296676635742
2014-07-11,48.13850021362305
2014-07-14,48.425472259521484
2014-07-15,48.27810287475586
2014-07-16,48.48753356933594
2014-07-17,47.89026641845703
2014-07-18,48.394466400146484
2014-07-21,48.28585433959961
2014-07-22,48.52632522583008
2014-07-23,48.65043258666992
2014-07-24,48.689208984375
2014-07-25,48.48753356933594
2014-07-28,48.48753356933594
2014-07-29,48.27035903930664
2014-07-30,48.29362106323242
2014-07-31,47.42485046386719
2014-08-01,47.261966705322266
2014-08-04,47.564476013183594
2014-08-05,47.08355712890625
2014-08-06,47.029266357421875
2014-08-07,46.74226379394531
2014-08-08,47.091312408447266
2014-08-11,47.31626892089844
2014-08-12,47.261966705322266
2014-08-13,47.54121398925781
2014-08-14,47.766151428222656
2014-08-15,47.742881774902344
2014-08-18,48.15400695800781
2014-08-19,48.27810287475586
2014-08-20,48.316898345947266
2014-08-21,48.41770935058594
2014-08-22,48.371177673339844
2014-08-25,48.596134185791016
2014-08-26,48.64268112182617
2014-08-27,48.72799301147461
2014-08-28,48.56510543823242
2014-08-29,48.68144989013672
2014-09-02,48.759029388427734
2014-09-03,48.859867095947266
2014-09-04,48.7047233581543
2014-09-05,48.81331253051758
2014-09-08,48.51856231689453
2014-09-09,48.26259231567383
2014-09-10,48.425472259521484
2014-09-11,48.324649810791016
2014-09-12,48.08418655395508
2014-09-15,47.983341217041016
2014-09-16,48.30137634277344
2014-09-17,48.12296676635742
2014-09-18,48.36341857910156
2014-09-19,48.16950607299805
2014-09-22,47.81269073486328
2014-09-23,47.48690414428711
2014-09-24,47.868011474609375
2014-09-25,47.08866500854492
2014-09-26,47.3614387512207
2014-09-29,47.12764358520508
2014-09-30,47.05748748779297
2014-10-01,46.356075286865234
2014-10-02,46.215789794921875
2014-10-03,46.5509033203125
2014-10-06,46.59766387939453
2014-10-07,45.94301223754883
2014-10-08,46.6600227355957
2014-10-09,45.592288970947266
2014-10-10,44.93763732910156
2014-10-13,44.62590408325195
2014-10-14,44.68824005126953
2014-10-15,44.392093658447266
2014-10-16,44.337547302246094
2014-10-17,44.8908805847168
2014-10-20,45.28053665161133
2014-10-21,45.93520736694336
2014-10-22,45.52994155883789
2014-10-23,46.01315689086914
2014-10-24,46.2547492980957
2014-10-27,46.19240188598633
2014-10-28,46.792510986328125
2014-10-29,46.62885284423828
2014-10-30,46.88603210449219
2014-10-31,47.50172424316406
2014-11-03,47.33026885986328
2014-11-04,47.15879440307617
2014-11-05,47.26792907714844
2014-11-06,47.29908752441406
2014-11-07,47.33026885986328
2014-11-10,47.47053909301758
2014-11-11,47.59524917602539
2014-11-12,47.478336334228516
2014-11-13,47.46276092529297
2014-11-14,47.58745574951172
2014-11-17,47.50172424316406
2014-11-18,47.813453674316406
2014-11-19,47.76670455932617
2014-11-20,47.7043571472168
2014-11-21,48.109622955322266
2014-11-24,48.20314407348633
2014-11-25,48.24991226196289
2014-11-26,48.374603271484375
2014-11-28,48.10182189941406
2014-12-01,47.74332046508789
2014-12-02,47.9147834777832
2014-12-03,48.10182189941406
2014-12-04,47.97713851928711
2014-12-05,48.04727554321289
2014-12-08,47.64200973510742
2014-12-09,47.49391555786133
2014-12-10,46.80809020996094
2014-12-11,46.81589126586914
2014-12-12,46.036537170410156
2014-12-15,45.53773498535156
2014-12-16,45.459815979003906
2014-12-17,46.33269500732422
2014-12-18,47.143226623535156
2014-12-19,47.29908752441406
2014-12-22,47.571998596191406
2014-12-23,47.54847717285156
2014-12-24,47.68180465698242
2014-12-26,47.89354705810547
2014-12-29,47.76805877685547
2014-12-30,47.51710510253906
2014-12-31,47.14850616455078
2015-01-02,47.02302551269531
2015-01-05,46.11332321166992
2015-01-06,45.65061569213867
2015-01-07,46.23879623413086
2015-01-08,46.936771392822266
2015-01-09,46.62308120727539
2015-01-12,46.37995147705078
2015-01-13,46.411338806152344
2015-01-14,46.199588775634766
2015-01-15,46.050575256347656
2015-01-16,46.61522674560547
2015-01-20,46.70149612426758
2015-01-21,47.046573638916016
2015-01-22,47.58768844604492
2015-01-23,47.23478317260742
2015-01-26,47.55632019042969
2015-01-27,47.25831604003906
2015-01-28,46.66228485107422
2015-01-29,47.054405212402344
2015-01-30,46.37995147705078
2015-02-02,46.999488830566406
2015-02-03,47.68180465698242
2015-02-04,47.47005844116211
2015-02-05,48.034698486328125
2015-02-06,47.58768844604492
2015-02-09,47.462215423583984
2015-02-10,47.8621826171875
2015-02-11,47.75238800048828
2015-02-12,48.35624313354492
2015-02-13,48.66210174560547
2015-02-17,48.71699523925781
2015-02-18,48.87384033203125
2015-02-19,48.811100006103516
2015-02-20,49.20322799682617
2015-02-23,49.07774353027344
2015-02-24,49.250274658203125
2015-02-25,49.242427825927734
2015-02-26,49.16401672363281
2015-02-27,49.140480041503906
2015-03-02,49.31302261352539
2015-03-03,49.054222106933594
2015-03-04,48.77190017700195
2015-03-05,48.842472076416016
2015-03-06,48.23860549926758
2015-03-09,48.33272171020508
2015-03-10,47.45436096191406
2015-03-11,47.477901458740234
2015-03-12,48.05824279785156
2015-03-13,47.75238800048828
2015-03-16,48.33272171020508
2015-03-17,48.254295349121094
2015-03-18,49.06207275390625
2015-03-19,48.685638427734375
2015-03-20,49.36006546020508
2015-03-23,49.41496658325195
2015-03-24,49.25812911987305
2015-03-25,48.61497116088867
2015-03-26,48.40217208862305
2015-03-27,48.551918029785156
2015-03-30,48.890838623046875
2015-03-31,48.54403305053711
2015-04-01,48.57555389404297
2015-04-02,48.89871597290039
2015-04-06,49.32432556152344
2015-04-07,49.2297477722168
2015-04-08,49.51348876953125
2015-04-09,49.63959884643555
2015-04-10,49.87604904174805
2015-04-13,49.62382888793945
2015-04-14,49.83665084838867
2015-04-15,50.12038040161133
2015-04-16,50.16768264770508
2015-04-17,49.56078338623047
2015-04-20,49.820884704589844
2015-04-21,49.946990966796875
2015-04-22,50.15192413330078
2015-04-23,50.3647346496582
2015-04-24,50.49871826171875
2015-04-27,50.4908332824707
2015-04-28,50.616947174072266
2015-04-29,50.30167770385742
2015-04-30,49.78147888183594
2015-05-01,50.278018951416016
2015-05-04,50.31743621826172
2015-05-05,49.7263069152832
2015-05-06,49.61595916748047
2015-05-07,49.67113494873047
2015-05-08,50.412025451660156
2015-05-11,50.11250686645508
2015-05-12,50.06523132324219
2015-05-13,50.191322326660156
2015-05-14,50.68788146972656
2015-05-15,50.78246307373047
2015-05-18,50.758811950683594
2015-05-19,50.69575881958008
2015-05-20,50.68000411987305
2015-05-21,50.86915588378906
2015-05-22,50.6721305847168
2015-05-26,50.041587829589844
2015-05-27,50.47507858276367
2015-05-28,50.30167770385742
2015-05-29,49.946990966796875
2015-06-01,49.946990966796875
2015-06-02,50.02581024169922
2015-06-03,50.21498107910156
2015-06-04,49.7263069152832
2015-06-05,49.418914794921875
2015-06-08,49.20610427856445
2015-06-09,49.08787155151367
2015-06-10,49.88394546508789
2015-06-11,49.970638275146484
2015-06-12,49.64748001098633
2015-06-15,49.371620178222656
2015-06-16,49.5056266784668
2015-06-17,49.5056266784668
2015-06-18,50.01792526245117
2015-06-19,49.78147888183594
2015-06-22,50.34108352661133
2015-06-23,50.41991424560547
2015-06-24,50.08097839355469
2015-06-25,49.939109802246094
2015-06-26,49.981178283691406
2015-06-29,48.71101379394531
2015-06-30,48.83803939819336
2015-07-01,49.10000228881836
2015-07-02,49.10794448852539
2015-07-06,48.58399963378906
2015-07-07,48.59193420410156
2015-07-08,47.56786346435547
2015-07-09,47.94097137451172
2015-07-10,48.92536163330078
2015-07-13,49.2667236328125
2015-07-14,49.56045150756836
2015-07-15,49.41754150390625
2015-07-16,49.814476013183594
2015-07-17,49.735084533691406
2015-07-20,49.719215393066406
2015-07-21,49.57632064819336
2015-07-22,49.33816909790039
2015-07-23,49.12383270263672
2015-07-24,48.536376953125
2015-07-27,48.139434814453125
2015-07-28,48.67132568359375
2015-07-29,48.98092269897461
2015-07-30,49.03650665283203
2015-07-31,49.08412170410156
2015-08-03,48.87773513793945
2015-08-04,48.88566970825195
2015-08-05,49.004737854003906
2015-08-06,48.69514465332031
2015-08-07,48.64750671386719
2015-08-10,49.25877380371094
2015-08-11,48.63163757324219
2015-08-12,48.51255416870117
2015-08-13,48.449031829833984
2015-08-14,48.59193420410156
2015-08-17,48.66337966918945
2015-08-18,48.41728210449219
2015-08-19,47.98861312866211
2015-08-20,46.940711975097656
2015-08-21,45.64673614501953
2015-08-24,43.844688415527344
2015-08-25,43.844688415527344
2015-08-26,45.13072204589844
2015-08-27,46.12303924560547
2015-08-28,46.12303924560547
2015-08-31,45.82931900024414
2015-09-01,44.39243698120117
2015-09-02,45.13866424560547
2015-09-03,45.20217514038086
2015-09-04,44.328922271728516
2015-09-08,45.51971435546875
2015-09-09,45.09103012084961
2015-09-10,45.37681579589844
2015-09-11,45.47208023071289
2015-09-14,45.249813079833984
2015-09-15,45.71818161010742
2015-09-16,46.29768753051758
2015-09-17,46.29768753051758
2015-09-18,45.400638580322266
2015-09-21,45.45620346069336
2015-09-22,44.67029571533203
2015-09-23,44.47182083129883
2015-09-24,44.33686447143555
2015-09-25,44.36798095703125
2015-09-28,43.33876419067383
2015-09-29,43.37067794799805
2015-09-30,44.128631591796875
2015-10-01,44.32011413574219
2015-10-02,45.05413055419922
2015-10-05,45.95568084716797
2015-10-06,45.89186477661133
2015-10-07,46.46630859375
2015-10-08,46.865238189697266
2015-10-09,46.93703842163086
2015-10-12,46.85725402832031
2015-10-13,46.38652420043945
2015-10-14,46.36259460449219
2015-10-15,47.096588134765625
2015-10-16,47.16041946411133
2015-10-19,47.048736572265625
2015-10-20,46.99288558959961
2015-10-21,46.70566177368164
2015-10-22,47.3359489440918
2015-10-23,47.7747802734375
2015-10-26,47.63114929199219
2015-10-27,47.3359489440918
2015-10-28,47.73488235473633
2015-10-29,47.511474609375
2015-10-30,47.34392547607422
2015-11-02,47.94230270385742
2015-11-03,48.10188674926758
2015-11-04,47.87848663330078
2015-11-05,47.814659118652344
2015-11-06,47.655094146728516
2015-11-09,47.200313568115234
2015-11-10,47.176387786865234
2015-11-11,47.14447784423828
2015-11-12,46.58598709106445
2015-11-13,46.06737518310547
2015-11-16,46.67374801635742
2015-11-17,46.65779113769531
2015-11-18,47.2641487121582
2015-11-19,47.42372131347656
2015-11-20,47.511474609375
2015-11-23,47.320011138916016
2015-11-24,47.43170166015625
2015-11-25,47.44765090942383
2015-11-27,47.415740966796875
2015-11-30,47.304039001464844
2015-12-01,47.80668640136719
2015-12-02,47.29605484008789
2015-12-03,46.761512756347656
2015-12-04,47.44765090942383
2015-12-07,47.03277587890625
2015-12-08,46.554073333740234
2015-12-09,46.3147087097168
2015-12-10,46.25886917114258
2015-12-11,45.325401306152344
2015-12-14,45.46900177001953
2015-12-15,45.939735412597656
2015-12-16,46.66576385498047
2015-12-17,46.011531829833984
2015-12-18,45.3972053527832
2015-12-21,45.748924255371094
2015-12-22,46.150447845458984
2015-12-23,46.79286575317383
2015-12-24,46.69651412963867
2015-12-28,46.59211349487305
2015-12-29,47.017723083496094
2015-12-30,46.672428131103516
2015-12-31,46.27090835571289
2016-01-04,45.491943359375
2016-01-05,45.4999885559082
2016-01-06,44.825439453125
2016-01-07,43.781497955322266
2016-01-08,43.267547607421875
2016-01-11,43.2916374206543
2016-01-12,43.53255844116211
2016-01-13,42.560882568359375
2016-01-14,43.251487731933594
2016-01-15,42.038909912109375
2016-01-19,42.167388916015625
2016-01-20,41.49284744262695
2016-01-21,41.73374938964844
2016-01-22,42.77769088745117
2016-01-25,42.111167907714844
2016-01-26,42.81785202026367
2016-01-27,42.43239974975586
2016-01-28,42.576934814453125
2016-01-29,43.556644439697266
2016-02-01,43.61285400390625
2016-02-02,42.576934814453125
2016-02-03,42.96238708496094
2016-02-04,43.05073165893555
2016-02-05,42.31193161010742
2016-02-08,41.629337310791016
2016-02-09,41.33224105834961
2016-02-10,41.35633087158203
2016-02-11,40.8022346496582
2016-02-12,41.52497100830078
2016-02-16,42.287845611572266
2016-02-17,43.114967346191406
2016-02-18,42.93027877807617
2016-02-19,42.87406539916992
2016-02-22,43.52452850341797
2016-02-23,42.91421890258789
2016-02-24,42.94633102416992
2016-02-25,43.41210174560547
2016-02-26,43.35588836669922
2016-02-29,43.0748176574707
2016-03-01,44.16694641113281
2016-03-02,44.45603561401367
2016-03-03,44.825439453125
2016-03-04,45.130592346191406
2016-03-07,45.130592346191406
2016-03-08,44.544376373291016
2016-03-09,44.785274505615234
2016-03-10,44.73710250854492
2016-03-11,45.700748443603516
2016-03-14,45.59634780883789
2016-03-15,45.251304626464844
2016-03-16,45.726951599121094
2016-03-17,46.146175384521484
2016-03-18,46.22679901123047
2016-03-21,46.22679901123047
2016-03-22,46.146175384521484
2016-03-23,45.6866455078125
2016-03-24,45.58990478515625
2016-03-28,45.751136779785156
2016-03-29,46.250980377197266
2016-03-30,46.533138275146484
2016-03-31,46.508949279785156
2016-04-01,46.4283447265625
2016-04-04,46.242923736572266
2016-04-05,45.630210876464844
2016-04-06,46.162296295166016
2016-04-07,45.47703552246094
2016-04-08,45.9043083190918
2016-04-11,45.95269012451172
2016-04-12,46.50089645385742
2016-04-13,47.13778305053711
2016-04-14,47.09745407104492
2016-04-15,47.03297424316406
2016-04-18,47.34739303588867
2016-04-19,47.83915710449219
2016-04-20,47.85527420043945
2016-04-21,47.5811882019043
2016-04-22,47.557003021240234
2016-04-25,47.40382385253906
2016-04-26,47.5731315612793
2016-04-27,47.629554748535156
2016-04-28,47.26676559448242
2016-04-29,46.97654724121094
2016-05-02,47.30708312988281
2016-05-03,46.694366455078125
2016-05-04,46.29128646850586
2016-05-05,46.28322982788086
2016-05-06,46.436405181884766
2016-05-09,46.25904083251953
2016-05-10,46.92817687988281
2016-05-11,46.59763717651367
2016-05-12,46.51701736450195
2016-05-13,46.065547943115234
2016-05-16,46.58151626586914
2016-05-17,46.194549560546875
2016-05-18,46.170372009277344
2016-05-19,45.92042922973633
2016-05-20,46.30739974975586
2016-05-23,46.162296295166016
2016-05-24,46.83143615722656
2016-05-25,47.1861457824707
2016-05-26,47.24257278442383
2016-05-27,47.31513977050781
2016-05-31,47.28289031982422
2016-06-01,47.37156677246094
2016-06-02,47.48445129394531
2016-06-03,47.62150955200195
2016-06-06,47.895591735839844
2016-06-07,48.19389343261719
2016-06-08,48.322872161865234
2016-06-09,48.00846481323242
2016-06-10,47.113582611083984
2016-06-13,46.654075622558594
2016-06-14,46.31759262084961
2016-06-15,46.520790100097656
2016-06-16,46.5451774597168
2016-06-17,46.63457107543945
2016-06-20,47.276615142822266
2016-06-21,47.47978210449219
2016-06-22,47.39854049682617
2016-06-23,48.34943771362305
2016-06-24,45.78120422363281
2016-06-27,44.79778289794922
2016-06-28,45.7730712890625
2016-06-29,46.60205841064453
2016-06-30,47.19534683227539
2016-07-01,47.414794921875
2016-07-05,46.77273941040039
2016-07-06,46.89464569091797
2016-07-07,46.756465911865234
2016-07-08,47.50418472290039
2016-07-11,47.934932708740234
2016-07-12,48.373809814453125
2016-07-13,48.34943771362305
2016-07-14,48.71514129638672
2016-07-15,48.6095085144043
2016-07-18,48.72327423095703
2016-07-19,48.463218688964844
2016-07-20,48.73141098022461
2016-07-21,48.56887435913086
2016-07-22,48.75579833984375
2016-07-25,48.6095085144043
2016-07-26,48.80455780029297
2016-07-27,48.8208122253418
2016-07-28,48.86956024169922
2016-07-29,49.15403366088867
2016-08-01,48.96710205078125
2016-08-02,48.658260345458984
2016-08-03,48.763916015625
2016-08-04,48.84519577026367
2016-08-05,49.227176666259766
2016-08-08,49.292205810546875
2016-08-09,49.487247467041016
2016-08-10,49.462867736816406
2016-08-11,49.828609466552734
2016-08-12,49.72294616699219
2016-08-15,49.958648681640625
2016-08-16,49.763587951660156
2016-08-17,49.74732971191406
2016-08-18,49.95050048828125
2016-08-19,49.771705627441406
2016-08-22,49.69856643676758
2016-08-23,49.85298156738281
2016-08-24,49.58477020263672
2016-08-25,49.56852340698242
2016-08-26,49.33283233642578
2016-08-29,49.61729049682617
2016-08-30,49.5197639465332
2016-08-31,49.324710845947266
2016-09-01,49.49537658691406
2016-09-02,49.9423713684082
2016-09-06,50.251224517822266
2016-09-07,50.324371337890625
2016-09-08,50.11305236816406
2016-09-09,48.89396667480469
2016-09-12,49.47099685668945
2016-09-13,48.54054641723633
2016-09-14,48.524200439453125
2016-09-15,49.08787155151367
2016-09-16,48.687591552734375
2016-09-19,48.8591423034668
2016-09-20,48.98166275024414
2016-09-21,49.71688461303711
2016-09-22,50.051822662353516
2016-09-23,49.684200286865234
2016-09-26,49.23490524291992
2016-09-27,49.545345306396484
2016-09-28,49.87210464477539
2016-09-29,49.365623474121094
2016-09-30,49.708717346191406
2016-10-03,49.62703323364258
2016-10-04,49.430965423583984
2016-10-05,49.741390228271484
2016-10-06,49.59435272216797
2016-10-07,49.40645980834961
2016-10-10,49.618865966796875
2016-10-11,48.867305755615234
2016-10-12,48.93265914916992
2016-10-13,48.69575881958008
2016-10-14,48.72843551635742
2016-10-17,48.58137893676758
2016-10-18,49.00617599487305
2016-10-19,49.21857833862305
2016-10-20,49.194053649902344
2016-10-21,49.08787155151367
2016-10-24,49.251251220703125
2016-10-25,49.12055206298828
2016-10-26,48.908145904541016
2016-10-27,48.81829071044922
2016-10-28,48.6712532043457
2016-10-31,48.72843551635742
2016-11-01,48.43434143066406
2016-11-02,48.09941101074219
2016-11-03,47.96871566772461
2016-11-04,47.7154655456543
2016-11-07,48.6712532043457
2016-11-08,48.88363265991211
2016-11-09,48.98166275024414
2016-11-10,48.84280776977539
2016-11-11,48.57322692871094
2016-11-14,48.55687713623047
2016-11-15,49.01435089111328
2016-11-16,48.75294876098633
2016-11-17,49.02251434326172
2016-11-18,48.777442932128906
2016-11-21,49.226749420166016
2016-11-22,49.34109878540039
2016-11-23,49.30027389526367
2016-11-25,49.479984283447266
2016-11-28,49.283931732177734
2016-11-29,49.38195037841797
2016-11-30,49.30843734741211
2016-12-01,49.08787155151367
2016-12-02,49.194053649902344
2016-12-05,49.553504943847656
2016-12-06,49.79856872558594
2016-12-07,50.48476791381836
2016-12-08,50.6236572265625
2016-12-09,50.77070236206055
2016-12-12,50.615478515625
2016-12-13,51.023929595947266
2016-12-14,50.36225128173828
2016-12-15,50.452110290527344
2016-12-16,50.40309143066406
2016-12-19,50.443931579589844
2016-12-20,50.63898468017578
2016-12-21,50.55669021606445
2016-12-22,50.35916519165039
2016-12-23,50.44145584106445
2016-12-27,50.54022216796875
2016-12-28,50.24394989013672
2016-12-29,50.30155563354492
2016-12-30,50.20278549194336
2017-01-03,50.61428451538086
2017-01-04,51.075164794921875
2017-01-05,51.23976135253906
2017-01-06,51.248008728027344
2017-01-09,51.10808181762695
2017-01-10,51.15747833251953
2017-01-11,51.437294006347656
2017-01-12,51.338539123535156
2017-01-13,51.511356353759766
2017-01-17,51.354984283447266
2017-01-18,51.297386169433594
2017-01-19,51.17393493652344
2017-01-20,51.34675979614258
2017-01-23,51.34675979614258
2017-01-24,51.70063781738281
2017-01-25,52.161521911621094
2017-01-26,52.05453872680664
2017-01-27,51.98869705200195
2017-01-30,51.618350982666016
2017-01-31,51.70887756347656
2017-02-01,51.78295135498047
2017-02-02,51.8817024230957
2017-02-03,52.14506912231445
2017-02-06,51.9640007019043
2017-02-07,51.93108367919922
2017-02-08,51.99694061279297
2017-02-09,52.260292053222656
2017-02-10,52.523643493652344
2017-02-13,52.78701400756836
2017-02-14,52.89399719238281
2017-02-15,53.19850540161133
2017-02-16,53.2149658203125
2017-02-17,53.19026184082031
2017-02-21,53.470088958740234
2017-02-22,53.46187210083008
2017-02-23,53.46187210083008
2017-02-24,53.346649169921875
2017-02-27,53.30549240112305
2017-02-28,53.09973907470703
2017-03-01,53.74991226196289
2017-03-02,53.35487365722656
2017-03-03,53.552398681640625
2017-03-06,53.40424728393555
2017-03-07,53.231407165527344
2017-03-08,53.075050354003906
2017-03-09,53.09973907470703
2017-03-10,53.39603042602539
2017-03-13,53.601768493652344
2017-03-14,53.31370544433594
2017-03-15,53.96388626098633
2017-03-16,54.04617691040039
2017-03-17,54.062652587890625
2017-03-20,53.988582611083984
2017-03-21,53.4536247253418
2017-03-22,53.53593444824219
2017-03-23,53.503013610839844
2017-03-24,53.601768493652344
2017-03-27,53.65937805175781
2017-03-28,53.96388626098633
2017-03-29,54.040733337402344
2017-03-30,54.015933990478516
2017-03-31,53.88376235961914
2017-04-03,53.83418655395508
2017-04-04,53.867218017578125
2017-04-05,53.660675048828125
2017-04-06,53.7432975769043
2017-04-07,53.67720031738281
2017-04-10,53.70198440551758
2017-04-11,53.751556396484375
2017-04-12,53.62765121459961
2017-04-13,53.288902282714844
2017-04-17,53.7432975769043
2017-04-18,53.45412826538086
2017-04-19,53.34672927856445
2017-04-20,53.792877197265625
2017-04-21,53.71025466918945
2017-04-24,54.55295944213867
2017-04-25,54.88343048095703
2017-04-26,54.85038757324219
2017-04-27,54.87515640258789
2017-04-28,54.7595100402832
2017-05-01,54.87515640258789
2017-05-02,55.089962005615234
2017-05-03,54.89996337890625
2017-05-04,55.02388000488281
2017-05-05,55.420448303222656
2017-05-08,55.22216796875
2017-05-09,55.26347732543945
2017-05-10,55.36261749267578
2017-05-11,55.28000259399414
2017-05-12,55.24696350097656
2017-05-15,55.618736267089844
2017-05-16,55.72612380981445
2017-05-17,54.86691665649414
2017-05-18,54.89996337890625
2017-05-19,55.45351028442383
2017-05-22,55.67656707763672
2017-05-23,55.668296813964844
2017-05-24,55.77571487426758
2017-05-25,55.965721130371094
2017-05-26,55.90788269042969
2017-05-30,55.850074768066406
2017-05-31,55.825286865234375
2017-06-01,56.238380432128906
2017-06-02,56.577110290527344
2017-06-05,56.453182220458984
2017-06-06,56.329254150390625
2017-06-07,56.329254150390625
2017-06-08,56.31271743774414
2017-06-09,56.213584899902344
2017-06-12,56.130977630615234
2017-06-13,56.49449157714844
2017-06-14,56.35404968261719
2017-06-15,56.007049560546875
2017-06-16,56.25490188598633
2017-06-19,56.610164642333984
2017-06-20,56.11443328857422
2017-06-21,56.11443328857422
2017-06-22,56.13922882080078
2017-06-23,56.238380432128906
2017-06-26,56.4118766784668
2017-06-27,56.11443328857422
2017-06-28,56.58530044555664
2017-06-29,56.044578552246094
2017-06-30,56.17767333984375
2017-07-03,56.2691764831543
2017-07-05,56.2691764831543
2017-07-06,55.79500961303711
2017-07-07,56.044578552246094
2017-07-10,56.169349670410156
2017-07-11,56.21926498413086
2017-07-12,56.71009063720703
2017-07-13,56.87646484375
2017-07-14,57.217533111572266
2017-07-17,57.175941467285156
2017-07-18,57.22584533691406
2017-07-19,57.533660888671875
2017-07-20,57.633480072021484
2017-07-21,57.533660888671875
2017-07-24,57.533660888671875
2017-07-25,57.65013885498047
2017-07-26,57.8248176574707
2017-07-27,57.68340301513672
2017-07-28,57.6584358215332
2017-07-31,57.666748046875
2017-08-01,57.91632080078125
2017-08-02,57.86640548706055
2017-08-03,57.79155731201172
2017-08-04,57.89968490600586
2017-08-07,58.041107177734375
2017-08-08,57.85810470581055
2017-08-09,57.72499465942383
2017-08-10,56.843177795410156
2017-08-11,56.868125915527344
2017-08-14,57.39223098754883
2017-08-15,57.3339958190918
2017-08-16,57.61682891845703
2017-08-17,56.80158996582031
2017-08-18,56.868125915527344
2017-08-21,56.918052673339844
2017-08-22,57.37560272216797
2017-08-23,57.30902862548828
2017-08-24,57.217533111572266
2017-08-25,57.4421501159668
2017-08-28,57.4338264465332
2017-08-29,57.383914947509766
2017-08-30,57.55028533935547
2017-08-31,57.90801239013672
2017-09-01,58.08272171020508
2017-09-05,57.69172286987305
2017-09-06,57.90801239013672
2017-09-07,58.132606506347656
2017-09-08,58.066070556640625
2017-09-11,58.623443603515625
2017-09-12,58.7815055847168
2017-09-13,58.63175582885742
2017-09-14,58.64838790893555
2017-09-15,58.75654983520508
2017-09-18,58.9561882019043
2017-09-19,59.047706604003906
2017-09-20,59.047706604003906
2017-09-21,58.8896369934082
2017-09-22,58.93123245239258
2017-09-25,58.673343658447266
2017-09-26,58.6151237487793
2017-09-27,58.72715759277344
2017-09-28,58.80238723754883
2017-09-29,59.12847900390625
2017-10-02,59.262245178222656
2017-10-03,59.52144241333008
2017-10-04,59.5465202331543
2017-10-05,59.72210693359375
2017-10-06,59.64685821533203
2017-10-09,59.563255310058594
2017-10-10,59.88931655883789
2017-10-11,60.056541442871094
2017-10-12,60.023101806640625
2017-10-13,60.190311431884766
2017-10-16,60.21540069580078
2017-10-17,60.190311431884766
2017-10-18,60.232120513916016
2017-10-19,60.15685272216797
2017-10-20,60.299007415771484
2017-10-23,60.06489944458008
2017-10-24,60.16523361206055
2017-10-25,59.922767639160156
2017-10-26,59.93946838378906
2017-10-27,60.25722122192383
2017-10-30,60.18195724487305
2017-10-31,60.37425231933594
2017-11-01,60.5080451965332
2017-11-02,60.574913024902344
2017-11-03,60.62508773803711
2017-11-06,60.78392791748047
2017-11-07,60.65852355957031
2017-11-08,60.79230499267578
2017-11-09,60.457862854003906
2017-11-10,60.40769577026367
2017-11-13,60.31572341918945
2017-11-14,60.223758697509766
2017-11-15,59.872596740722656
2017-11-16,60.449493408203125
2017-11-17,60.36589050292969
2017-11-20,60.457862854003906
2017-11-21,60.93442153930664
2017-11-22,61.018043518066406
2017-11-24,61.24378204345703
2017-11-27,61.00131607055664
2017-11-28,61.46953201293945
2017-11-29,61.27723693847656
2017-11-30,61.519718170166016
2017-12-01,61.38593673706055
2017-12-04,61.27723693847656
2017-12-05,61.08492660522461
2017-12-06,60.89262771606445
2017-12-07,61.08492660522461
2017-12-08,61.4444580078125
2017-12-11,61.5949592590332
2017-12-12,61.611671447753906
2017-12-13,61.74543380737305
2017-12-14,61.47789001464844
2017-12-15,61.762168884277344
2017-12-18,62.33906555175781
2017-12-19,62.12194061279297
2017-12-20,62.079856872558594
2017-12-21,62.25661087036133
2017-12-22,62.36601638793945
2017-12-26,62.37442398071289
2017-12-27,62.41650390625
2017-12-28,62.601661682128906
2017-12-29,62.500667572021484
2018-01-02,63.04774475097656
2018-01-03,63.47696304321289
2018-01-04,63.855743408203125
2018-01-05,64.22602844238281
2018-01-08,64.2933578491211
2018-01-09,64.40280151367188
2018-01-10,64.1923828125
2018-01-11,64.6636962890625
2018-01-12,65.1771011352539
2018-01-16,65.02559661865234
2018-01-17,65.53901672363281
2018-01-18,65.40434265136719
2018-01-19,65.74942016601562
2018-01-22,66.22916412353516
2018-01-23,66.41432189941406
2018-01-24,66.52375793457031
2018-01-25,66.42272186279297
2018-01-26,67.10447692871094
2018-01-29,66.54899597167969
2018-01-30,65.86726379394531
2018-01-31,65.92615509033203
2018-02-01,65.87566375732422
2018-02-02,64.43644714355469
2018-02-05,61.962013244628906
2018-02-06,63.258140563964844
2018-02-07,62.450172424316406
2018-02-08,60.47229766845703
2018-02-09,61.111942291259766
2018-02-12,62.02092361450195
2018-02-13,62.06300354003906
2018-02-14,63.04774475097656
2018-02-15,63.74630355834961
2018-02-16,63.796810150146484
2018-02-20,63.317073822021484
2018-02-21,63.08138656616211
2018-02-22,63.19083023071289
2018-02-23,64.0408935546875
2018-02-26,64.63843536376953
2018-02-27,63.73789978027344
2018-02-28,62.99722671508789
2018-03-01,62.2481803894043
2018-03-02,62.542762756347656
2018-03-05,63.04774475097656
2018-03-06,63.418060302734375
2018-03-07,63.3422966003418
2018-03-08,63.58639144897461
2018-03-09,64.38594818115234
2018-03-12,64.4532699584961
2018-03-13,64.00720977783203
2018-03-14,63.93987274169922
2018-03-15,63.83888626098633
2018-03-16,63.847320556640625
2018-03-19,63.17398452758789
2018-03-20,63.32548141479492
2018-03-21,63.37599563598633
2018-03-22,61.89466094970703
2018-03-23,60.85103225708008
2018-03-26,62.2844123840332
2018-03-27,61.4566650390625
2018-03-28,61.43132781982422
2018-03-29,62.191497802734375
2018-04-02,60.95829391479492
2018-04-03,61.60023880004883
2018-04-04,62.090145111083984
2018-04-05,62.41952896118164
2018-04-06,61.414432525634766
2018-04-09,61.78607177734375
2018-04-10,62.69828796386719
2018-04-11,62.411109924316406
2018-04-12,62.78274917602539
2018-04-13,62.61381149291992
2018-04-16,62.93480682373047
2018-04-17,63.44158935546875
2018-04-18,63.68653869628906
2018-04-19,63.272640228271484
2018-04-20,62.85877990722656
2018-04-23,62.78274917602539
2018-04-24,62.26750564575195
2018-04-25,62.24216842651367
2018-04-26,62.765872955322266
2018-04-27,62.875667572021484
2018-04-30,62.453330993652344
2018-05-01,62.41952896118164
2018-05-02,62.18304443359375
2018-05-03,62.15770721435547
2018-05-04,62.68985366821289
2018-05-07,62.78274917602539
2018-05-08,62.791168212890625
2018-05-09,63.17129898071289
2018-05-10,63.75407791137695
2018-05-11,63.88924789428711
2018-05-14,63.98215866088867
2018-05-15,63.40780258178711
2018-05-16,63.728755950927734
2018-05-17,63.71189498901367
2018-05-18,63.500694274902344
2018-05-21,63.863887786865234
2018-05-22,63.8047981262207
2018-05-23,63.618961334228516
2018-05-24,63.50914764404297
2018-05-25,63.29800033569336
2018-05-29,62.31820297241211
2018-05-30,63.129066467285156
2018-05-31,62.8080940246582
2018-06-01,63.41624069213867
2018-06-04,63.737213134765625
2018-06-05,63.720314025878906
2018-06-06,64.27779388427734
2018-06-07,64.05817413330078
2018-06-08,64.2017593383789
2018-06-11,64.36222839355469
2018-06-12,64.29469299316406
2018-06-13,64.10039520263672
2018-06-14,64.16796875
2018-06-15,63.897701263427734
2018-06-18,63.59362030029297
2018-06-19,63.162864685058594
2018-06-20,63.3824577331543
2018-06-21,62.85877990722656
2018-06-22,63.23405075073242
2018-06-25,62.33203125
2018-06-26,62.400108337402344
2018-06-27,61.812950134277344
2018-06-28,62.127803802490234
2018-06-29,62.434139251708984
2018-07-02,62.21288299560547
2018-07-03,62.14482879638672
2018-07-05,62.63835906982422
2018-07-06,63.0383415222168
2018-07-09,63.66801834106445
2018-07-10,63.77863311767578
2018-07-11,63.07235336303711
2018-07-12,63.56589889526367
2018-07-13,63.64249801635742
2018-07-16,63.5573844909668
2018-07-17,63.804161071777344
2018-07-18,63.84672927856445
2018-07-19,63.60844802856445
2018-07-20,63.727596282958984
2018-07-23,63.727596282958984
2018-07-24,64.00839233398438
2018-07-25,64.67214965820312
2018-07-26,64.39984893798828
2018-07-27,64.20413208007812
2018-07-30,63.982872009277344
2018-07-31,64.22962951660156
2018-08-01,63.99990463256836
2018-08-02,64.00839233398438
2018-08-03,64.22962951660156
2018-08-06,64.22962951660156
2018-08-07,64.4764175415039
2018-08-08,64.43389129638672
2018-08-09,64.28923797607422
2018-08-10,63.56589889526367
2018-08-13,63.22553253173828
2018-08-14,63.523353576660156
2018-08-15,62.81707763671875
2018-08-16,63.29359817504883
2018-08-17,63.574440002441406
2018-08-20,63.82120895385742
2018-08-21,64.07648468017578
2018-08-22,64.2466812133789
2018-08-23,63.9488410949707
2018-08-24,64.4083480834961
2018-08-27,65.08910369873047
2018-08-28,65.03804779052734
2018-08-29,65.3443832397461
2018-08-30,64.7997817993164
2018-08-31,64.78276824951172
2018-09-04,64.37433624267578
2018-09-05,63.9488410949707
2018-09-06,63.812679290771484
2018-09-07,63.523353576660156
2018-09-10,63.676544189453125
2018-09-11,63.804161071777344
2018-09-12,63.92329788208008
2018-09-13,64.32324981689453
2018-09-14,64.36580657958984
2018-09-17,64.13603973388672
2018-09-18,64.58704376220703
2018-09-19,64.74874877929688
2018-09-20,65.3529052734375
2018-09-21,65.33586883544922
2018-09-24,65.04656982421875
2018-09-25,65.13164520263672
2018-09-26,65.022216796875
2018-09-27,65.07352447509766
2018-09-28,64.8341064453125
2018-10-01,65.0393295288086
2018-10-02,64.73152923583984
2018-10-03,64.73152923583984
2018-10-04,64.02186584472656
2018-10-05,63.63712692260742
2018-10-08,63.50032424926758
2018-10-09,63.3464241027832
2018-10-10,61.55094528198242
2018-10-11,60.473663330078125
2018-10-12,61.15766143798828
2018-10-15,60.90116500854492
2018-10-16,62.106685638427734
2018-10-17,61.858734130859375
2018-10-18,60.90116500854492
2018-10-19,60.961021423339844
2018-10-22,60.79001998901367
2018-10-23,60.37105178833008
2018-10-24,58.524261474609375
2018-10-25,59.49897766113281
2018-10-26,58.77223205566406
2018-10-29,58.37037658691406
2018-10-30,59.22536087036133
2018-10-31,59.76399612426758
2018-11-01,60.70451354980469
2018-11-02,60.57625961303711
2018-11-05,60.738704681396484
2018-11-06,61.04650115966797
2018-11-07,62.0981330871582
2018-11-08,61.60224533081055
2018-11-09,61.11491775512695
2018-11-12,60.0376091003418
2018-11-13,60.131649017333984
2018-11-14,59.92645263671875
2018-11-15,60.456546783447266
2018-11-16,60.57625961303711
2018-11-19,59.74692153930664
2018-11-20,58.65251541137695
2018-11-21,59.1997184753418
2018-11-23,58.82351303100586
2018-11-26,59.67850875854492
2018-11-27,59.687076568603516
2018-11-28,60.8327522277832
2018-11-29,60.67885971069336
2018-11-30,60.798553466796875
2018-12-03,61.62791061401367
2018-12-04,59.8153076171875
2018-12-06,59.507530212402344
2018-12-07,58.41312789916992
2018-12-10,58.28487014770508
2018-12-11,58.31053161621094
2018-12-12,58.9432258605957
2018-12-13,58.83207321166992
2018-12-14,57.908687591552734
2018-12-17,56.951087951660156
2018-12-18,57.02803421020508
2018-12-19,56.292728424072266
2018-12-20,55.694252014160156
2018-12-21,54.72810363769531
2018-12-24,53.701961517333984
2018-12-26,55.70082473754883
2018-12-27,56.010986328125
2018-12-28,56.07129669189453
2018-12-31,56.398704528808594
2019-01-02,56.32976531982422
2019-01-03,55.45096206665039
2019-01-04,57.25165939331055
2019-01-07,57.60490036010742
2019-01-08,58.07014846801758
2019-01-09,58.61294937133789
2019-01-10,58.88002014160156
2019-01-11,58.65603256225586
2019-01-14,58.33723449707031
2019-01-15,58.86280822753906
2019-01-16,59.06096649169922
2019-01-17,59.39697265625
2019-01-18,60.04315948486328
2019-01-22,59.19019317626953
2019-01-23,59.32806396484375
2019-01-24,59.508975982666016
2019-01-25,60.11208724975586
2019-01-28,59.72435760498047
2019-01-29,59.758846282958984
2019-01-30,60.603179931640625
2019-01-31,60.90473937988281
2019-02-01,60.913352966308594
2019-02-04,61.23213577270508
2019-02-05,61.65430450439453
2019-02-06,61.39582824707031
2019-02-07,60.80134201049805
2019-02-08,60.68933868408203
2019-02-11,60.68933868408203
2019-02-12,61.43031692504883
2019-02-13,61.45614242553711
2019-02-14,61.447532653808594
2019-02-15,62.11954879760742
2019-02-19,62.274620056152344
2019-02-20,62.50727844238281
2019-02-21,62.274620056152344
2019-02-22,62.670963287353516
2019-02-25,62.83464813232422
2019-02-26,62.90357208251953
2019-02-27,62.8260383605957
2019-02-28,62.6192512512207
2019-03-01,62.93805694580078
2019-03-04,62.74851608276367
2019-03-05,62.83464813232422
2019-03-06,62.45558166503906
2019-03-07,61.79216003417969
2019-03-08,61.62846755981445
2019-03-11,62.45558166503906
2019-03-12,62.610652923583984
2019-03-13,62.97250747680664
2019-03-14,62.89497375488281
2019-03-15,63.38606262207031
2019-03-18,63.67041015625
2019-03-19,63.67902755737305
2019-03-20,63.57560348510742
2019-03-21,63.954715728759766
2019-03-22,62.65372848510742
2019-03-25,62.63728332519531
2019-03-26,63.00921630859375
2019-03-27,62.77568435668945
2019-03-28,62.94866180419922
2019-03-29,63.285972595214844
2019-04-01,64.09901428222656
2019-04-02,64.0903549194336
2019-04-03,64.35847473144531
2019-04-04,64.44497680664062
2019-04-05,64.70442962646484
2019-04-08,64.78229522705078
2019-04-09,64.43632507324219
2019-04-10,64.70442962646484
2019-04-11,64.5920181274414
2019-04-12,65.05042266845703
2019-04-15,64.9466323852539
2019-04-16,65.09364318847656
2019-04-17,65.01580810546875
2019-04-18,65.06771087646484
2019-04-22,65.00714874267578
2019-04-23,65.42233276367188
2019-04-24,65.06771087646484
2019-04-25,65.02442932128906
2019-04-26,65.33582305908203
2019-04-29,65.42233276367188
2019-04-30,65.48287963867188
2019-05-01,65.05905151367188
2019-05-02,64.96393585205078
2019-05-03,65.58666229248047
2019-05-06,65.12824249267578
2019-05-07,64.0470962524414
2019-05-08,64.0384750366211
2019-05-09,63.66655731201172
2019-05-10,63.97793197631836
2019-05-13,62.369171142578125
2019-05-14,63.017852783203125
2019-05-15,63.311946868896484
2019-05-16,63.778987884521484
2019-05-17,63.2686767578125
2019-05-20,62.9140625
2019-05-21,63.46762466430664
2019-05-22,63.18219757080078
2019-05-23,62.47296142578125
2019-05-24,62.75837707519531
2019-05-28,62.26538848876953
2019-05-29,61.954010009765625
2019-05-30,62.17024230957031
2019-05-31,61.57345199584961
2019-06-03,61.66860580444336
2019-06-04,62.723785400390625
2019-06-05,62.940025329589844
2019-06-06,63.23409652709961
2019-06-07,63.8741340637207
2019-06-10,64.14227294921875
2019-06-11,64.32388305664062
2019-06-12,64.01250457763672
2019-06-13,64.19414520263672
2019-06-14,63.89142990112305
2019-06-17,63.97944641113281
2019-06-18,64.76372528076172
2019-06-19,65.0687255859375
2019-06-20,65.70481872558594
2019-06-21,65.46955108642578
2019-06-24,65.44340515136719
2019-06-25,64.87699890136719
2019-06-26,64.9118423461914
2019-06-27,65.19942474365234
2019-06-28,65.49568939208984
2019-07-01,66.06214904785156
2019-07-02,66.15798950195312
2019-07-03,66.58497619628906
2019-07-05,66.32353973388672
2019-07-08,66.00982666015625
2019-07-09,65.90528106689453
2019-07-10,66.22769165039062
2019-07-11,66.26255798339844
2019-07-12,66.48912811279297
2019-07-15,66.50653839111328
2019-07-16,66.27996826171875
2019-07-17,65.96626281738281
2019-07-18,66.23641204833984
2019-07-19,65.97498321533203
2019-07-22,66.0447006225586
2019-07-23,66.4716796875
2019-07-24,66.68954467773438
2019-07-25,66.21026611328125
2019-07-26,66.5414047241211
2019-07-29,66.48039245605469
2019-07-30,66.09698486328125
2019-07-31,65.49568939208984
2019-08-01,64.97286224365234
2019-08-02,64.37158203125
2019-08-05,62.57644271850586
2019-08-06,63.27359390258789
2019-08-07,63.45659255981445
2019-08-08,64.4412841796875
2019-08-09,63.9445915222168
2019-08-12,63.27359390258789
2019-08-13,64.0752944946289
2019-08-14,62.201751708984375
2019-08-15,62.42832565307617
2019-08-16,63.291015625
2019-08-19,63.831275939941406
2019-08-20,63.48273468017578
2019-08-21,64.01429748535156
2019-08-22,63.88357925415039
2019-08-23,62.5677375793457
2019-08-26,63.177703857421875
2019-08-27,62.9773063659668
2019-08-28,63.29971694946289
2019-08-29,64.00557708740234
2019-08-30,64.1188735961914
2019-09-03,63.77901077270508
2019-09-04,64.56326293945312
2019-09-05,65.2952651977539
2019-09-06,65.40853881835938
2019-09-09,65.46084594726562
2019-09-10,65.48698425292969
2019-09-11,65.9488296508789
2019-09-12,66.2451171875
2019-09-13,66.3758316040039
2019-09-16,66.1318359375
2019-09-17,66.26255798339844
2019-09-18,66.21026611328125
2019-09-19,66.25383758544922
2019-09-20,66.03597259521484
2019-09-23,66.0185546875
2019-09-24,65.58470153808594
2019-09-25,65.72493743896484
2019-09-26,65.7512435913086
2019-09-27,65.33930206298828
2019-09-30,65.57593536376953
2019-10-01,64.87479400634766
2019-10-02,63.8055305480957
2019-10-03,64.29634094238281
2019-10-04,64.97994995117188
2019-10-07,64.76961517333984
2019-10-08,63.91946792602539
2019-10-09,64.45409393310547
2019-10-10,64.90107727050781
2019-10-11,65.76876831054688
2019-10-14,65.60223388671875
2019-10-15,66.2858657836914
2019-10-16,66.25082397460938
2019-10-17,66.43487548828125
2019-10-18,66.2332763671875
2019-10-21,66.69780731201172
2019-10-22,66.51374053955078
2019-10-23,66.70655059814453
2019-10-24,66.84679412841797
2019-10-25,67.10095977783203
2019-10-28,67.46033477783203
2019-10-29,67.39897155761719
2019-10-30,67.60932159423828
2019-10-31,67.40771484375
2019-11-01,68.0738296508789
2019-11-04,68.39811706542969
2019-11-05,68.40686798095703
2019-11-06,68.39811706542969
2019-11-07,68.61724090576172
2019-11-08,68.6698226928711
2019-11-11,68.49453735351562
2019-11-12,68.54710388183594
2019-11-13,68.42440032958984
2019-11-14,68.44194793701172
2019-11-15,68.92398071289062
2019-11-18,68.9502944946289
2019-11-19,68.9677963256836
2019-11-20,68.6259994506836
2019-11-21,68.54710388183594
2019-11-22,68.69611358642578
2019-11-25,69.22199249267578
2019-11-26,69.2833480834961
2019-11-27,69.56378936767578
2019-11-29,69.13432312011719
2019-12-02,68.64351654052734
2019-12-03,68.28416442871094
2019-12-04,68.80128479003906
2019-12-05,68.86262512207031
2019-12-06,69.47612762451172
2019-12-09,69.23948669433594
2019-12-10,69.17813110351562
2019-12-11,69.47612762451172
2019-12-12,70.115966796875
2019-12-13,70.23866271972656
2019-12-16,70.83464050292969
2019-12-17,70.80835723876953
2019-12-18,70.83464050292969
2019-12-19,71.0186996459961
2019-12-20,71.22905731201172
2019-12-23,71.32708740234375
2019-12-24,71.30058288574219
2019-12-26,71.62731170654297
2019-12-27,71.71562194824219
2019-12-30,71.29174041748047
2019-12-31,71.52134704589844
2020-01-02,72.24549865722656
2020-01-03,71.59200286865234
2020-01-06,71.85691833496094
2020-01-07,71.63615417480469
2020-01-08,71.92757415771484
2020-01-09,72.28079986572266
2020-01-10,72.13068389892578
2020-01-13,72.64286804199219
2020-01-14,72.61639404296875
2020-01-15,72.62520599365234
2020-01-16,73.14623260498047
2020-01-17,73.36699676513672
2020-01-21,72.89897155761719
2020-01-22,72.9961166381836
2020-01-23,72.9166488647461
2020-01-24,72.34261322021484
2020-01-27,71.00031280517578
2020-01-28,71.69799041748047
2020-01-29,71.62731170654297
2020-01-30,71.62731170654297
2020-01-31,70.40866088867188
2020-02-03,70.79721069335938
2020-02-04,71.96289825439453
2020-02-05,72.61639404296875
2020-02-06,72.84597778320312
2020-02-07,72.25432586669922
2020-02-10,72.634033203125
2020-02-11,72.9961166381836
2020-02-12,73.44645690917969
2020-02-13,73.18156433105469
2020-02-14,73.23453521728516
2020-02-18,72.9166488647461
2020-02-19,73.30517578125
2020-02-20,72.89897155761719
2020-02-21,72.30728912353516
2020-02-24,69.82579803466797
2020-02-25,68.16560363769531
2020-02-26,68.05081176757812
2020-02-27,65.53401184082031
2020-02-28,65.32206726074219
2020-03-02,67.11474609375
2020-03-03,65.81659698486328
2020-03-04,68.01549530029297
2020-03-05,66.07267761230469
2020-03-06,64.90702056884766
2020-03-09,59.78508758544922
2020-03-10,62.49619674682617
2020-03-11,59.40536880493164
2020-03-12,53.32972717285156
2020-03-13,57.5773811340332
2020-03-16,50.8747444152832
2020-03-17,53.79775619506836
2020-03-18,50.37137222290039
2020-03-19,50.86591339111328
2020-03-20,49.47945785522461
2020-03-23,48.301185607910156
2020-03-24,52.716392517089844
2020-03-25,53.92214584350586
2020-03-26,56.65282440185547
2020-03-27,54.764400482177734
2020-03-30,56.21839141845703
2020-03-31,55.677581787109375
2020-04-01,53.221744537353516
2020-04-02,54.312232971191406
2020-04-03,53.36358642578125
2020-04-06,56.63508224487305
2020-04-07,56.84788131713867
2020-04-08,58.21322250366211
2020-04-09,59.29484176635742
2020-04-13,58.76288604736328
2020-04-14,60.17257308959961
2020-04-15,58.603302001953125
2020-04-16,58.83382797241211
2020-04-17,60.38534927368164
2020-04-20,59.48103332519531
2020-04-21,57.79651641845703
2020-04-22,59.064334869384766
2020-04-23,59.019996643066406
2020-04-24,59.667213439941406
2020-04-27,60.67792892456055
2020-04-28,60.67792892456055
2020-04-29,62.40677261352539
2020-04-30,61.44926071166992
2020-05-01,59.85340881347656
2020-05-04,60.030723571777344
2020-05-05,60.45629119873047
2020-05-06,60.10163497924805
2020-05-07,60.91729736328125
2020-05-08,61.99006271362305
2020-05-11,61.9812126159668
2020-05-12,60.91729736328125
2020-05-13,60.066162109375
2020-05-14,60.34101867675781
2020-05-15,60.45629119873047
2020-05-18,62.584075927734375
2020-05-19,61.954612731933594
2020-05-20,63.02737045288086
2020-05-21,62.48657989501953
2020-05-22,62.424495697021484
2020-05-26,63.61252212524414
2020-05-27,64.4725112915039
2020-05-28,64.5079574584961
2020-05-29,64.64982604980469
2020-06-01,65.48323059082031
2020-06-02,66.21023559570312
2020-06-03,67.38936614990234
2020-06-04,67.06135559082031
2020-06-05,68.6749267578125
2020-06-08,69.53491973876953
2020-06-09,68.80789947509766
2020-06-10,68.60399627685547
2020-06-11,64.69416046142578
2020-06-12,65.66940307617188
2020-06-15,66.06836700439453
2020-06-16,67.19432830810547
2020-06-17,67.0968017578125
2020-06-18,67.03475952148438
2020-06-19,66.72447204589844
2020-06-22,67.31238555908203
2020-06-23,67.58855438232422
2020-06-24,65.96722412109375
2020-06-25,66.70660400390625
2020-06-26,65.4238052368164
2020-06-29,66.20775604248047
2020-06-30,66.63536834716797
2020-07-01,67.08074951171875
2020-07-02,67.68656921386719
2020-07-06,68.93372344970703
2020-07-07,68.12306213378906
2020-07-08,68.80010223388672
2020-07-09,68.36358642578125
2020-07-10,68.9159164428711
2020-07-13,68.36358642578125
2020-07-14,69.16535949707031
2020-07-15,69.89584350585938
2020-07-16,69.50387573242188
2020-07-17,69.75332641601562
2020-07-20,70.31454467773438
2020-07-21,70.58180236816406
2020-07-22,70.86687469482422
2020-07-23,70.11856079101562
2020-07-24,69.74439239501953
2020-07-27,70.49271392822266
2020-07-28,70.01165008544922
2020-07-29,70.90249633789062
2020-07-30,70.43925476074219
2020-07-31,70.1630859375
2020-08-03,70.98268127441406
2020-08-04,71.33904266357422
2020-08-05,71.82008361816406
2020-08-06,72.13186645507812
2020-08-07,71.88245391845703
2020-08-10,72.07843017578125
2020-08-11,71.85572814941406
2020-08-12,72.93362426757812
2020-08-13,72.73767852783203
2020-08-14,72.60401916503906
2020-08-17,73.0494613647461
2020-08-18,73.1117935180664
2020-08-19,72.7465591430664
2020-08-20,72.76436614990234
2020-08-21,72.83563995361328
2020-08-24,73.5928726196289
2020-08-25,73.8512191772461
2020-08-26,74.43026733398438
2020-08-27,74.26100158691406
2020-08-28,74.80439758300781
2020-08-31,74.3768081665039
2020-09-01,74.93803405761719
2020-09-02,75.78433990478516
2020-09-03,73.51268768310547
2020-09-04,73.23651123046875
2020-09-08,71.5439224243164
2020-09-09,72.85346221923828
2020-09-10,71.8289794921875
2020-09-11,72.1140365600586
2020-09-14,73.02275085449219
2020-09-15,73.4503173828125
2020-09-16,73.32560729980469
2020-09-17,72.93362426757812
2020-09-18,72.29222869873047
2020-09-21,71.23848724365234
2020-09-22,71.56974029541016
2020-09-23,70.19097900390625
2020-09-24,70.22679138183594
2020-09-25,70.99673461914062
2020-09-28,72.11587524414062
2020-09-29,71.85621643066406
2020-09-30,72.19641876220703
2020-10-01,72.77838134765625
2020-10-02,72.31282043457031
2020-10-05,73.50354766845703
2020-10-06,72.75151824951172
2020-10-07,73.78111267089844
2020-10-08,74.3899154663086
2020-10-09,74.95391845703125
2020-10-12,75.77759552001953
2020-10-13,75.2851791381836
2020-10-14,74.95391845703125
2020-10-15,74.5958251953125
2020-10-16,74.63163757324219
2020-10-19,73.92434692382812
2020-10-20,74.27349853515625
2020-10-21,74.08549499511719
2020-10-22,74.37200927734375
2020-10-23,74.71220397949219
2020-10-26,73.38719177246094
2020-10-27,73.07382202148438
2020-10-28,70.80873107910156
2020-10-29,71.4264907836914
2020-10-30,70.71918487548828
2020-11-02,71.59660339355469
2020-11-03,72.94847869873047
2020-11-04,74.31828308105469
2020-11-05,75.89399719238281
2020-11-06,75.98351287841797
2020-11-09,77.20112609863281
2020-11-10,77.25483703613281
2020-11-11,77.74725341796875
2020-11-12,76.92356872558594
2020-11-13,78.00686645507812
2020-11-16,79.00066375732422
2020-11-17,78.83951568603516
2020-11-18,78.1590805053711
2020-11-19,78.64254760742188
2020-11-20,78.51719665527344
2020-11-23,78.90218353271484
2020-11-24,80.10188293457031
2020-11-25,79.9765396118164
2020-11-27,80.3704605102539
2020-11-30,79.4662094116211
2020-12-01,80.64800262451172
2020-12-02,80.70172119140625
2020-12-03,80.9703140258789
2020-12-04,81.74919891357422
2020-12-07,81.48957824707031
2020-12-08,81.74919891357422
2020-12-09,81.24784088134766
2020-12-10,81.48062133789062
2020-12-11,81.26573181152344
2020-12-14,81.08668518066406
2020-12-15,82.13420104980469
2020-12-16,82.3311538696289
2020-12-17,82.859375
2020-12-18,82.59973907470703
2020-12-21,82.00709533691406
2020-12-22,81.92603302001953
2020-12-23,82.30431365966797
2020-12-24,82.49346923828125
2020-12-28,82.87174987792969
2020-12-29,83.03388214111328
2020-12-30,83.32208251953125
2020-12-31,83.38513946533203
2021-01-04,82.90776062011719
2021-01-05,83.81745910644531
2021-01-06,84.41191101074219
2021-01-07,85.26756286621094
2021-01-08,86.04215240478516
2021-01-11,85.26756286621094
2021-01-12,85.591796875
2021-01-13,85.66387176513672
2021-01-14,85.80795288085938
2021-01-15,84.9162826538086
2021-01-19,85.65486145019531
2021-01-20,86.69063568115234
2021-01-21,86.71764373779297
2021-01-22,86.31233215332031
2021-01-25,86.50150299072266
2021-01-26,86.24929809570312
2021-01-27,84.17772674560547
2021-01-28,84.86225891113281
2021-01-29,83.19599151611328
2021-02-01,84.61904907226562
2021-02-02,85.78995513916016
2021-02-03,85.9250717163086
2021-02-04,86.51948547363281
2021-02-05,87.05091857910156
2021-02-08,87.65438079833984
2021-02-09,87.924560546875
2021-02-10,87.91558837890625
2021-02-11,88.36589050292969
2021-02-12,88.78922271728516
2021-02-16,88.90631866455078
2021-02-17,88.61809539794922
2021-02-18,88.14073181152344
2021-02-19,88.36589050292969
2021-02-22,87.42020416259766
2021-02-23,87.58230590820312
2021-02-24,88.14073181152344
2021-02-25,86.13220977783203
2021-02-26,85.4206771850586
2021-03-01,87.44722747802734
2021-03-02,86.8797836303711
2021-03-03,85.96109008789062
2021-03-04,84.70915985107422
2021-03-05,85.87101745605469
2021-03-08,85.25856018066406
2021-03-09,86.58255767822266
2021-03-10,86.98786926269531
2021-03-11,88.1047134399414
2021-03-12,88.11372375488281
2021-03-15,88.48300170898438
2021-03-16,88.41094207763672
2021-03-17,88.78922271728516
2021-03-18,87.49224853515625
2021-03-19,87.58230590820312
2021-03-22,87.97330474853516
2021-03-23,86.88066101074219
2021-03-24,86.1853256225586
2021-03-25,86.6819839477539
2021-03-26,88.03653717041016
2021-03-29,87.70240783691406
2021-03-30,87.68434143066406
2021-03-31,87.85594940185547
2021-04-01,89.01182556152344
2021-04-05,90.0322494506836
2021-04-06,89.84259796142578
2021-04-07,89.70716094970703
2021-04-08,90.27606201171875
2021-04-09,90.61017608642578
2021-04-12,90.42054748535156
2021-04-13,90.7636947631836
2021-04-14,90.72755432128906
2021-04-15,91.603515625
2021-04-16,91.95569610595703
2021-04-19,91.5403060913086
2021-04-20,90.51083374023438
2021-04-21,91.43191528320312
2021-04-22,90.85398864746094
2021-04-23,91.91053771972656
2021-04-26,92.18145751953125
2021-04-27,92.08212280273438
2021-04-28,92.25369262695312
2021-04-29,92.46138000488281
2021-04-30,91.48611450195312
2021-05-03,91.91053771972656
2021-05-04,91.01651763916016
2021-05-05,91.42288970947266
2021-05-06,92.0279541015625
2021-05-07,92.89483642578125
2021-05-10,91.95569610595703
2021-05-11,91.15201568603516
2021-05-12,89.18339538574219
2021-05-13,90.01416778564453
2021-05-14,91.46806335449219
2021-05-17,91.28746032714844
2021-05-18,91.12491607666016
2021-05-19,90.64630126953125
2021-05-20,91.68477630615234
2021-05-21,91.55835723876953
2021-05-24,92.28981018066406
2021-05-25,92.30786895751953
2021-05-26,92.53363800048828
2021-05-27,92.66910552978516
2021-05-28,92.93096923828125
2021-06-01,93.28315734863281
2021-06-02,93.41859436035156
2021-06-03,92.90388488769531
2021-06-04,93.7888412475586
2021-06-07,93.85205841064453
2021-06-08,93.8249740600586
2021-06-09,93.58113861083984
2021-06-10,94.04169464111328
2021-06-11,94.21327209472656
2021-06-14,94.37582397460938
2021-06-15,94.18619537353516
2021-06-16,93.57212829589844
2021-06-17,93.32828521728516
2021-06-18,91.9466781616211
2021-06-21,93.21265411376953
2021-06-22,93.4486312866211
2021-06-23,93.3125
2021-06-24,93.99314880371094
2021-06-25,94.3652572631836
2021-06-28,94.26541137695312
2021-06-29,94.28357696533203
2021-06-30,94.0294418334961
2021-07-01,94.37429809570312
2021-07-02,94.77363586425781
2021-07-06,94.29263305664062
2021-07-07,94.52860260009766
2021-07-08,93.4486312866211
2021-07-09,94.82808685302734
2021-07-12,95.05496978759766
2021-07-13,94.61026763916016
2021-07-14,94.6828842163086
2021-07-15,94.27448272705078
2021-07-16,93.54846954345703
2021-07-19,92.13270568847656
2021-07-20,93.23991394042969
2021-07-21,94.19280242919922
2021-07-22,94.29263305664062
2021-07-23,94.9097671508789
2021-07-26,94.80084991455078
2021-07-27,94.18373107910156
2021-07-28,94.6828842163086
2021-07-29,95.14573669433594
2021-07-30,94.61026763916016
2021-08-02,94.6828842163086
2021-08-03,95.38166809082031
2021-08-04,95.0731201171875
2021-08-05,95.54503631591797
2021-08-06,95.46336364746094
2021-08-09,95.41796875
2021-08-10,95.49059295654297
2021-08-11,95.87173461914062
2021-08-12,95.87173461914062
2021-08-13,96.08953857421875
2021-08-16,95.87173461914062
2021-08-17,94.97328186035156
2021-08-18,94.33800506591797
2021-08-19,93.84793090820312
2021-08-20,94.41968536376953
2021-08-23,95.40890502929688
2021-08-24,95.92619323730469
2021-08-25,96.09861755371094
2021-08-26,95.46336364746094
2021-08-27,96.47979736328125
2021-08-30,96.70667266845703
2021-08-31,96.7520523071289
2021-09-01,97.22396850585938
2021-09-02,97.52342987060547
2021-09-03,97.6958999633789
2021-09-07,97.4327163696289
2021-09-08,96.94264221191406
2021-09-09,96.68854522705078
2021-09-10,96.19844055175781
2021-09-13,96.54331970214844
2021-09-14,95.97157287597656
2021-09-15,96.55239868164062
2021-09-16,96.33460235595703
2021-09-17,95.38166809082031
2021-09-20,93.6615219116211
2021-09-21,93.95307159423828
2021-09-22,94.85506439208984
2021-09-23,95.92105865478516
2021-09-24,95.57483673095703
2021-09-27,95.51105499267578
2021-09-28,93.52485656738281
2021-09-29,93.41551971435547
2021-09-30,92.77774047851562
2021-10-01,93.52485656738281
2021-10-04,92.43152618408203
2021-10-05,93.15129852294922
2021-10-06,93.15129852294922
2021-10-07,94.0715103149414
2021-10-08,93.98040008544922
2021-10-11,93.4884033203125
2021-10-12,93.41551971435547
2021-10-13,94.08061981201172
2021-10-14,95.38349151611328
2021-10-15,96.05769348144531
2021-10-18,96.14883422851562
2021-10-19,96.84127807617188
2021-10-20,97.19660186767578
2021-10-21,97.15103149414062
2021-10-22,97.20570373535156
2021-10-25,97.52460479736328
2021-10-26,97.47903442382812
2021-10-27,96.90503692626953
2021-10-28,97.77970123291016
2021-10-29,97.55193328857422
2021-11-01,98.15325164794922
2021-11-02,98.1714859008789
2021-11-03,98.82747650146484
2021-11-04,98.99146270751953
2021-11-05,99.31035614013672
2021-11-08,99.5199203491211
2021-11-09,99.24657440185547
2021-11-10,98.28993225097656
2021-11-11,98.59972381591797
2021-11-12,99.25569915771484
2021-11-15,99.20101165771484
2021-11-16,99.37416076660156
2021-11-17,99.00971221923828
2021-11-18,99.04612731933594
2021-11-19,98.59972381591797
2021-11-22,98.03479766845703
2021-11-23,98.01659393310547
2021-11-24,98.07124328613281
2021-11-26,95.60218048095703
2021-11-29,96.44949340820312
2021-11-30,95.00082397460938
2021-12-01,93.99861145019531
2021-12-02,95.44727325439453
2021-12-03,94.5634994506836
2021-12-06,95.60218048095703
2021-12-07,97.57925415039062
2021-12-08,97.94371032714844
2021-12-09,97.06904602050781
2021-12-10,97.56103515625
2021-12-13,96.57704162597656
2021-12-14,95.9757080078125
2021-12-15,97.18749237060547
2021-12-16,96.64081573486328
2021-12-17,95.75704956054688
2021-12-20,94.8803939819336
2021-12-21,96.48681640625
2021-12-22,97.37725830078125
2021-12-23,98.00145721435547
2021-12-27,99.03875732421875
2021-12-28,98.92860412597656
2021-12-29,98.96532440185547
2021-12-30,98.8826904296875
2021-12-31,98.61649322509766
2022-01-03,99.1856460571289
2022-01-04,99.22234344482422
2022-01-05,97.53330993652344
2022-01-06,97.4415054321289
2022-01-07,97.30381774902344
2022-01-10,96.98252868652344
2022-01-11,98.10246276855469
2022-01-12,98.64402770996094
2022-01-13,97.42314147949219
2022-01-14,97.41397857666016
2022-01-18,95.7432861328125
2022-01-19,95.2016830444336
2022-01-20,94.42141723632812
2022-01-21,92.8149642944336
2022-01-24,92.6956558227539
2022-01-25,91.77769470214844
2022-01-26,91.36460876464844
2022-01-27,90.67613983154297
2022-01-28,92.17241668701172
2022-01-31,94.10011291503906
2022-02-01,94.84367370605469
2022-02-02,95.40362548828125
2022-02-03,93.55854034423828
2022-02-04,93.97162628173828
2022-02-07,93.86145782470703
2022-02-08,94.57745361328125
2022-02-09,96.11963653564453
2022-02-10,94.73352813720703
2022-02-11,93.09037017822266
2022-02-14,92.62222290039062
2022-02-15,94.24700164794922
2022-02-16,94.53157043457031
2022-02-17,92.704833984375
2022-02-18,92.05309295654297
2022-02-22,90.9607162475586
2022-02-23,89.69391632080078
2022-02-24,90.0702896118164
2022-02-25,92.06227111816406
2022-02-28,91.49311065673828
2022-03-01,89.96931457519531
2022-03-02,91.30953216552734
2022-03-03,90.3548583984375
2022-03-04,89.03298950195312
2022-03-07,86.19650268554688
2022-03-08,86.10469818115234
2022-03-09,88.70252227783203
2022-03-10,88.01407623291016
2022-03-11,86.89413452148438
2022-03-14,86.35254669189453
2022-03-15,87.72030639648438
2022-03-16,90.50172424316406
2022-03-17,91.44721984863281
2022-03-18,92.4202651977539
2022-03-21,92.18743133544922
2022-03-22,93.2365951538086
2022-03-23,92.09538269042969
2022-03-24,93.13534545898438
2022-03-25,93.34700775146484
2022-03-28,93.65071105957031
2022-03-29,95.16922760009766
2022-03-30,94.64464569091797
2022-03-31,93.21817779541016
2022-04-01,93.8163833618164
2022-04-04,94.5802230834961
2022-04-05,93.21817779541016
2022-04-06,92.17823028564453
2022-04-07,92.38990020751953
2022-04-08,92.16900634765625
2022-04-11,90.88058471679688
2022-04-12,90.50325012207031
2022-04-13,91.61681365966797
2022-04-14,90.74253845214844
2022-04-18,90.48485565185547
2022-04-19,91.51559448242188
2022-04-20,91.5892105102539
2022-04-21,90.19034576416016
2022-04-22,88.14726257324219
2022-04-25,88.24850463867188
2022-04-26,85.83728790283203
2022-04-27,86.15938568115234
2022-04-28,87.94478607177734
2022-04-29,85.671630859375
2022-05-02,85.94771575927734
2022-05-03,86.40787506103516
2022-05-04,88.47858428955078
2022-05-05,85.45994567871094
2022-05-06,84.61328887939453
2022-05-09,81.80633544921875
2022-05-10,82.09162902832031
2022-05-11,81.04246520996094
2022-05-12,80.9228286743164
2022-05-13,83.15919494628906
2022-05-16,82.89229583740234
2022-05-17,84.60407257080078
2022-05-18,81.78792572021484
2022-05-19,81.99957275390625
2022-05-20,82.22969055175781
2022-05-23,83.51811981201172
2022-05-24,82.8094711303711
2022-05-25,83.39846801757812
2022-05-26,84.80654907226562
2022-05-27,86.5183334350586
2022-05-31,86.09498596191406
2022-06-01,85.45076751708984
2022-06-02,87.18094635009766
2022-06-03,85.78206634521484
2022-06-06,86.11337280273438
2022-06-07,86.74839782714844
2022-06-08,85.89252471923828
2022-06-09,83.95064544677734
2022-06-10,81.75110626220703
2022-06-13,78.70487213134766
2022-06-14,78.45641326904297
2022-06-15,79.6988296508789
2022-06-16,77.19557189941406
2022-06-17,77.27839660644531
2022-06-21,78.89865112304688
2022-06-22,78.4537353515625
2022-06-23,78.92645263671875
2022-06-24,81.2993392944336
2022-06-27,81.09542083740234
2022-06-28,79.94605255126953
2022-06-29,79.70503997802734
2022-06-30,79.10255432128906
2022-07-01,79.59382629394531
2022-07-05,79.17670440673828
2022-07-06,79.22306823730469
2022-07-07,80.48365020751953
2022-07-08,80.45584869384766
2022-07-11,79.26014709472656
2022-07-12,78.80595397949219
2022-07-13,78.52787780761719
2022-07-14,77.9253921508789
2022-07-15,79.23233032226562
2022-07-18,79.09329986572266
2022-07-19,81.11396026611328
2022-07-20,81.38277435302734
2022-07-21,82.24479675292969
2022-07-22,81.54034423828125
2022-07-25,81.84622192382812
2022-07-26,80.85445404052734
2022-07-27,82.81021118164062
2022-07-28,83.61662292480469
2022-07-29,84.626953125
2022-08-01,84.42303466796875
2022-08-02,83.76492309570312
2022-08-03,84.7567367553711
2022-08-04,84.89575958251953
2022-08-05,84.70111846923828
2022-08-08,84.82160186767578
2022-08-09,84.36741638183594
2022-08-10,86.23050689697266
2022-08-11,86.28612518310547
2022-08-12,87.45401763916016
2022-08-15,87.47257995605469
2022-08-16,87.57453155517578
2022-08-17,86.87934112548828
2022-08-18,86.88861846923828
2022-08-19,85.67436981201172
2022-08-22,84.08934020996094
2022-08-23,84.0522689819336
2022-08-24,84.33033752441406
2022-08-25,85.55387878417969
2022-08-26,83.0141372680664
2022-08-29,82.55995178222656
2022-08-30,81.7257080078125
2022-08-31,81.1973876953125
2022-09-01,80.90077209472656
2022-09-02,80.21485137939453
2022-09-06,79.8255615234375
2022-09-07,80.98419952392578
2022-09-08,81.36422729492188
2022-09-09,82.91217041015625
2022-09-12,83.89466857910156
2022-09-13,80.60416412353516
2022-09-14,80.9378662109375
2022-09-15,80.1128921508789
2022-09-16,79.44554138183594
2022-09-19,79.93257904052734
2022-09-20,78.88954162597656
2022-09-21,77.64161682128906
2022-09-22,77.0362777709961
2022-09-23,75.2761459350586
2022-09-26,74.37279510498047
2022-09-27,74.121337890625
2022-09-28,75.66727447509766
2022-09-29,74.24240112304688
2022-09-30,73.46012115478516
2022-10-03,75.2761459350586
2022-10-04,77.82786560058594
2022-10-05,77.45536041259766
2022-10-06,76.5892562866211
2022-10-07,74.73599243164062
2022-10-10,74.10269927978516
2022-10-11,73.45081329345703
2022-10-12,73.2645492553711
2022-10-13,74.83842468261719
2022-10-14,73.27386474609375
2022-10-17,75.2016372680664
2022-10-18,75.92802429199219
2022-10-19,75.12712860107422
2022-10-20,74.77325439453125
2022-10-21,76.32850646972656
2022-10-24,76.4775161743164
2022-10-25,77.88375091552734
2022-10-26,77.90237426757812
2022-10-27,77.46466064453125
2022-10-28,78.70328521728516
2022-10-31,78.1445083618164
2022-11-01,78.3028335571289
2022-11-02,76.6544418334961
2022-11-03,76.06773376464844
2022-11-04,77.84648132324219
2022-11-07,78.35871124267578
2022-11-08,78.91749572753906
2022-11-09,77.39947509765625
2022-11-10,81.59027862548828
2022-11-11,82.7823486328125
2022-11-14,81.98141479492188
2022-11-15,82.81026458740234
2022-11-16,82.1117935180664
2022-11-17,81.91622161865234
2022-11-18,82.1117935180664
2022-11-21,81.6275405883789
2022-11-22,82.67990112304688
2022-11-23,83.31315612792969
2022-11-25,83.40629577636719
2022-11-28,82.20492553710938
2022-11-29,82.37255096435547
2022-11-30,84.61698150634766
2022-12-01,84.81254577636719
2022-12-02,84.76598358154297
2022-12-05,83.30384063720703
2022-12-06,82.41913604736328
2022-12-07,82.27943420410156
2022-12-08,82.90338897705078
2022-12-09,82.47499084472656
2022-12-12,83.2386703491211
2022-12-13,84.01164245605469
2022-12-14,83.66706085205078
2022-12-15,81.599609375
2022-12-16,80.8359375
2022-12-19,80.34619140625
2022-12-20,80.53384399414062
2022-12-21,81.58460998535156
2022-12-22,80.5995101928711
2022-12-23,80.97480010986328
2022-12-27,80.96542358398438
2022-12-28,79.95216369628906
2022-12-29,81.331298828125
2022-12-30,80.86222076416016
2023-01-03,80.90911102294922
2023-01-04,81.9035873413086
2023-01-05,81.0592269897461
2023-01-06,82.91682434082031
2023-01-09,83.11384582519531
2023-01-10,83.56417846679688
2023-01-11,84.4085464477539
2023-01-12,85.00898742675781
2023-01-13,85.44994354248047
2023-01-17,85.43115997314453
2023-01-18,84.51175689697266
2023-01-19,84.136474609375
2023-01-20,85.4405517578125
2023-01-23,86.24739074707031
2023-01-24,86.16294860839844
2023-01-25,86.32245635986328
2023-01-26,87.0542221069336
2023-01-27,87.11052703857422
2023-01-30,86.05036926269531
2023-01-31,87.04484558105469
2023-02-01,87.99242401123047
2023-02-02,88.7054443359375
2023-02-03,87.72034454345703
2023-02-06,86.9322738647461
2023-02-07,87.8610610961914
2023-02-08,87.138671875
2023-02-09,86.70711517333984
2023-02-10,86.5476303100586
2023-02-13,87.50456237792969
2023-02-14,87.56085968017578
2023-02-15,87.60774230957031
2023-02-16,86.77275848388672
2023-02-17,86.57575225830078
2023-02-21,85.11219787597656
2023-02-22,84.83073425292969
2023-02-23,85.28105926513672
2023-02-24,84.17401123046875
2023-02-27,84.6430892944336
2023-02-28,84.27720642089844
2023-03-01,84.44608306884766
2023-03-02,84.88701629638672
2023-03-03,86.10665893554688
2023-03-06,85.9753189086914
2023-03-07,84.661865234375
2023-03-08,84.88701629638672
2023-03-09,83.48912048339844
2023-03-10,82.33515930175781
2023-03-13,82.07246398925781
2023-03-14,83.1607666015625
2023-03-15,81.88483428955078
2023-03-16,83.24519348144531
2023-03-17,82.2601089477539
2023-03-20,83.14957427978516
2023-03-21,84.24141693115234
2023-03-22,83.27194213867188
2023-03-23,83.46958923339844
2023-03-24,83.67667388916016
2023-03-27,83.99669647216797
2023-03-28,84.0814208984375
2023-03-29,85.11677551269531
2023-03-30,85.77566528320312
2023-03-31,86.67924499511719
2023-04-03,87.08399200439453
2023-04-04,86.71690368652344
2023-04-05,86.29334259033203
2023-04-06,86.57571411132812
2023-04-10,86.67924499511719
2023-04-11,86.88631439208984
2023-04-12,86.76396179199219
2023-04-13,87.9028549194336
2023-04-14,87.62989807128906
2023-04-17,87.83698272705078
2023-04-18,87.98756408691406
2023-04-19,87.78050231933594
2023-04-20,87.4604721069336
2023-04-21,87.48870849609375
2023-04-24,87.58284759521484
2023-04-25,86.15215301513672
2023-04-26,85.96390533447266
2023-04-27,87.39459228515625
2023-04-28,87.91229248046875
2023-05-01,87.8087387084961
2023-05-02,86.8204345703125
2023-05-03,86.51922607421875
2023-05-04,86.21803283691406
2023-05-05,87.68638610839844
2023-05-08,87.73345184326172
2023-05-09,87.37577056884766
2023-05-10,87.55460357666016
2023-05-11,87.34752655029297
2023-05-12,87.10282135009766
2023-05-15,87.69579315185547
2023-05-16,86.94280242919922
2023-05-17,87.76168060302734
2023-05-18,88.23229217529297
2023-05-19,88.2417221069336
2023-05-22,88.3829116821289
2023-05-23,87.2722396850586
2023-05-24,86.49099731445312
2023-05-25,86.75454711914062
2023-05-26,87.8087387084961
2023-05-30,87.49813842773438
2023-05-31,86.84867095947266
2023-06-01,87.93111419677734
2023-06-02,89.30533599853516
2023-06-05,89.00411987304688
2023-06-06,89.5312271118164
2023-06-07,89.14530944824219
2023-06-08,89.69122314453125
2023-06-09,89.79476928710938
2023-06-12,90.39717102050781
2023-06-13,91.10310363769531
2023-06-14,91.24429321289062
2023-06-15,92.2984848022461
2023-06-16,92.0349349975586
2023-06-20,91.12528228759766
2023-06-21,90.8410415649414
2023-06-22,90.80313110351562
2023-06-23,89.80819702148438
2023-06-26,89.75135040283203
2023-06-27,90.67047119140625
2023-06-28,90.71784973144531
2023-06-29,90.8884048461914
2023-06-30,91.89279174804688
2023-07-03,92.18653869628906
2023-07-05,91.6653823852539
2023-07-06,90.53782653808594
2023-07-07,90.77471923828125
2023-07-10,91.0589599609375
2023-07-11,91.84541320800781
2023-07-12,92.9161605834961
2023-07-13,93.98686981201172
2023-07-14,93.64575958251953
2023-07-17,93.91107177734375
2023-07-18,94.47959899902344
2023-07-19,94.56487274169922
2023-07-20,93.92054748535156
2023-07-21,93.95845031738281
2023-07-24,94.29956817626953
2023-07-25,94.58382415771484
2023-07-26,94.75438690185547
2023-07-27,94.12899780273438
2023-07-28,95.10497283935547
2023-07-31,95.31342315673828
2023-08-01,94.73543548583984
2023-08-02,93.15303802490234
2023-08-03,92.95404815673828
2023-08-04,92.78348541259766
2023-08-07,93.4657211303711
2023-08-08,92.88772583007812
2023-08-09,92.50870513916016
2023-08-10,92.65083312988281
2023-08-11,92.31920623779297
2023-08-14,92.39500427246094
2023-08-15,91.30533599853516
2023-08-16,90.61363220214844
2023-08-17,90.01666259765625
2023-08-18,89.9598159790039
2023-08-21,90.40516662597656
2023-08-22,90.21565246582031
2023-08-23,91.24847412109375
2023-08-24,90.11141204833984
2023-08-25,90.63256072998047
2023-08-28,91.38113403320312
2023-08-29,92.61292266845703
2023-08-30,92.84033203125
2023-08-31,92.60346984863281
2023-09-01,92.9256362915039
2023-09-05,92.33815002441406
2023-09-06,91.80752563476562
2023-09-07,91.42850494384766
2023-09-08,91.46640014648438
2023-09-11,92.20548248291016
2023-09-12,91.81700897216797
2023-09-13,91.71277618408203
2023-09-14,92.64134979248047
2023-09-15,91.87384796142578
2023-09-18,91.765380859375
2023-09-19,91.59410858154297
2023-09-20,90.96607971191406
2023-09-21,89.47219848632812
2023-09-22,89.45316314697266
2023-09-25,89.5483169555664
2023-09-26,88.29228973388672
2023-09-27,88.30182647705078
2023-09-28,88.9107894897461
2023-09-29,88.66340637207031
2023-10-02,88.18763732910156
2023-10-03,86.98870849609375
2023-10-04,87.35028839111328
2023-10-05,87.55962371826172
2023-10-06,88.53018951416016
2023-10-09,88.7966079711914
2023-10-10,89.58637237548828
2023-10-11,89.99555206298828
2023-10-12,89.19625091552734
2023-10-13,88.60630798339844
2023-10-16,89.51026153564453
2023-10-17,89.51026153564453
2023-10-18,88.14958190917969
2023-10-19,87.38835144042969
2023-10-20,86.38925170898438
2023-10-23,86.22747802734375
2023-10-24,86.884033203125
2023-10-25,85.75173950195312
2023-10-26,85.02855682373047
2023-10-27,84.65745544433594
2023-10-30,85.65655517578125
2023-10-31,86.07524108886719
2023-11-01,86.9220962524414
2023-11-02,88.69194793701172
2023-11-03,89.77667236328125
2023-11-06,89.76715850830078
2023-11-07,89.71007537841797
2023-11-08,89.65298461914062
2023-11-09,89.08206939697266
2023-11-10,90.12873840332031
2023-11-13,90.11923217773438
2023-11-14,92.20308685302734
2023-11-15,92.38387298583984
2023-11-16,92.21259307861328
2023-11-17,92.72642517089844
2023-11-20,93.33539581298828
2023-11-21,93.08800506591797
2023-11-22,93.31636810302734
2023-11-24,93.56375885009766
2023-11-27,93.38296508789062
2023-11-28,93.53523254394531
2023-11-29,93.55425262451172
2023-11-30,93.8302001953125
2023-12-01,94.63898468017578
2023-12-04,94.05856323242188
2023-12-05,93.8492202758789
2023-12-06,93.67793273925781
2023-12-07,94.30594635009766
2023-12-08,94.5723876953125
2023-12-11,94.92444610595703
2023-12-12,95.16233825683594
2023-12-13,96.57058715820312
2023-12-14,97.32229614257812
2023-12-15,96.87508392333984
2023-12-18,97.25967407226562
2023-12-19,97.98856353759766
2023-12-20,96.64586639404297
2023-12-21,97.89264678955078
2023-12-22,98.03653717041016
2023-12-26,98.52566528320312
2023-12-27,98.81336975097656
2023-12-28,98.88050079345703
2023-12-29,98.66949462890625
2024-01-02,97.83511352539062
2024-01-03,96.99112701416016
2024-01-04,96.87603759765625
2024-01-05,96.99112701416016
2024-01-08,98.16120147705078
2024-01-09,97.68164825439453
2024-01-10,98.16120147705078
2024-01-11,98.1228256225586
2024-01-12,98.27628326416016
2024-01-16,97.32682037353516
2024-01-17,96.5595474243164
2024-01-18,97.38433074951172
2024-01-19,98.26669311523438
2024-01-22,98.49686431884766
2024-01-23,98.65032196044922
2024-01-24,98.90928649902344
2024-01-25,99.3408432006836
2024-01-26,99.40798950195312
2024-01-29,100.1176986694336
2024-01-30,99.88754272460938
2024-01-31,98.66949462890625
2024-02-01,99.82040405273438
2024-02-02,100.1944351196289
2024-02-05,99.71488952636719
2024-02-06,100.27117919921875
2024-02-07,100.77947235107422
2024-02-08,100.8178482055664
2024-02-09,101.37409210205078
2024-02-12,101.50836181640625
2024-02-13,99.90670013427734
2024-02-14,101.01924133300781
2024-02-15,101.88240051269531
2024-02-16,101.64263916015625
2024-02-20,101.364501953125
2024-02-21,101.39328002929688
2024-02-22,103.04288482666016
2024-02-23,103.11961364746094
2024-02-26,102.85106658935547
2024-02-27,103.0716552734375
2024-02-28,102.67845153808594
2024-02-29,103.10043334960938
2024-03-01,104.02113342285156
2024-03-04,103.85809326171875
2024-03-05,103.06207275390625
2024-03-06,103.8868637084961
2024-03-07,104.95143127441406
2024-03-08,104.45272827148438
2024-03-11,104.21296691894531
2024-03-12,105.21998596191406
2024-03-13,105.04734802246094
2024-03-14,104.57740783691406
2024-03-15,104.11621856689453
2024-03-18,104.50133514404297
2024-03-19,104.86720275878906
2024-03-20,105.90702056884766
2024-03-21,106.22473907470703
2024-03-22,105.89739227294922
2024-03-25,105.68557739257812
2024-03-26,105.56040954589844
2024-03-27,106.34989166259766
2024-03-28,106.38842010498047
2024-04-01,106.10919952392578
2024-04-02,105.4930191040039
2024-04-03,105.76258850097656
2024-04-04,104.67464447021484
2024-04-05,105.53153228759766
2024-04-08,105.76258850097656
2024-04-09,105.92625427246094
2024-04-10,104.71316528320312
2024-04-11,105.3100814819336
2024-04-12,103.60594177246094
2024-04-15,102.6335220336914
2024-04-16,102.04621124267578
2024-04-17,101.66110229492188
2024-04-18,101.50706481933594
2024-04-19,101.03529357910156
2024-04-22,101.97882843017578
2024-04-23,103.14380645751953
2024-04-24,103.11492919921875
2024-04-25,102.78758239746094
2024-04-26,103.71184539794922
2024-04-29,104.16436767578125
2024-04-30,102.57575988769531
2024-05-01,102.3832015991211
2024-05-02,103.63481903076172
2024-05-03,104.74205017089844
2024-05-06,105.67594146728516
2024-05-07,105.704833984375
2024-05-08,105.6374282836914
2024-05-09,106.2921371459961
2024-05-10,106.4654312133789
2024-05-13,106.44618225097656
2024-05-14,107.10087585449219
2024-05-15,108.34286499023438
2024-05-16,107.99627685546875
2024-05-17,108.29473876953125
2024-05-20,108.36213684082031
2024-05-21,108.35250091552734
2024-05-22,107.80371856689453
2024-05-23,107.03347778320312
2024-05-24,107.82296752929688
2024-05-28,107.73632049560547
2024-05-29,106.56171417236328
2024-05-30,106.49432373046875
2024-05-31,107.29344177246094
2024-06-03,107.39933776855469
2024-06-04,107.18753051757812
2024-06-05,108.29473876953125
2024-06-06,108.37174987792969
2024-06-07,107.84223175048828
2024-06-10,108.09254455566406
2024-06-11,107.90962982177734
2024-06-12,108.95906066894531
2024-06-13,108.57394409179688
2024-06-14,108.22734069824219
2024-06-17,108.93016815185547
2024-06-18,109.28640747070312
2024-06-20,109.09385681152344
2024-06-21,108.80159759521484
2024-06-24,108.91773223876953
2024-06-25,109.13062286376953
2024-06-26,108.96611785888672
2024-06-27,109.16932678222656
2024-06-28,108.9951400756836
2024-07-01,109.14030456542969
2024-07-02,109.65320587158203
2024-07-03,110.4951171875
2024-07-05,111.00801849365234
2024-07-08,110.97897338867188
2024-07-09,110.95964050292969
2024-07-10,112.13058471679688
2024-07-11,111.90800476074219
2024-07-12,112.66283416748047
2024-07-15,112.6337890625
2024-07-16,113.46603393554688
2024-07-17,112.0628433227539
2024-07-18,111.11445617675781
2024-07-19,110.37899780273438
2024-07-22,111.48219299316406
2024-07-23,111.13381958007812
2024-07-24,108.9951400756836
2024-07-25,108.62740325927734
2024-07-26,109.87577056884766
2024-07-29,109.73062133789062
2024-07-30,109.44996643066406
2024-07-31,111.15318298339844
2024-08-01,109.14030456542969
2024-08-02,107.13710021972656
2024-08-05,104.24359893798828
2024-08-06,105.02745819091797
2024-08-07,104.7564926147461
2024-08-08,106.991943359375
2024-08-09,107.43709564208984
2024-08-12,107.45645141601562
2024-08-13,109.13062286376953
2024-08-14,109.4015884399414
2024-08-15,111.01769256591797
2024-08-16,111.45317077636719
2024-08-19,112.59508514404297
2024-08-20,112.28541564941406
2024-08-21,112.93379211425781
2024-08-22,111.98542785644531
2024-08-23,113.61119842529297
2024-08-26,113.08863067626953
2024-08-27,113.41764831542969
2024-08-28,112.75959777832031
2024-08-29,112.92411804199219
2024-08-30,113.7466812133789
2024-09-03,111.51123809814453
2024-09-04,111.26930236816406
2024-09-05,111.07574462890625
2024-09-06,109.18869018554688
2024-09-09,110.31124114990234
2024-09-10,110.42737579345703
2024-09-11,111.3273696899414
2024-09-12,112.28541564941406
2024-09-13,112.875732421875
2024-09-16,113.31120300292969
2024-09-17,113.24347686767578
2024-09-18,112.92411804199219
2024-09-19,114.92730712890625
2024-09-20,114.49710083007812
2024-09-23,114.86613464355469
2024-09-24,115.64305114746094
2024-09-25,115.07007598876953
2024-09-26,116.49765014648438
2024-09-27,116.15774536132812
2024-09-30,116.2451400756836
2024-10-01,115.507080078125
2024-10-02,115.68189239501953
2024-10-03,115.04093933105469
2024-10-04,116.06063079833984
2024-10-07,115.36141204833984
2024-10-08,115.55564880371094
2024-10-09,116.01206970214844
2024-10-10,115.82755279541016
2024-10-11,116.62388610839844
2024-10-14,117.20658111572266
2024-10-15,116.00236511230469
2024-10-16,116.5753402709961
2024-10-17,116.5170669555664
2024-10-18,117.09004211425781
2024-10-21,116.48793029785156
2024-10-22,116.20630645751953
2024-10-23,115.19631958007812
2024-10-24,115.49737548828125
2024-10-25,115.30314636230469
2024-10-28,115.9052505493164
2024-10-29,115.80813598632812
2024-10-30,115.3808364868164
2024-10-31,113.71047973632812
2024-11-01,114.16690826416016
2024-11-04,114.108642578125
2024-11-05,115.48766326904297
2024-11-06,117.00263214111328
2024-11-07,118.23597717285156
2024-11-08,117.90579986572266
2024-11-11,118.04175567626953
2024-11-12,117.0997543334961
2024-11-13,116.85696411132812
2024-11-14,116.25485229492188
2024-11-15,115.09919738769531
2024-11-18,115.77899932861328
2024-11-19,116.08004760742188
2024-11-20,116.05091857910156
2024-11-21,116.60447692871094
2024-11-22,117.10945892333984
2024-11-25,117.604736328125
2024-11-26,117.68243408203125
2024-11-27,117.53675842285156
2024-11-29,118.42050170898438
2024-12-02,118.67298889160156
2024-12-03,118.86721801757812
2024-12-04,119.352783203125
2024-12-05,119.37220764160156
2024-12-06,119.51787567138672
2024-12-09,119.27509307861328
2024-12-10,118.51761627197266
2024-12-11,119.4207763671875
2024-12-12,118.61473083496094
2024-12-13,118.47876739501953
2024-12-16,118.63414764404297
2024-12-17,118.13887023925781
2024-12-18,114.6524887084961
2024-12-19,114.633056640625
2024-12-20,115.55960845947266
2024-12-23,116.19556427001953
2024-12-24,117.11527252197266
2024-12-26,117.25225067138672
2024-12-27,116.33255767822266
2024-12-30,115.20738220214844
2024-12-31,114.94320678710938
2025-01-02,114.70838928222656
2025-01-03,115.89226531982422
2025-01-06,116.60649871826172
2025-01-07,115.4617691040039
2025-01-08,115.50090789794922
2025-01-10,113.65172576904297
2025-01-13,113.69085693359375
2025-01-14,114.08221435546875
2025-01-15,115.82377624511719
2025-01-16,115.931396484375
2025-01-17,116.90003204345703
2025-01-21,118.31871032714844
2025-01-22,118.62200927734375
2025-01-23,119.25798797607422
2025-01-24,119.26777648925781
2025-01-27,117.90778350830078
2025-01-28,118.67094421386719
2025-01-29,118.30892181396484
2025-01-30,119.30691528320312
2025-01-31,118.45569610595703
2025-02-03,117.5262222290039
2025-02-04,118.62200927734375
2025-02-05,119.2481918334961
2025-02-06,119.63956451416016
2025-02-07,118.67094421386719
2025-02-10,119.45366668701172
2025-02-11,119.52215576171875
2025-02-12,119.40475463867188
2025-02-13,120.69624328613281
2025-02-14,120.82342529296875
2025-02-18,121.29307556152344
2025-02-19,121.14630889892578
2025-02-20,120.97998046875
2025-02-21,119.27754974365234
2025-02-24,118.69051361083984
2025-02-25,118.55352783203125
2025-02-26,118.72964477539062
2025-02-27,116.93916320800781
2025-02-28,117.96649169921875
2025-03-03,116.7141342163086
2025-03-04,115.8629150390625
2025-03-05,117.78059387207031
2025-03-06,116.02924346923828
2025-03-07,116.76304626464844
2025-03-10,113.78868865966797
2025-03-11,113.32884216308594
2025-03-12,113.94523620605469
2025-03-13,112.59503936767578
2025-03-14,114.93343353271484
2025-03-17,116.07816314697266
2025-03-18,115.24651336669922
2025-03-19,116.19556427001953
2025-03-20,115.69658660888672
2025-03-21,115.43646240234375
2025-03-24,116.89903259277344
2025-03-25,117.12481689453125
2025-03-26,115.84872436523438
2025-03-27,115.72112274169922
2025-03-28,113.68919372558594
2025-03-31,113.81681060791016
2025-04-01,114.1898193359375
2025-04-02,114.86713409423828
2025-04-03,110.3321304321289
2025-04-04,103.75537872314453
2025-04-07,102.50875854492188
2025-04-08,101.26212310791016
2025-04-09,109.91985321044922
2025-04-10,106.85725402832031
2025-04-11,109.06586456298828
2025-04-14,110.09654235839844
2025-04-15,110.20452117919922
2025-04-16,108.56523132324219
2025-04-17,109.13457489013672
2025-04-21,107.44621276855469
2025-04-22,109.79224395751953
2025-04-23,111.19593811035156
2025-04-24,113.12969207763672
2025-04-25,113.6695785522461
2025-04-28,113.99349212646484
2025-04-29,114.51374816894531
2025-04-30,114.4548568725586
2025-05-01,114.86713409423828
2025-05-02,116.86959075927734
2025-05-05,116.6143798828125
2025-05-06,115.95671081542969
2025-05-07,116.03522491455078
2025-05-08,116.43769073486328
2025-05-09,116.60456848144531
2025-05-12,119.490478515625
2025-05-13,120.07943725585938
2025-05-14,120.07943725585938
2025-05-15,120.75674438476562
2025-05-16,121.345703125
2025-05-19,121.67945098876953
2025-05-20,121.55184173583984
2025-05-21,120.03034973144531
2025-05-22,119.94200897216797
2025-05-23,119.66716766357422
2025-05-27,121.61073303222656
2025-05-28,120.77637481689453
2025-05-29,121.26717376708984
2025-05-30,121.10030364990234
2025-06-02,121.90522003173828
2025-06-03,122.21932983398438
2025-06-04,122.50399780273438
2025-06-05,122.17024230957031
2025-06-06,123.12240600585938
2025-06-09,123.32853698730469
2025-06-10,123.91749572753906
2025-06-11,123.68191528320312
2025-06-12,124.21198272705078
2025-06-13,122.65122985839844
2025-06-16,123.72117614746094
2025-06-17,122.5138168334961
2025-06-18,122.58251953125
2025-06-20,122.04498291015625
2025-06-23,123.20882415771484
2025-06-24,124.75731658935547
2025-06-25,124.54032897949219
2025-06-26,125.70416259765625
2025-06-27,126.24662780761719
2025-06-30,126.75951385498047
2025-07-01,126.76936340332031
2025-07-02,127.34143829345703
2025-07-03,128.01211547851562
2025-07-07,126.84827423095703
2025-07-08,127.11458587646484
2025-07-09,127.8740234375
2025-07-10,128.11073303222656
2025-07-11,127.46965026855469
2025-07-14,127.69650268554688
2025-07-15,127.04553985595703
2025-07-16,127.54856872558594
2025-07-17,128.1995086669922
2025-07-18,128.0910186767578
2025-07-21,128.40664672851562
2025-07-22,128.76170349121094
2025-07-23,130.2411651611328
2025-07-24,129.8959503173828
2025-07-25,130.172119140625
2025-07-28,129.5211639404297
2025-07-29,129.28443908691406
2025-07-30,128.8307342529297
2025-07-31,128.15017700195312
2025-08-01,126.6510238647461
2025-08-04,128.42636108398438
2025-08-05,128.169921875
2025-08-06,129.00827026367188
2025-08-07,129.24497985839844
2025-08-08,130.00445556640625
2025-08-11,129.65924072265625
2025-08-12,131.20773315429688
2025-08-13,131.86854553222656
2025-08-14,131.55294799804688
2025-08-15,131.55294799804688
2025-08-18,131.62197875976562
2025-08-19,131.02032470703125
2025-08-20,130.8526611328125
2025-08-21,130.3792266845703
2025-08-22,132.6082763671875
2025-08-25,131.74032592773438
2025-08-26,132.08554077148438
2025-08-27,132.14471435546875
2025-08-28,132.66744995117188
2025-08-29,131.93760681152344
2025-09-02,130.99073791503906
2025-09-03,131.4740447998047
2025-09-04,132.41102600097656
2025-09-05,132.5392303466797
2025-09-08,133.25924682617188
2025-09-09,133.38746643066406
2025-09-10,133.67347717285156
2025-09-11,134.9951171875
2025-09-12,134.7288360595703
2025-09-15,135.48828125
2025-09-16,135.43896484375
2025-09-17,135.24169921875
2025-09-18,135.87294006347656
2025-09-19,136.0590057373047
2025-09-22,136.61326599121094
2025-09-23,136.0985870361328
2025-09-24,135.48495483398438
2025-09-25,134.72286987304688
2025-09-26,135.4552764892578
2025-09-29,135.96994018554688
2025-09-30,136.38563537597656
2025-10-01,137.0883331298828
2025-10-02,137.2863006591797
2025-10-03,137.65249633789062
2025-10-06,138.14735412597656
2025-10-07,137.29617309570312
2025-10-08,138.03848266601562
2025-10-09,137.31597900390625
2025-10-10,133.77272033691406
2025-10-13,135.91055297851562
2025-10-14,135.8412628173828
2025-10-15,136.60337829589844
2025-10-16,136.23716735839844
2025-10-17,136.6627655029297
2025-10-20,138.0186767578125
2025-10-21,137.66236877441406
2025-10-22,137.0685577392578
2025-10-23,137.9691925048828
2025-10-24,138.84017944335938
2025-10-27,140.22579956054688
2025-10-28,140.32476806640625
2025-10-29,140.13673400878906
2025-10-30,138.8995361328125
2025-10-31,139.14698791503906
2025-11-03,139.3152313232422
2025-11-04,137.56341552734375
2025-11-05,138.31561279296875
2025-11-06,137.0784454345703
2025-11-07,137.40504455566406
2025-11-10,139.32513427734375
2025-11-11,139.70123291015625
2025-11-12,140.03775024414062
2025-11-13,137.86032104492188
2025-11-14,137.8108367919922
2025-11-17,136.2965545654297
2025-11-18,135.27711486816406
2025-11-19,135.4156951904297
2025-11-20,133.34713745117188
2025-11-21,134.75254821777344
2025-11-24,136.38563537597656
2025-11-25,137.65249633789062
2025-11-26,138.78079223632812
2025-11-28,139.44390869140625
2025-12-01,138.78079223632812
2025-12-02,139.03811645507812
2025-12-03,139.61216735839844
2025-12-04,139.8299102783203
2025-12-05,140.10702514648438
2025-12-08,139.6814422607422
2025-12-09,139.52308654785156
2025-12-10,140.7107696533203
2025-12-11,141.09677124023438
2025-12-12,139.77052307128906
2025-12-15,139.77052307128906
2025-12-16,139.23605346679688
2025-12-17,137.9593048095703
2025-12-18,138.99853515625
2025-12-19,140.1707763671875
2025-12-22,141.00880432128906
2025-12-23,141.67723083496094
2025-12-24,142.0264129638672
2025-12-26,142.1660919189453
2025-12-29,141.67723083496094
2025-12-30,141.64730834960938
2025-12-31,140.72946166992188
2026-01-02,141.76702880859375
2026-01-05,142.96421813964844
2026-01-06,143.80224609375
2026-01-07,143.20364379882812
2026-01-08,143.3034210205078
2026-01-09,144.25119018554688
2026-01-12,144.89967346191406
2026-01-13,144.36093139648438
2026-01-14,144.26116943359375
2026-01-15,144.59039306640625
2026-01-16,144.59039306640625
2026-01-20,142.11619567871094
2026-01-21,143.78228759765625
2026-01-22,144.58041381835938
2026-01-23,144.85975646972656
2026-01-26,145.49826049804688
2026-01-27,146.70542907714844
2026-01-28,146.4560089111328
2026-01-29,146.37620544433594
2026-01-30,145.1091766357422
2026-02-02,145.80752563476562
2026-02-03,145.268798828125
2026-02-04,144.78993225097656
2026-02-05,143.03404235839844
2026-02-06,146.1168212890625
2026-02-09,147.323974609375
2026-02-10,147.23419189453125
2026-02-11,147.63323974609375
2026-02-12,145.61798095703125
2026-02-13,145.99708557128906
2026-02-17,145.94720458984375
2026-02-18,146.66551208496094
2026-02-19,146.33628845214844
2026-02-20,147.6033172607422
2026-02-23,146.3063507080078
2026-02-24,147.35389709472656
2026-02-25,148.56106567382812
2026-02-26,148.05226135253906
2026-02-27,147.4935760498047
2026-03-02,146.60565185546875
2026-03-03,143.7024688720703
2026-03-04,144.91961669921875
2026-03-05,143.23358154296875
2026-03-06,141.597412109375
2026-03-09,142.90435791015625
2026-03-10,142.8843994140625
2026-03-11,142.70481872558594
2026-03-12,140.2206573486328
2026-03-13,139.1930694580078
2026-03-16,141.15846252441406
2026-03-17,141.6872100830078
2026-03-18,139.49237060546875
2026-03-19,139.22300720214844
2026-03-20,136.32000732421875
2026-03-23,138.60000610351562
2026-03-24,137.89999389648438
2026-03-25,139.1699981689453
2026-03-26,136.44000244140625
2026-03-27,134.6199951171875
2026-03-30,134.19000244140625
2026-03-31,138.32000732421875
