Date,AAPL,AMZN,GOOGL,META,MSFT,NVDA,TSLA
2012-05-18,15.877148628234863,10.692500114440918,14.901862144470215,37.93232727050781,23.12270164489746,0.276868999004364,1.8373329639434814
2012-05-21,16.802156448364258,10.905500411987305,15.242142677307129,33.76502990722656,23.501895904541016,0.28168216347694397,1.9179999828338623
2012-05-22,16.67313575744629,10.766500473022461,14.911787986755371,30.758623123168945,23.509790420532227,0.27824416756629944,2.053333044052124
2012-05-23,17.0799560546875,10.86400032043457,15.126729011535645,31.750835418701172,22.99630355834961,0.28512001037597656,2.068000078201294
2012-05-24,16.9231014251709,10.76200008392334,14.98277473449707,32.7728157043457,22.96470832824707,0.2775566279888153,2.018666982650757
2012-05-25,16.832393646240234,10.644499778747559,14.681708335876465,31.661537170410156,22.956806182861328,0.28420326113700867,1.987333059310913
2012-05-29,17.131147384643555,10.737500190734863,14.75145149230957,28.615440368652344,23.351804733276367,0.2915375828742981,2.1126670837402344
2012-05-30,17.337703704833984,10.46150016784668,14.599803924560547,27.970502853393555,23.17800521850586,0.2880996763706207,2.0273330211639404
2012-05-31,17.294599533081055,10.645500183105469,14.416879653930664,29.369524002075195,23.059497833251953,0.2848908603191376,1.9666670560836792
2012-06-01,16.793466567993164,10.41100025177002,14.171658515930176,27.504161834716797,22.474925994873047,0.27457693219184875,1.8766670227050781
2012-06-04,16.892263412475586,10.728500366210938,14.360539436340332,26.69054412841797,22.553909301757812,0.2688470482826233,1.858667016029358
2012-06-05,16.848556518554688,10.660499572753906,14.157512664794922,25.66856575012207,22.52232551574707,0.27663981914520264,1.8606669902801514
2012-06-06,17.106904983520508,10.881999969482422,14.409683227539062,26.60124969482422,23.185901641845703,0.28397417068481445,1.9479999542236328
2012-06-07,17.11468505859375,10.9399995803833,14.351602554321289,26.10513687133789,23.09110450744629,0.27251431345939636,1.9286669492721558
2012-06-08,17.372121810913086,10.923999786376953,14.406704902648926,26.88899040222168,23.422903060913086,0.2777858078479767,2.0053329467773438
2012-06-11,17.09821891784668,10.824999809265137,14.110107421875,26.79969024658203,22.830411911010742,0.2809945046901703,1.9413330554962158
2012-06-12,17.24759292602539,10.821000099182129,14.025718688964844,27.1866512298584,23.138504028320312,0.2867245376110077,1.9773329496383667
2012-06-13,17.12786102294922,10.736499786376953,13.926193237304688,27.057666778564453,23.012109756469727,0.27916091680526733,1.9846669435501099
2012-06-14,17.108993530273438,10.72249984741211,13.875557899475098,28.06972312927246,23.17800521850586,0.27572301030158997,1.9593329429626465
2012-06-15,17.18682289123535,10.917499542236328,14.011075973510742,29.77633285522461,23.71518898010254,0.28168216347694397,1.99399995803833
2012-06-18,17.535573959350586,11.133000373840332,14.16843318939209,31.165430068969727,23.5729923248291,0.28420326113700867,2.122667074203491
2012-06-19,17.584365844726562,11.201499938964844,14.433510780334473,31.661537170410156,24.252378463745117,0.30345577001571655,2.1393330097198486
2012-06-20,17.53437042236328,11.151000022888184,14.333733558654785,31.35395050048828,24.434070587158203,0.3082689046859741,2.252000093460083
2012-06-21,17.292800903320312,11.028499603271484,14.028450012207031,31.592082977294922,23.809986114501953,0.29428786039352417,2.1459999084472656
2012-06-22,17.425416946411133,11.107999801635742,14.18406867980957,32.79266357421875,24.252378463745117,0.2979550361633301,2.25266695022583
2012-06-25,17.086246490478516,11.003499984741211,13.916511535644531,31.81037139892578,23.596698760986328,0.2885579466819763,2.2073330879211426
2012-06-26,17.123964309692383,11.280500411987305,14.015295028686523,32.84226608276367,23.71518898010254,0.29176682233810425,2.107332944869995
2012-06-27,17.197893142700195,11.281000137329102,14.129963874816895,31.97904396057129,23.833690643310547,0.30116385221481323,2.130666971206665
2012-06-28,17.03475570678711,11.065500259399414,14.006113052368164,31.115819931030273,23.628292083740234,0.30345577001571655,2.0940001010894775
2012-06-29,17.482290267944336,11.417499542236328,14.397273063659668,30.857845306396484,24.165475845336914,0.31674906611442566,2.0859999656677246
2012-07-02,17.73733901977539,11.465999603271484,14.407200813293457,30.530412673950195,24.14177703857422,0.3082689046859741,2.0266671180725098
2012-07-03,17.943592071533203,11.476499557495117,14.589874267578125,30.95706558227539,24.299774169921875,0.3162907361984253,2.0439999103546143
2012-07-05,18.25881004333496,11.352999687194824,14.790670394897461,31.22496223449707,24.252378463745117,0.31308209896087646,2.0820000171661377
2012-07-06,18.137269973754883,11.2524995803833,14.54395866394043,31.482938766479492,23.8494930267334,0.30712294578552246,2.065999984741211
2012-07-09,18.377065658569336,11.2524995803833,14.544705390930176,31.919511795043945,23.699386596679688,0.3029974102973938,2.0993330478668213
2012-07-10,18.20702362060547,10.975000381469727,14.437729835510254,31.22496223449707,23.49399185180664,0.2938295304775238,2.0846669673919678
2012-07-11,18.0938663482666,10.918499946594238,14.176871299743652,30.72885513305664,23.14640235900879,0.28901639580726624,2.1006669998168945
2012-07-12,17.928335189819336,10.767999649047852,14.159248352050781,30.570100784301758,22.617115020751953,0.28420326113700867,2.180000066757202
2012-07-13,18.11003875732422,10.919500350952148,14.309162139892578,30.480802536010742,23.21750831604004,0.2878703474998474,2.2833330631256104
2012-07-16,18.168106079101562,10.80049991607666,14.269452095031738,28.0300350189209,23.256996154785156,0.28878724575042725,2.3973329067230225
2012-07-17,18.16900634765625,10.846500396728516,14.314376831054688,27.87128257751465,23.430803298950195,0.2835157513618469,2.2233328819274902
2012-07-18,18.148649215698242,10.873499870300293,14.414398193359375,28.883338928222656,24.05488395690918,0.29933032393455505,2.1433329582214355
2012-07-19,18.38993263244629,11.308500289916992,14.719683647155762,28.77419662475586,24.228679656982422,0.3023098111152649,2.1513330936431885
2012-07-20,18.089981079101562,11.41450023651123,15.16048526763916,28.53606605529785,23.794189453125,0.29360029101371765,2.119333028793335
2012-07-23,18.075902938842773,11.30049991607666,15.27688980102539,28.526142120361328,23.130603790283203,0.29749664664268494,2.0439999103546143
2012-07-24,17.988794326782227,11.152000427246094,15.07982063293457,28.228479385375977,23.027908325195312,0.29428786039352417,1.9893330335617065
2012-07-25,17.211973190307617,10.852499961853027,15.09024429321289,29.111549377441406,22.775114059448242,0.3000178337097168,1.9299999475479126
2012-07-26,17.209274291992188,11.000499725341797,15.223527908325195,26.64093780517578,23.035802841186523,0.30139297246932983,1.8753329515457153
2012-07-27,17.51701545715332,11.866000175476074,15.759635925292969,23.525386810302734,23.509790420532227,0.30895644426345825,1.9673329591751099
2012-07-30,17.81247901916504,11.804499626159668,15.693614959716797,22.969743728637695,23.41499900817871,0.30551856756210327,1.8233330249786377
2012-07-31,18.283355712890625,11.664999961853027,15.710244178771973,21.540956497192383,23.280696868896484,0.31033164262771606,1.8279999494552612
2012-08-01,18.165111541748047,11.604499816894531,15.703048706054688,20.71742057800293,23.233308792114258,0.30689382553100586,1.75
2012-08-02,18.194454193115234,11.540499687194824,15.60550594329834,19.883960723876953,23.059497833251953,0.30803975462913513,1.7400000095367432
2012-08-03,18.431241989135742,11.748499870300293,15.917738914489746,20.925785064697266,23.501895904541016,0.3144572377204895,1.8179999589920044
2012-08-06,18.63629722595215,11.69950008392334,15.954720497131348,21.74932289123535,23.65989112854004,0.32110387086868286,1.8846670389175415
2012-08-07,18.587202072143555,11.82800006866455,15.898130416870117,20.55866241455078,23.904787063598633,0.324312686920166,2.016666889190674
2012-08-08,18.555770874023438,11.718999862670898,15.940075874328613,20.55866241455078,23.9600830078125,0.32614606618881226,1.9393329620361328
2012-08-09,18.661598205566406,11.70300006866455,15.94305419921875,20.846406936645508,24.094379425048828,0.33714762330055237,1.9606670141220093
2012-08-10,18.69076156616211,11.637499809265137,15.934368133544922,21.640178680419922,24.031179428100586,0.33508479595184326,1.996000051498413
2012-08-13,18.94029426574707,11.621999740600586,16.381378173828125,21.431814193725586,24.007478713989258,0.33943960070610046,2.078000068664551
2012-08-14,18.991098403930664,11.659500122070312,16.596067428588867,20.221315383911133,23.95977020263672,0.33439725637435913,1.9613330364227295
2012-08-15,18.965242385864258,11.871000289916992,16.568273544311523,21.034929275512695,24.01543426513672,0.33187615871429443,1.9600000381469727
2012-08-16,19.130895614624023,12.077500343322754,16.700559616088867,19.71528434753418,24.476655960083008,0.33875200152397156,2.0199999809265137
2012-08-17,19.48475456237793,12.058500289916992,16.806537628173828,18.901670455932617,24.572078704833984,0.33577248454093933,2.000667095184326
2012-08-20,19.99703598022461,12.017499923706055,16.76682472229004,19.85419464111328,24.444852828979492,0.33577248454093933,1.9673329591751099
2012-08-21,19.7237548828125,11.97249984741211,16.61716651916504,19.010814666748047,24.492565155029297,0.3348556160926819,1.9406670331954956
2012-08-22,20.108877182006836,12.154999732971191,16.807533264160156,19.288633346557617,24.28580665588379,0.33554327487945557,1.9966670274734497
2012-08-23,19.921274185180664,12.0600004196167,16.798099517822266,19.288633346557617,24.06315040588379,0.3279797434806824,2.0486669540405273
2012-08-24,19.93901252746582,12.286999702453613,16.843523025512695,19.258867263793945,24.30170440673828,0.3346264660358429,1.9666670560836792
2012-08-27,20.313608169555664,12.196000099182129,16.60996437072754,19.000892639160156,24.40509033203125,0.32889652252197266,1.8880000114440918
2012-08-28,20.287155151367188,12.305500030517578,16.80927085876465,19.189409255981445,24.35737419128418,0.327521413564682,1.9126670360565186
2012-08-29,20.24717140197754,12.355999946594238,17.076330184936523,18.95128059387207,24.37327766418457,0.32820895314216614,1.8940000534057617
2012-08-30,19.958559036254883,12.310999870300293,16.919221878051758,18.94135856628418,24.110858917236328,0.32202059030532837,1.8940000534057617
2012-08-31,19.99974250793457,12.41349983215332,17.003860473632812,17.919376373291016,24.508464813232422,0.32156234979629517,1.901332974433899
2012-09-04,20.292261123657227,12.394000053405762,16.90333366394043,17.591947555541992,24.16652488708496,0.3043725788593292,1.8760000467300415
2012-09-05,20.14976692199707,12.310999870300293,16.895395278930664,18.435331344604492,24.16652488708496,0.3052893579006195,1.8626669645309448
2012-09-06,20.331348419189453,12.569000244140625,17.35902976989746,18.812368392944336,24.929931640625,0.31468644738197327,1.9033329486846924
2012-09-07,20.456722259521484,12.956999778747559,17.52656364440918,18.83221435546875,24.611846923828125,0.30712294578552246,1.9566669464111328
2012-09-10,19.924585342407227,12.854499816894531,17.393033981323242,18.663537979125977,24.42894172668457,0.3043725788593292,1.824666976928711
2012-09-11,19.859949111938477,12.783499717712402,17.180076599121094,19.278709411621094,24.484607696533203,0.30803975462913513,1.8533329963684082
2012-09-12,20.13653564453125,12.781499862670898,17.14756202697754,20.767032623291016,24.476655960083008,0.3114776909351349,1.8853329420089722
2012-09-13,20.533084869384766,13.01200008392334,17.523832321166992,20.548744201660156,24.603893280029297,0.31354036927223206,1.9653329849243164
2012-09-14,20.782611846923828,13.06350040435791,17.614179611206055,21.828699111938477,24.8185977935791,0.31720754504203796,2.0260000228881836
2012-09-17,21.03816032409668,12.899999618530273,17.621625900268555,21.35243797302246,24.8185977935791,0.3084980845451355,2.169332981109619
2012-09-18,21.102191925048828,12.9375,17.8276309967041,21.699710845947266,24.794734954833984,0.3105608820915222,2.0893330574035645
2012-09-19,21.107908248901367,13.083999633789062,18.05647087097168,23.10865592956543,24.691362380981445,0.31422799825668335,2.069999933242798
2012-09-20,21.005687713623047,13.040499687194824,18.071857452392578,22.414106369018555,25.009458541870117,0.31193602085113525,2.059999942779541
2012-09-21,21.04747200012207,12.873499870300293,18.217552185058594,22.682004928588867,24.80269432067871,0.3133111596107483,2.001332998275757
2012-09-24,20.76787567138672,12.739999771118164,18.599529266357422,20.628124237060547,24.476655960083008,0.31308209896087646,2.0439999103546143
2012-09-25,20.24927520751953,12.623000144958496,18.59406852722168,20.12209129333496,24.16652488708496,0.30735212564468384,1.843999981880188
2012-09-26,19.99793815612793,12.483499526977539,18.700790405273438,20.45944595336914,23.9915771484375,0.3020806312561035,1.8359999656677246
2012-09-27,20.483171463012695,12.829500198364258,18.776247024536133,20.161779403686523,23.983623504638672,0.3043725788593292,1.8993330001831055
2012-09-28,20.055667877197266,12.715999603271484,18.726604461669922,21.49134635925293,23.66554069519043,0.30574777722358704,1.9520000219345093
2012-10-01,19.82386589050293,12.600500106811523,18.90729522705078,21.818777084350586,23.45083236694336,0.30070552229881287,1.944000005722046
2012-10-02,19.881591796875,12.529999732971191,18.788408279418945,22.096595764160156,23.586021423339844,0.30185139179229736,1.9866670370101929
2012-10-03,20.186439514160156,12.795999526977539,18.9251651763916,21.66002082824707,23.74506378173828,0.29887187480926514,1.9533330202102661
2012-10-04,20.046640396118164,13.023500442504883,19.06291389465332,21.779088973999023,23.880247116088867,0.31216520071029663,1.9600000381469727
2012-10-05,19.61944007873535,12.92549991607666,19.052989959716797,20.747188568115234,23.73711585998535,0.304830938577652,1.9259999990463257
2012-10-08,19.185911178588867,12.95300006866455,18.809505462646484,20.241159439086914,23.681446075439453,0.30185139179229736,1.9500000476837158
2012-10-09,19.116165161132812,12.54800033569336,18.468231201171875,20.072481155395508,23.283838272094727,0.2954338490962982,1.891332983970642
2012-10-10,19.268287658691406,12.249500274658203,18.47989845275879,19.487075805664062,23.045269012451172,0.29039162397384644,1.8933329582214355
2012-10-11,18.883167266845703,12.211000442504883,18.651649475097656,19.596220016479492,23.021413803100586,0.29199597239494324,1.8880000114440918
2012-10-12,18.93157196044922,12.118000030517578,18.484607696533203,19.368005752563477,23.22022247314453,0.28947487473487854,1.8426669836044312
2012-10-15,19.083393096923828,12.208999633789062,18.391042709350586,19.368005752563477,23.466739654541016,0.2931418716907501,1.8220000267028809
2012-10-16,19.535253524780273,12.196999549865723,18.483369827270508,19.328319549560547,23.45083236694336,0.30162230134010315,1.8706669807434082
2012-10-17,19.37952423095703,12.374500274658203,18.75118064880371,19.72520637512207,23.530353546142578,0.29933032393455505,1.9213329553604126
2012-10-18,19.019668579101562,12.242500305175781,17.249820709228516,18.83221435546875,23.458786010742188,0.2947462499141693,1.869333028793335
2012-10-19,18.334196090698242,12.0,16.921951293945312,18.85205841064453,22.774900436401367,0.2775566279888153,1.8493330478668213
2012-10-22,19.061450958251953,11.689000129699707,16.844514846801758,19.169565200805664,22.265966415405273,0.27434781193733215,1.8566670417785645
2012-10-23,18.440034866333008,11.715499877929688,16.88620948791504,19.348163604736328,22.305736541748047,0.28259891271591187,1.8926670551300049
2012-10-24,18.54435157775879,11.424500465393066,16.81051254272461,23.04911994934082,22.18644142150879,0.2789318561553955,1.8279999494552612
2012-10-25,18.325185775756836,11.145999908447266,16.82192611694336,22.384336471557617,22.170541763305664,0.27916091680526733,1.8346669673919678
2012-10-26,18.158632278442383,11.911999702453613,16.75714683532715,21.769168853759766,22.432958602905273,0.2761814296245575,1.8253329992294312
2012-10-31,17.897672653198242,11.644499778747559,16.884971618652344,20.94563102722168,22.695383071899414,0.27457693219184875,1.8753329515457153
2012-11-01,17.934350967407227,11.607000350952148,17.065908432006836,21.04484748840332,23.474685668945312,0.2876412868499756,1.9500000476837158
2012-11-02,17.340892791748047,11.621000289916992,17.074100494384766,21.015087127685547,23.458786010742188,0.2862660586833954,1.9279999732971191
2012-11-05,17.575992584228516,11.716500282287598,16.95099449157715,21.084535598754883,23.56216812133789,0.2984135150909424,2.0999999046325684
2012-11-06,17.522775650024414,11.878000259399414,16.920215606689453,21.005163192749023,23.74506378173828,0.29818427562713623,2.076667070388794
2012-11-07,16.852306365966797,11.602999687194824,16.557844161987305,20.31061363220215,23.124794006347656,0.28901639580726624,2.1026670932769775
2012-11-08,16.240720748901367,11.367500305175781,16.189767837524414,19.834346771240234,22.910083770751953,0.2906207740306854,2.0873329639434814
2012-11-09,16.52190589904785,11.315500259399414,16.456327438354492,19.0604248046875,22.925989151000977,0.2793901264667511,2.0213329792022705
2012-11-12,16.394155502319336,11.32349967956543,16.527563095092773,19.913726806640625,22.44091796875,0.27320191264152527,2.0713329315185547
2012-11-13,16.396270751953125,11.329999923706055,16.357547760009766,19.70536231994629,21.71933937072754,0.2711390256881714,2.107332944869995
2012-11-14,16.214460372924805,11.147500038146973,16.196216583251953,22.185897827148438,21.51889991760254,0.2644924223423004,2.0920000076293945
2012-11-15,15.874393463134766,11.029999732971191,16.06492042541504,21.997377395629883,21.37459373474121,0.26563844084739685,2.0546669960021973
2012-11-16,15.936605453491211,11.261500358581543,16.06293487548828,23.376548767089844,21.262348175048828,0.2608252167701721,2.122667074203491
2012-11-19,17.08576202392578,11.48550033569336,16.58489990234375,22.74153709411621,21.43071174621582,0.2681594491004944,2.194667100906372
2012-11-20,16.9401912689209,11.689000129699707,16.62858009338379,22.920135498046875,21.4146785736084,0.2650454342365265,2.200000047683716
2012-11-21,16.964052200317383,11.90149974822998,16.526817321777344,24.130638122558594,21.60709571838379,0.27265772223472595,2.1646668910980225
2012-11-23,17.26002311706543,11.994000434875488,16.578941345214844,23.813125610351562,22.20840835571289,0.2745031714439392,2.1419999599456787
2012-11-26,17.804553985595703,12.180999755859375,16.4096736907959,25.738021850585938,21.95985984802246,0.27934733033180237,2.1513330936431885
2012-11-27,17.66109848022461,12.170000076293945,16.64694595336914,25.946386337280273,21.711322784423828,0.2805006206035614,2.1433329582214355
2012-11-28,17.605527877807617,12.355500221252441,16.968610763549805,26.154752731323242,21.935802459716797,0.2828073799610138,2.2153329849243164
2012-11-29,17.799415588378906,12.56350040435791,17.17263412475586,27.107276916503906,21.60709571838379,0.2777324914932251,2.246000051498413
2012-11-30,17.67620086669922,12.602499961853027,17.333465576171875,27.781982421875,21.34252166748047,0.27611783146858215,2.254667043685913
2012-12-03,17.703685760498047,12.516500473022461,17.256027221679688,26.829456329345703,21.190189361572266,0.27104297280311584,2.308000087738037
2012-12-04,17.391403198242188,12.624500274658203,17.151288986206055,27.246185302734375,21.14208221435547,0.27911660075187683,2.259999990463257
2012-12-05,16.272144317626953,12.697999954223633,17.07161521911621,27.494237899780273,21.382598876953125,0.2758871912956238,2.24733304977417
2012-12-06,16.5273494720459,12.668499946594238,17.153770446777344,26.760000228881836,21.43071174621582,0.27634844183921814,2.259999990463257
2012-12-07,16.104833602905273,12.66349983215332,16.982013702392578,27.27595329284668,21.214237213134766,0.2758871912956238,2.2780001163482666
2012-12-10,16.00124168395996,12.388500213623047,17.012048721313477,27.623231887817383,21.59908103942871,0.2851141095161438,2.3046669960021973
2012-12-11,16.35066795349121,12.534500122070312,17.296483993530273,27.762134552001953,21.903745651245117,0.2918037176132202,2.3519999980926514
2012-12-12,16.27848243713379,12.588000297546387,17.31336212158203,27.36524772644043,21.839599609375,0.2888049781322479,2.3506669998168945
2012-12-13,15.99730110168457,12.5625,17.440935134887695,28.020111083984375,21.73537254333496,0.2890356183052063,2.2406671047210693
2012-12-14,15.396303176879883,12.459500312805176,17.42256736755371,26.60124969482422,21.494844436645508,0.2904195785522461,2.253999948501587
2012-12-17,15.669321060180664,12.692999839782715,17.88968276977539,26.541717529296875,21.72735595703125,0.28926628828048706,2.293333053588867
2012-12-18,16.124454498291016,13.020000457763672,17.896873474121094,27.494237899780273,22.096166610717773,0.28972771763801575,2.305999994277954
2012-12-19,15.89522933959961,12.899499893188477,17.873050689697266,27.196578979492188,21.895719528198242,0.2918037176132202,2.307332992553711
2012-12-20,15.75690746307373,13.074999809265137,17.928895950317383,27.1469669342041,22.192365646362305,0.29157301783561707,2.295332908630371
2012-12-21,15.684423446655273,12.845999717712402,17.761856079101562,26.05552864074707,22.00796127319336,0.28488340973854065,2.266666889190674
2012-12-24,15.709800720214844,12.930999755859375,17.609710693359375,26.720312118530273,21.695287704467773,0.28257668018341064,2.2853329181671143
2012-12-26,15.493255615234375,12.431500434875488,17.594074249267578,26.30358123779297,21.534940719604492,0.2823460102081299,2.239332914352417
2012-12-27,15.555461883544922,12.415499687194824,17.530040740966797,25.847166061401367,21.615110397338867,0.2805006206035614,2.246000051498413
2012-12-28,15.390265464782715,12.258999824523926,17.37417221069336,25.708251953125,21.286396026611328,0.27911660075187683,2.2146670818328857
2012-12-31,16.07221221923828,12.543499946594238,17.557092666625977,26.412729263305664,21.4146785736084,0.2828073799610138,2.257999897003174
2013-01-02,16.581401824951172,12.865500450134277,17.95098304748535,27.781982421875,22.14426612854004,0.2934185564517975,2.357332944869995
2013-01-03,16.372100830078125,12.923999786376953,17.961406707763672,27.55377197265625,21.84762191772461,0.2936491370201111,2.318000078201294
2013-01-04,15.916067123413086,12.957500457763672,18.31633186340332,28.53606605529785,21.43872833251953,0.303337424993515,2.293333053588867
2013-01-07,15.822441101074219,13.42300033569336,18.236413955688477,29.19092559814453,21.398643493652344,0.29457178711891174,2.2893331050872803
2013-01-08,15.865019798278809,13.319000244140625,18.200424194335938,28.833730697631836,21.286396026611328,0.28811293840408325,2.245332956314087
2013-01-09,15.617073059082031,13.317500114440918,18.320058822631836,30.3518123626709,21.406660079956055,0.28165391087532043,2.2426669597625732
2013-01-10,15.810664176940918,13.267000198364258,18.40345001220703,31.05628776550293,21.214237213134766,0.2821154296398163,2.23533296585083
2013-01-11,15.713724136352539,13.397000312805176,18.366470336914062,31.473018646240234,21.510883331298828,0.28165391087532043,2.194000005722046
2013-01-14,15.153487205505371,13.636500358581543,17.95098304748535,30.709012985229492,21.55898666381836,0.28142333030700684,2.2173330783843994
2013-01-15,14.67540454864502,13.595000267028809,17.9926815032959,29.865631103515625,21.815536499023438,0.27634844183921814,2.259999990463257
2013-01-16,15.284560203552246,13.446499824523926,17.75093650817871,29.617578506469727,21.67925453186035,0.27888602018356323,2.2733330726623535
2013-01-17,15.181568145751953,13.52400016784668,17.654884338378906,29.905319213867188,21.84762191772461,0.28257668018341064,2.2920000553131104
2013-01-18,15.100628852844238,13.605999946594238,17.485858917236328,29.42905616760254,21.84762191772461,0.28073135018348694,2.301332950592041
2013-01-22,15.244696617126465,13.509499549865723,17.445154190063477,30.49072265625,21.76744270324707,0.27934733033180237,2.3459999561309814
2013-01-23,15.52375316619873,13.405500411987305,18.403947830200195,30.58002281188965,22.136247634887695,0.2798086702823639,2.4000000953674316
2013-01-24,13.605669975280762,13.67300033569336,18.719406127929688,30.83799934387207,22.15228271484375,0.28119269013404846,2.4660000801086426
2013-01-25,13.284933090209961,14.19950008392334,18.706005096435547,31.29442024230957,22.35272216796875,0.2862675189971924,2.4653329849243164
2013-01-28,13.58543872833252,13.802000045776367,18.633033752441406,32.2171745300293,22.37677001953125,0.29088109731674194,2.5353329181671143
2013-01-29,13.84033489227295,13.017499923706055,18.706254959106445,30.55025863647461,22.45694351196289,0.28465279936790466,2.5299999713897705
2013-01-30,13.796847343444824,13.637999534606934,18.709980010986328,30.996755599975586,22.328676223754883,0.28419139981269836,2.501332998275757
2013-01-31,13.756377220153809,13.274999618530273,18.756145477294922,30.73877716064453,22.00796127319336,0.2828073799610138,2.500667095184326
2013-02-01,13.699899673461914,13.25,19.25030517578125,29.498510360717773,22.392812728881836,0.2853448688983917,2.553333044052124
2013-02-04,13.358623504638672,12.99899959564209,18.838788986206055,27.89112663269043,21.99995231628418,0.2805006206035614,2.5160000324249268
2013-02-05,13.827348709106445,13.344499588012695,19.00558090209961,28.41699981689453,22.04805564880371,0.28695952892303467,2.5420000553131104
2013-02-06,13.812551498413086,13.111000061035156,19.11553192138672,28.823806762695312,21.91977310180664,0.28465279936790466,2.611332893371582
2013-02-07,14.223250389099121,13.011500358581543,19.209354400634766,28.426918029785156,21.871665954589844,0.28349941968917847,2.631999969482422
2013-02-08,14.42859935760498,13.09749984741211,19.4927978515625,28.32769775390625,22.0881404876709,0.2853448688983917,2.615999937057495
2013-02-11,14.578967094421387,12.86050033569336,19.41957664489746,28.039955139160156,22.336687088012695,0.2885741889476776,2.561332941055298
2013-02-12,14.213529586791992,12.9350004196167,19.376888275146484,27.156888961791992,22.35272216796875,0.28672894835472107,2.5260000228881836
2013-02-13,14.186497688293457,13.47350025177002,19.430500030517578,27.69268226623535,22.472986221313477,0.2853448688983917,2.563333034515381
2013-02-14,14.173735618591309,13.461999893188477,19.553604125976562,28.278087615966797,22.480998992919922,0.2936491370201111,2.551332950592041
2013-02-15,13.978410720825195,13.254500389099121,19.679443359375,28.0994873046875,22.45694351196289,0.2936491370201111,2.4693329334259033
2013-02-19,13.973245620727539,13.487500190734863,20.025928497314453,28.704744338989258,22.675220489501953,0.28972771763801575,2.618666887283325
2013-02-20,13.634845733642578,13.320500373840332,19.66876792907715,28.238399505615234,22.529705047607422,0.2855755686759949,2.569333076477051
2013-02-21,13.550087928771973,13.29699993133545,19.744962692260742,27.067588806152344,22.22251319885254,0.28349941968917847,2.3440001010894775
2013-02-22,13.694382667541504,13.270999908447266,19.848709106445312,26.918752670288086,22.440780639648438,0.2888049781322479,2.4073328971862793
2013-02-25,13.451062202453613,12.993499755859375,19.626827239990234,27.057666778564453,22.12550926208496,0.28373008966445923,2.2920000553131104
2013-02-26,13.638487815856934,12.968000411987305,19.610937118530273,27.176733016967773,22.12550926208496,0.28709545731544495,2.295332908630371
2013-02-27,13.504825592041016,13.162500381469727,19.850448608398438,26.660783767700195,22.481201171875,0.2924334704875946,2.3399999141693115
2013-02-28,13.408535957336426,13.213500022888184,19.885696411132812,27.03782081604004,22.473115921020508,0.29382598400115967,2.322000026702881
2013-03-01,13.076510429382324,13.286999702453613,20.009546279907227,27.563695907592773,22.594371795654297,0.2949865758419037,2.309999942779541
2013-03-04,12.75997543334961,13.655500411987305,20.38953971862793,27.504161834716797,22.75605010986328,0.29382598400115967,2.371999979019165
2013-03-05,13.096860885620117,13.779500007629395,20.81395721435547,27.30571746826172,22.917728424072266,0.2970752418041229,2.4433329105377197
2013-03-06,12.930397033691406,13.689499855041504,20.6347599029541,27.236265182495117,22.707550048828125,0.2968432903289795,2.512666940689087
2013-03-07,13.079851150512695,13.694000244140625,20.6650390625,28.357465744018555,22.747962951660156,0.2961469888687134,2.5486669540405273
2013-03-08,13.114481925964355,13.709500312805176,20.638233184814453,27.742292404174805,22.634794235229492,0.29753950238227844,2.564666986465454
2013-03-11,13.30130386352539,13.562000274658203,20.72014045715332,27.92089080810547,22.529705047607422,0.2947542667388916,2.6066670417785645
2013-03-12,13.014542579650879,13.706500053405762,20.541189193725586,27.613304138183594,22.562036514282227,0.2956828773021698,2.6080000400543213
2013-03-13,13.012113571166992,13.755000114440918,20.484102249145508,26.869142532348633,22.570117950439453,0.2956828773021698,2.5986669063568115
2013-03-14,13.138179779052734,13.286999702453613,20.390531539916992,26.829456329345703,22.747962951660156,0.2959148585796356,2.456666946411133
2013-03-15,13.477185249328613,13.090999603271484,20.21083641052246,26.44249153137207,22.667129516601562,0.2933618128299713,2.3526670932769775
2013-03-18,13.843535423278809,12.894499778747559,20.04926109313965,26.283735275268555,22.715633392333984,0.2912730276584625,2.3433330059051514
2013-03-19,13.806175231933594,12.820500373840332,20.136871337890625,26.34326934814453,22.780302047729492,0.28941625356674194,2.3386669158935547
2013-03-20,13.732962608337402,12.86400032043457,20.221012115478516,25.658645629882812,22.893468856811523,0.29289770126342773,2.396667003631592
2013-03-21,13.752706527709961,12.669500350952148,20.13538360595703,25.53957748413086,22.723712921142578,0.28825584053993225,2.4006669521331787
2013-03-22,14.03156852722168,12.887499809265137,20.111804962158203,25.52965545654297,22.836889266967773,0.2896484434604645,2.441333055496216
2013-03-25,14.082300186157227,12.800999641418457,20.095176696777344,24.934328079223633,22.764127731323242,0.2880237400531769,2.502000093460083
2013-03-26,14.008176803588867,13.01550006866455,20.164173126220703,25.013702392578125,22.764127731323242,0.29011252522468567,2.5239999294281006
2013-03-27,13.732962608337402,13.265000343322754,19.921932220458984,25.886859893798828,22.933900833129883,0.2935939431190491,2.5439999103546143
2013-03-28,13.446807861328125,13.32450008392334,19.711708068847656,25.38082504272461,23.12790298461914,0.2977715730667114,2.5260000228881836
2013-04-01,13.02912425994873,13.080499649047852,19.885446548461914,25.33121681213379,23.12790298461914,0.2880237400531769,2.9286670684814453
2013-04-02,13.055850982666016,13.166000366210938,20.1795654296875,25.222070693969727,23.281503677368164,0.28500664234161377,2.9560000896453857
2013-04-03,13.122682571411133,12.951499938964844,20.009794235229492,26.04560661315918,23.08748435974121,0.28152528405189514,2.740000009536743
2013-04-04,12.992971420288086,12.954000473022461,19.733549118041992,26.859222412109375,23.119823455810547,0.28431034088134766,2.8006670475006104
2013-04-05,12.855667114257812,12.77400016784668,19.435213088989258,27.176733016967773,23.200666427612305,0.2891843616962433,2.757999897003174
2013-04-08,12.947101593017578,12.947500228881836,19.231687545776367,26.64093780517578,23.11174201965332,0.2884880602359772,2.7886669635772705
2013-04-09,12.970491409301758,13.057000160217285,19.30118751525879,26.382959365844727,23.93629264831543,0.2931297719478607,2.700000047683716
2013-04-10,13.235076904296875,13.238499641418457,19.6121826171875,27.355327606201172,24.477916717529297,0.2977715730667114,2.7906670570373535
2013-04-11,13.193766593933105,13.492500305175781,19.617393493652344,27.80182647705078,23.39467430114746,0.2963789403438568,2.9059998989105225
2013-04-12,13.056156158447266,13.643500328063965,19.60895347595215,27.1866512298584,23.27341651916504,0.3038059175014496,2.9166669845581055
2013-04-15,12.753905296325684,13.38599967956543,19.40741539001465,26.313507080078125,23.192581176757812,0.29753950238227844,2.886667013168335
2013-04-16,12.948014259338379,13.616999626159668,19.69135284423828,26.71038818359375,23.418935775756836,0.3007887303829193,3.0393331050872803
2013-04-17,12.235970497131348,13.369999885559082,19.423049926757812,26.422649383544922,23.30575180053711,0.2968432903289795,3.0299999713897705
2013-04-18,11.90941333770752,12.970999717712402,19.00979995727539,25.48996925354004,23.27341651916504,0.2910408675670624,3.131333112716675
2013-04-19,11.863241195678711,13.015999794006348,19.852685928344727,25.52965545654297,24.065637588500977,0.29173722863197327,3.188667058944702
2013-04-22,12.110514640808105,13.177499771118164,19.858638763427734,25.767786026000977,24.922523498535156,0.29220128059387207,3.3459999561309814
2013-04-23,12.337129592895508,13.444999694824219,20.05198860168457,25.7777099609375,24.73659896850586,0.2998603582382202,3.4006669521331787
2013-04-24,12.316776275634766,13.439000129699707,20.18973731994629,25.90669822692871,25.6743221282959,0.3100722134113312,3.361999988555908
2013-04-25,12.405475616455078,13.734999656677246,20.081769943237305,25.936466217041016,25.819826126098633,0.31262537837028503,3.4666669368743896
2013-04-26,12.673402786254883,12.740500450134277,19.891155242919922,26.64093780517578,25.698579788208008,0.3112327456474304,3.413332939147949
2013-04-29,13.065878868103027,12.487000465393066,20.3289794921875,26.769920349121094,26.3614501953125,0.31494632363319397,3.6626670360565186
2013-04-30,13.450454711914062,12.690500259399414,20.465736389160156,27.55377197265625,26.757558822631836,0.31958797574043274,3.5993330478668213
2013-05-01,13.344437599182129,12.411499977111816,20.362979888916016,27.21642303466797,26.450368881225586,0.3168030381202698,3.552000045776367
2013-05-02,13.533693313598633,12.6274995803833,20.5908260345459,28.744430541992188,26.806060791015625,0.3205164074897766,3.607332944869995
2013-05-03,13.669170379638672,12.90250015258789,20.990676879882812,28.08956527709961,27.072830200195312,0.3219089210033417,3.636667013168335
2013-05-06,13.995118141174316,12.78600025177002,21.383575439453125,27.355327606201172,27.283010482788086,0.32098057866096497,3.9666669368743896
2013-05-07,13.932842254638672,12.886500358581543,21.27635383605957,26.680620193481445,26.927318572998047,0.3168030381202698,3.700666904449463
2013-05-08,14.09019947052002,12.934000015258789,21.683399200439453,26.90883445739746,26.66864013671875,0.3226051926612854,3.7193329334259033
2013-05-09,13.96727466583252,13.008000373840332,21.63003921508789,26.829456329345703,26.401865005493164,0.3228372633457184,4.626667022705078
2013-05-10,13.851075172424316,13.181500434875488,21.847213745117188,26.472261428833008,26.426124572753906,0.3374589681625366,5.117332935333252
2013-05-13,13.905200004577637,13.225500106811523,21.78019905090332,26.61117172241211,26.700973510742188,0.3304961919784546,5.853332996368408
2013-05-14,13.572505950927734,13.416500091552734,22.017723083496094,26.859222412109375,27.29522705078125,0.33537015318870544,5.549333095550537
2013-05-15,13.113524436950684,13.32800006866455,22.73229217529297,26.392881393432617,27.555723190307617,0.34117230772972107,5.656000137329102
2013-05-16,13.288744926452637,13.206000328063965,22.4339542388916,25.926544189453125,27.742965698242188,0.339547723531723,6.150000095367432
2013-05-17,13.248380661010742,13.494999885559082,22.56574821472168,26.04560661315918,28.386056900024414,0.3451179563999176,6.099999904632568
2013-05-20,13.544073104858398,13.381500244140625,22.549612045288086,25.559423446655273,28.55701446533203,0.3444215655326843,5.995999813079834
2013-05-21,13.444080352783203,13.442999839782715,22.510894775390625,25.4601993560791,28.36977195739746,0.3480373024940491,5.8393330574035645
2013-05-22,13.495755195617676,13.14799976348877,22.075302124023438,24.964094161987305,28.174402236938477,0.33590736985206604,5.815999984741211
2013-05-23,13.519914627075195,13.09000015258789,21.910749435424805,24.8648738861084,27.79994010925293,0.3412724435329437,6.182000160217285
2013-05-24,13.611952781677246,13.086999893188477,21.67570686340332,24.12071418762207,27.897632598876953,0.3391730487346649,6.4720001220703125
2013-05-28,13.498510360717773,13.364500045776367,21.87302589416504,23.91234588623047,28.5081787109375,0.33893975615501404,7.355332851409912
2013-05-29,13.60583782196045,13.27649974822998,21.55135726928711,23.13842010498047,28.394207000732422,0.33684042096138,6.975333213806152
2013-05-30,13.808574676513672,13.341500282287598,21.612167358398438,24.358844757080078,28.516319274902344,0.3412724435329437,6.99666690826416
2013-05-31,13.752006530761719,13.460000038146973,21.623584747314453,24.160402297973633,28.41048812866211,0.33754029870033264,6.517333030700684
2013-06-03,13.78227424621582,13.343999862670898,21.53447914123535,23.66429328918457,28.97218132019043,0.3370736539363861,6.172667026519775
2013-06-04,13.739161491394043,13.28499984741211,21.322765350341797,23.336862564086914,28.483753204345703,0.33754029870033264,6.322667121887207
2013-06-05,13.610733032226562,13.358499526977539,21.33765983581543,22.72169303894043,28.31279754638672,0.33030879497528076,6.357999801635742
2013-06-06,13.407384872436523,13.391500473022461,21.46027183532715,22.791147232055664,28.459333419799805,0.33240821957588196,6.489999771118164
2013-06-07,13.509822845458984,13.843500137329102,21.834800720214844,23.10865592956543,29.03730010986328,0.3370736539363861,6.802667140960693
2013-06-10,13.420531272888184,14.053500175476074,22.095163345336914,24.14055824279785,28.874494552612305,0.33684042096138,6.670000076293945
2013-06-11,13.381088256835938,13.73900032043457,21.83678436279297,23.842897415161133,28.36163902282715,0.3305421471595764,6.297999858856201
2013-06-12,13.215657234191895,13.583499908447266,21.642446517944336,23.584918975830078,28.49188995361328,0.3277428448200226,6.51533317565918
2013-06-13,13.330942153930664,13.78950023651123,21.767044067382812,23.545228958129883,28.263961791992188,0.33520758152008057,6.545332908630371
2013-06-14,13.150219917297363,13.69950008392334,21.718395233154297,23.446008682250977,28.003454208374023,0.3347410261631012,6.686666965484619
2013-06-17,13.209848403930664,13.902999877929688,21.996625900268555,23.832971572875977,28.49188995361328,0.33800676465034485,6.813333034515381
2013-06-18,13.202815055847168,14.088000297546387,22.353288650512695,24.0214900970459,28.475610733032227,0.33590736985206604,6.892666816711426
2013-06-19,12.934643745422363,13.907999992370605,22.354778289794922,24.12071418762207,28.15813446044922,0.3461712598800659,6.97866678237915
2013-06-20,12.746282577514648,13.67199993133545,21.959144592285156,23.713905334472656,27.262672424316406,0.33684042096138,6.710000038146973
2013-06-21,12.644147872924805,13.668000221252441,21.864587783813477,24.338998794555664,27.083581924438477,0.33637383580207825,6.636666774749756
2013-06-24,12.309011459350586,13.530500411987305,21.588090896606445,23.75359344482422,27.449905395507812,0.3293757438659668,6.765999794006348
2013-06-25,12.31176471710205,13.604499816894531,21.498985290527344,24.061180114746094,27.40920066833496,0.33170849084854126,6.826666831970215
2013-06-26,12.172327041625977,13.878499984741211,21.683897018432617,23.971878051757812,27.962757110595703,0.32984229922294617,7.047999858856201
2013-06-27,12.041142463684082,13.8774995803833,21.76878547668457,24.467987060546875,28.182544708251953,0.3268098831176758,7.283332824707031
2013-06-28,12.125234603881836,13.884499549865723,21.850683212280273,24.686275482177734,28.117431640625,0.3275096118450165,7.157332897186279
2013-07-01,12.51327133178711,14.104999542236328,22.037080764770508,24.616819381713867,27.970897674560547,0.3289092481136322,7.811999797821045
2013-07-02,12.796734809875488,14.18649959564209,21.89883804321289,24.219932556152344,27.628992080688477,0.3286760151386261,7.8546671867370605
2013-07-03,12.867369651794434,14.201499938964844,22.001094818115234,24.32908058166504,27.68597984313965,0.32960912585258484,7.682666778564453
2013-07-05,12.764016151428223,14.293999671936035,22.17632484436035,24.180246353149414,27.848787307739258,0.332175076007843,8.005999565124512
2013-07-08,12.691546440124512,14.529500007629395,22.464235305786133,24.517597198486328,27.946474075317383,0.3305421471595764,8.107333183288574
2013-07-09,12.91476821899414,14.576499938964844,22.467960357666016,25.28160285949707,27.962757110595703,0.332175076007843,8.229999542236328
2013-07-10,12.865229606628418,14.616499900817871,22.486570358276367,25.599109649658203,28.247669219970703,0.3366071879863739,8.15133285522461
2013-07-11,13.065823554992676,14.982999801635742,22.840255737304688,25.609031677246094,29.0535888671875,0.3412724435329437,8.37399959564209
2013-07-12,13.041975021362305,15.3774995803833,22.90876007080078,25.708251953125,29.03730010986328,0.34150588512420654,8.65999984741211
2013-07-15,13.070412635803223,15.328499794006348,22.950702667236328,26.075374603271484,29.444334030151367,0.34080588817596436,8.484000205993652
2013-07-16,13.15480899810791,15.343500137329102,22.824617385864258,26.115062713623047,29.52573585510254,0.342672199010849,7.269999980926514
2013-07-17,13.158170700073242,15.434499740600586,22.798311233520508,26.44249153137207,29.094289779663086,0.34080588817596436,8.016667366027832
2013-07-18,13.20251178741455,15.205499649047852,22.60297393798828,25.97615623474121,28.8500919342041,0.33940643072128296,7.935332775115967
2013-07-19,12.994270324707031,15.261500358581543,22.253509521484375,25.67848777770996,25.561288833618164,0.332175076007843,7.97866678237915
2013-07-22,13.035859107971191,15.173999786376953,22.60347557067871,25.847166061401367,26.0578670501709,0.33194178342819214,8.161999702453613
2013-07-23,12.812027931213379,15.053000450134277,22.43221664428711,25.926544189453125,25.903200149536133,0.33147522807121277,8.182666778564453
2013-07-24,13.470072746276855,14.946999549865723,22.409875869750977,26.30358123779297,26.017168045043945,0.33147522807121277,8.113332748413086
2013-07-25,13.408609390258789,15.170000076293945,22.03261375427246,34.09246063232422,25.55315399169922,0.3326416015625,8.271332740783691
2013-07-26,13.484747886657715,15.600500106811523,21.97429084777832,33.74518585205078,25.740388870239258,0.33124202489852905,8.62600040435791
2013-07-29,13.692683219909668,15.305000305175781,21.89784049987793,35.15412902832031,25.67526626586914,0.3305421471595764,8.974666595458984
2013-07-30,13.861781120300293,15.120499610900879,22.112537384033203,37.336997985839844,25.927621841430664,0.3361406624317169,8.78266716003418
2013-07-31,13.83761978149414,15.060999870300293,22.033855438232422,36.513465881347656,25.919477462768555,0.33684042096138,8.95199966430664
2013-08-01,13.964522361755371,15.278499603271484,22.44264030456543,37.198089599609375,25.78109359741211,0.34150588512420654,9.036666870117188
2013-08-02,14.14371109008789,15.21049976348877,22.50096893310547,37.753726959228516,25.96018409729004,0.34430497884750366,9.199999809265137
2013-08-05,14.355008125305176,15.049500465393066,22.46200180053711,38.88485336303711,25.805505752563477,0.34593790769577026,9.645333290100098
2013-08-06,14.226582527160645,15.037500381469727,22.25276756286621,38.24983596801758,25.70782470703125,0.34080588817596436,9.476667404174805
2013-08-07,14.218321800231934,14.845499992370605,22.1058349609375,38.56733703613281,26.098573684692383,0.340572714805603,8.9486665725708
2013-08-08,14.1900053024292,14.786999702453613,22.15572166442871,38.23991012573242,26.77423667907715,0.3429054319858551,10.232000350952148
2013-08-09,13.98808479309082,14.86299991607666,22.099878311157227,38.20022201538086,26.619564056396484,0.33800676465034485,10.199999809265137
2013-08-12,14.385464668273926,14.834500312805176,21.978260040283203,37.92240905761719,26.757951736450195,0.33520758152008057,9.825332641601562
2013-08-13,15.069090843200684,14.69849967956543,21.872526168823242,36.73175048828125,26.421844482421875,0.33637383580207825,9.695332527160645
2013-08-14,15.343954086303711,14.567000389099121,21.58858871459961,36.36463165283203,26.520212173461914,0.350603312253952,9.290666580200195
2013-08-15,15.325796127319336,14.32349967956543,21.336668014526367,36.27532958984375,26.06113052368164,0.3529359996318817,9.311332702636719
2013-08-16,15.461844444274902,14.241000175476074,21.268409729003906,36.79127883911133,26.0693302154541,0.35433557629585266,9.466667175292969
2013-08-19,15.628365516662598,14.278499603271484,21.485336303710938,37.515602111816406,25.73321533203125,0.34873709082603455,9.65999984741211
2013-08-20,15.423069953918457,14.354499816894531,21.479629516601562,38.11092758178711,25.921768188476562,0.3504955768585205,9.972000122070312
2013-08-21,15.46277141571045,14.228500366210938,21.576675415039062,38.021629333496094,25.9135684967041,0.3488543927669525,9.857333183288574
2013-08-22,15.481234550476074,14.486499786376953,21.685382843017578,38.24983596801758,26.553009033203125,0.35072991251945496,10.473333358764648
2013-08-23,15.421524047851562,14.500499725341797,21.598514556884766,40.23426055908203,28.487720489501953,0.35072991251945496,10.78933334350586
2013-08-26,15.481547355651855,14.310500144958496,21.503700256347656,41.01811599731445,27.995832443237305,0.3514331877231598,10.947999954223633
2013-08-27,15.038928985595703,14.046500205993652,21.100627899169922,39.33135223388672,27.266220092773438,0.3469788432121277,11.133999824523926
2013-08-28,15.110021591186523,14.079000473022461,21.060916900634766,40.23426055908203,27.069480895996094,0.3469788432121277,11.096667289733887
2013-08-29,15.13465404510498,14.199000358581543,21.23167610168457,40.95857620239258,27.503957748413086,0.34627553820610046,11.070667266845703
2013-08-30,14.996761322021484,14.048999786376953,21.01996421813965,40.96849822998047,27.380996704101562,0.3458065390586853,11.266667366027832
2013-09-03,15.038617134094238,14.4399995803833,21.354537963867188,41.543983459472656,26.134910583496094,0.3460409343242645,11.262666702270508
2013-09-04,15.34980583190918,14.682000160217285,21.63376235961914,41.454681396484375,25.577455520629883,0.34932324290275574,11.374667167663574
2013-09-05,15.244538307189941,14.704999923706055,21.830583572387695,42.32783126831055,25.602048873901367,0.35026103258132935,11.328666687011719
2013-09-06,15.335336685180664,14.793000221252441,21.831079483032227,43.607784271240234,25.536466598510742,0.3488543927669525,11.131333351135254
2013-09-09,15.580034255981445,14.98550033569336,22.041301727294922,43.697086334228516,25.954566955566406,0.3547155261039734,10.713333129882812
2013-09-10,15.225144386291504,15.017999649047852,22.056690216064453,43.26051330566406,26.553009033203125,0.3622177839279175,11.091333389282227
2013-09-11,14.396234512329102,14.982000350952148,22.24333953857422,44.68930435180664,26.839935302734375,0.36831343173980713,10.90133285522461
2013-09-12,14.549520492553711,14.942999839782715,22.1656494140625,44.40156173706055,26.7989444732666,0.36807888746261597,10.995332717895508
2013-09-13,14.309741973876953,14.895999908447266,22.06661605834961,43.96498489379883,27.077674865722656,0.3704233467578888,11.03600025177002
2013-09-16,13.854806900024414,14.803000450134277,22.03410530090332,42.17899703979492,26.88912010192871,0.3706578016281128,11.10533332824707
2013-09-17,14.01486873626709,15.208499908447266,21.993154525756836,44.71906661987305,26.995697021484375,0.371830016374588,11.081999778747559
2013-09-18,14.30296516418457,15.601499557495117,22.42030143737793,44.8778190612793,27.315406799316406,0.3751122057437897,11.08133316040039
2013-09-19,14.53751277923584,15.602999687194824,22.297941207885742,45.62198257446289,27.57775115966797,0.37347114086151123,11.861332893371582
2013-09-20,14.386999130249023,15.817000389099121,22.415090560913086,47.12022018432617,26.880916595458984,0.3701888620853424,12.22599983215332
2013-09-23,15.10202407836914,15.57450008392334,22.002830505371094,46.82255935668945,26.839935302734375,0.366672158241272,12.074000358581543
2013-09-24,15.054620742797852,15.706500053405762,22.011268615722656,48.07275390625,26.602188110351562,0.36807888746261597,12.155332565307617
2013-09-25,14.821611404418945,15.632499694824219,21.772750854492188,49.07488250732422,26.651384353637695,0.3685477375984192,12.349332809448242
2013-09-26,14.965973854064941,15.906000137329102,21.796077728271484,49.99764633178711,26.864530563354492,0.3673756420612335,12.576000213623047
2013-09-27,14.859170913696289,15.80049991607666,21.751903533935547,50.84101867675781,27.274429321289062,0.36526554822921753,12.726667404174805
2013-09-30,14.674485206604004,15.631999969482422,21.739990234375,49.838890075683594,27.28262710571289,0.36479663848876953,12.891332626342773
2013-10-01,15.019532203674316,16.047500610351562,22.015241622924805,50.02740478515625,27.528560638427734,0.3645623028278351,12.866666793823242
2013-10-02,15.068779945373535,16.02549934387207,22.039812088012695,49.88849639892578,27.807292938232422,0.36432772874832153,12.063332557678223
2013-10-03,14.879483222961426,15.73799991607666,21.744457244873047,48.797061920166016,27.758106231689453,0.3605766296386719,11.553999900817871
2013-10-04,14.867788314819336,15.95199966430664,21.651630401611328,50.64258575439453,27.774494171142578,0.3654998540878296,12.065333366394043
2013-10-07,15.013068199157715,15.501500129699707,21.48756980895996,50.12662887573242,27.29901123046875,0.3654998540878296,12.204667091369629
2013-10-08,14.803457260131836,15.161499977111816,21.18799591064453,46.772953033447266,27.061279296875,0.36245229840278625,11.648667335510254
2013-10-09,14.977361679077148,14.911499977111816,21.242353439331055,46.40583801269531,27.11046028137207,0.3568255305290222,11.251999855041504
2013-10-10,15.071247100830078,15.258500099182129,21.549623489379883,48.66807174682617,27.676122665405273,0.3608110845088959,11.528667449951172
2013-10-11,15.168815612792969,15.544500350952148,21.6426944732666,48.72761535644531,27.979434967041016,0.3577633798122406,11.91333293914795
2013-10-14,15.268234252929688,15.53499984741211,21.744951248168945,49.12449645996094,28.241777420043945,0.36315542459487915,11.981332778930664
2013-10-15,15.34949779510498,15.319999694824219,21.89139175415039,49.11457443237305,28.274566650390625,0.36127999424934387,12.262666702270508
2013-10-16,15.424294471740723,15.524499893188477,22.289003372192383,50.74180603027344,28.39752769470215,0.3657344579696655,12.237333297729492
2013-10-17,15.528633117675781,15.53849983215332,22.05967140197754,51.803470611572266,28.62708282470703,0.3664378225803375,12.186667442321777
2013-10-18,15.663761138916016,16.446500778198242,25.103084564208984,53.79782485961914,28.659870147705078,0.3706578016281128,12.226667404174805
2013-10-21,16.047597885131836,16.32200050354004,24.90179443359375,53.430702209472656,28.684467315673828,0.3715955317020416,11.506667137145996
2013-10-22,16.00172996520996,16.62700080871582,24.993627548217773,52.26981735229492,28.348344802856445,0.36972007155418396,11.435999870300293
2013-10-23,16.158403396606445,16.33799934387207,25.599485397338867,51.49588394165039,27.676122665405273,0.36338984966278076,10.966667175292969
2013-10-24,16.372325897216797,16.61050033569336,25.454036712646484,52.04160690307617,27.64333152770996,0.3608110845088959,11.543333053588867
2013-10-25,16.18918800354004,18.16950035095215,25.197153091430664,51.54549789428711,29.29111671447754,0.35729438066482544,11.310667037963867
2013-10-28,16.309846878051758,17.908000946044922,25.192188262939453,49.838890075683594,29.15993309020996,0.35659095644950867,10.857333183288574
2013-10-29,15.903542518615723,18.135000228881836,25.719362258911133,49.01535415649414,29.11894989013672,0.357060045003891,10.964667320251465
2013-10-30,16.15656089782715,18.054000854492188,25.574909210205078,48.62839126586914,29.135351181030273,0.3568255305290222,10.614666938781738
2013-10-31,16.088842391967773,18.201499938964844,25.578882217407227,49.81903839111328,29.028778076171875,0.3561221957206726,10.662667274475098
2013-11-01,16.006654739379883,17.950000762939453,25.491018295288086,49.36262893676758,29.127138137817383,0.3577633798122406,10.811332702636719
2013-11-04,16.213499069213867,17.937000274658203,25.467937469482422,47.84454345703125,29.463253021240234,0.3474476933479309,11.680000305175781
2013-11-05,16.173480987548828,17.944499969482422,25.35401153564453,49.71982192993164,30.037118911743164,0.3469788432121277,11.787332534790039
2013-11-06,16.127666473388672,17.80900001525879,25.384540557861328,48.73753356933594,31.29958724975586,0.34932324290275574,10.077333450317383
2013-11-07,15.866677284240723,17.17799949645996,25.017210006713867,47.1896858215332,30.742137908935547,0.34111782908439636,9.317999839782715
2013-11-08,16.116518020629883,17.515499114990234,25.217750549316406,47.159908294677734,30.9716854095459,0.36479663848876953,9.196666717529297
2013-11-11,16.06977653503418,17.7189998626709,25.08272933959961,45.84027099609375,30.815919876098633,0.3678444027900696,9.646666526794434
2013-11-12,16.099489212036133,17.476499557495117,25.112268447875977,46.24707794189453,30.627363204956055,0.3685477375984192,9.186667442321777
2013-11-13,16.118688583374023,17.81100082397461,25.625789642333984,48.330726623535156,31.283203125,0.3786289095878601,9.24666690826416
2013-11-14,16.351816177368164,18.3700008392334,25.694293975830078,48.60853958129883,31.168426513671875,0.38026997447013855,9.173333168029785
2013-11-15,16.253673553466797,18.458499908447266,25.652841567993164,48.62839126586914,31.0208683013916,0.3790978193283081,9.029999732971191
2013-11-18,16.056764602661133,18.30900001525879,25.60295867919922,45.47315216064453,30.496206283569336,0.369954377412796,8.10533332824707
2013-11-19,16.085248947143555,18.246999740600586,25.445350646972656,45.999027252197266,30.34750747680664,0.3639437258243561,8.406000137329102
2013-11-20,15.944381713867188,18.12849998474121,25.373619079589844,46.0684814453125,30.628366470336914,0.3585221767425537,8.074000358581543
2013-11-21,16.134477615356445,18.445999145507812,25.665502548217773,46.33637619018555,30.892683029174805,0.3613508343696594,8.140000343322754
2013-11-22,16.092992782592773,18.61549949645996,25.61139488220215,45.87002944946289,31.03310775756836,0.35781505703926086,8.092000007629395
2013-11-25,16.2149658203125,18.832000732421875,25.95986557006836,44.47101593017578,31.090911865234375,0.36559373140335083,8.055999755859375
2013-11-26,16.514041900634766,19.068500518798828,26.26961898803711,45.532684326171875,30.851390838623047,0.3686579763889313,8.033332824707031
2013-11-27,16.90290069580078,19.335500717163086,26.38627052307129,46.128013610839844,31.057884216308594,0.37007227540016174,8.462667465209961
2013-11-29,17.215906143188477,19.680999755859375,26.298906326293945,46.64396667480469,31.49568748474121,0.3677152395248413,8.485333442687988
2013-12-02,17.066059112548828,19.614999771118164,26.172077178955078,46.69357681274414,31.76000213623047,0.3712509274482727,8.277999877929688
2013-12-03,17.53325080871582,19.232999801635742,26.141794204711914,46.36614227294922,31.64434814453125,0.37101516127586365,9.646666526794434
2013-12-04,17.49237632751465,19.29800033569336,26.2639102935791,48.24142837524414,32.164737701416016,0.376200795173645,9.263333320617676
2013-12-05,17.582162857055664,19.22450065612793,26.24306297302246,47.96360778808594,31.388290405273438,0.37007227540016174,9.36533260345459
2013-12-06,17.338193893432617,19.34749984741211,26.554054260253906,47.56672286987305,31.685657501220703,0.3646509349346161,9.157333374023438
2013-12-09,17.53665542602539,19.24449920654297,26.759315490722656,48.459712982177734,31.974756240844727,0.3585221767425537,9.4399995803833
2013-12-10,17.5094051361084,19.388999938964844,26.921140670776367,49.85873031616211,31.47914695739746,0.36677229404449463,9.47933292388916
2013-12-11,17.379684448242188,19.109500885009766,26.738218307495117,48.99551010131836,31.066143035888672,0.36323654651641846,9.3100004196167
2013-12-12,17.35430145263672,19.0625,26.556289672851562,51.42643356323242,30.743995666503906,0.3561650812625885,9.83133316040039
2013-12-13,17.165136337280273,19.211999893188477,26.328689575195312,52.90483093261719,30.306215286254883,0.3540436029434204,9.84333324432373
2013-12-16,17.260183334350586,19.44849967956543,26.631244659423828,53.39101791381836,30.471426010131836,0.3545152246952057,9.862667083740234
2013-12-17,17.18246841430664,19.38249969482422,26.55380630493164,54.43284606933594,30.165800094604492,0.3561650812625885,10.163999557495117
2013-12-18,17.05181884765625,19.79800033569336,26.923376083374023,55.137306213378906,30.215356826782227,0.3611152172088623,9.86533260345459
2013-12-19,16.85646629333496,19.75950050354004,26.95985984802246,54.62135314941406,29.942771911621094,0.3625294864177704,9.381333351135254
2013-12-20,16.99764060974121,20.110000610351562,27.3172664642334,54.69081115722656,30.397079467773438,0.36983659863471985,9.549332618713379
2013-12-23,17.649967193603516,20.145999908447266,27.67665672302246,57.32018280029297,30.24839210510254,0.3719578981399536,9.569999694824219
2013-12-24,17.575044631958008,19.959999084472656,27.595746994018555,57.508697509765625,30.628366470336914,0.37290093302726746,10.093999862670898
2013-12-26,17.458322525024414,20.219499588012695,27.7352352142334,57.28049087524414,30.925722122192383,0.3693650960922241,10.366666793823242
2013-12-27,17.340362548828125,19.90399932861328,27.758562088012695,55.008323669433594,30.801820755004883,0.37148651480674744,10.074666976928711
2013-12-30,17.167926788330078,19.668500900268555,27.536672592163086,53.29179763793945,30.801820755004883,0.3764365613460541,10.162667274475098
2013-12-31,17.36916160583496,19.93950080871582,27.815898895263672,54.2244758605957,30.90093421936035,0.3776152729988098,10.028667449951172
2014-01-02,17.124889373779297,19.898500442504883,27.627517700195312,54.28400421142578,30.694448471069336,0.3738437294960022,10.006667137145996
2014-01-03,16.74872589111328,19.82200050354004,27.42597770690918,54.13517761230469,30.48795509338379,0.3693650960922241,9.970666885375977
2014-01-06,16.840055465698242,19.681499481201172,27.73175811767578,56.75461959838867,29.843647003173828,0.37431520223617554,9.800000190734863
2014-01-07,16.719621658325195,19.901500701904297,28.26637840270996,57.46900939941406,30.074934005737305,0.38044387102127075,9.957332611083984
2014-01-08,16.82550621032715,20.09600067138672,28.3252010345459,57.77659606933594,29.53803253173828,0.3856295645236969,10.085332870483398
2014-01-09,16.610645294189453,20.050500869750977,28.052431106567383,56.77445983886719,29.348033905029297,0.3712509274482727,9.835332870483398
2014-01-10,16.49980926513672,19.882999420166016,28.050941467285156,57.488861083984375,29.769302368164062,0.370779424905777,9.714667320251465
2014-01-13,16.586179733276367,19.548999786376953,27.872241973876953,55.47466278076172,28.89374351501465,0.36205798387527466,9.28933334350586
2014-01-14,16.916217803955078,19.87700080871582,28.527978897094727,57.29041290283203,29.55454444885254,0.37337231636047363,10.751333236694336
2014-01-15,17.25584602355957,19.793500900268555,28.50861930847168,57.1515007019043,30.364042282104492,0.37737947702407837,10.942000389099121
2014-01-16,17.15955924987793,19.790000915527344,28.697254180908203,56.74469757080078,30.471426010131836,0.37855803966522217,11.39799976348877
2014-01-17,16.739126205444336,19.980499267578125,28.556028366088867,55.86162567138672,30.050151824951172,0.37690800428390503,11.333999633789062
2014-01-21,16.999187469482422,20.352500915527344,28.882905960083008,58.05441665649414,29.87668800354004,0.3783223032951355,11.778667449951172
2014-01-22,17.07473373413086,20.226999282836914,28.915666580200195,57.06220245361328,29.678451538085938,0.37785089015960693,11.904000282287598
2014-01-23,17.21930503845215,19.993499755859375,28.793556213378906,56.189056396484375,29.785837173461914,0.3764365613460541,12.100000381469727
2014-01-24,16.906307220458984,19.3799991607666,27.893339157104492,54.026031494140625,30.405332565307617,0.36677229404449463,11.640000343322754
2014-01-27,17.04344940185547,19.31399917602539,27.332406997680664,53.13303756713867,29.761049270629883,0.3644152581691742,11.307999610900879
2014-01-28,15.681218147277832,19.721500396728516,27.872983932495117,54.710655212402344,29.959299087524414,0.3679508864879608,11.892000198364258
2014-01-29,15.503205299377441,19.209999084472656,27.4736328125,53.113197326660156,30.28144073486328,0.3644152581691742,11.682000160217285
2014-01-30,15.473172187805176,20.15049934387207,28.180252075195312,60.60441207885742,30.44664764404297,0.37054383754730225,12.189332962036133
2014-01-31,15.498556137084961,17.934499740600586,29.311542510986328,62.08280944824219,31.25611686706543,0.37007227540016174,12.093999862670898
2014-02-03,15.527353286743164,17.3075008392334,28.131607055664062,61.00129699707031,30.13275718688965,0.3651222288608551,11.807332992553711
2014-02-04,15.752113342285156,17.397499084472656,28.24900245666504,62.26139831542969,30.025381088256836,0.36724382638931274,11.915332794189453
2014-02-05,15.869771957397461,17.322500228881836,28.37409782409668,61.705772399902344,29.587587356567383,0.3639437258243561,11.628000259399414
2014-02-06,15.96226978302002,17.72949981689453,28.790077209472656,61.67599868774414,29.88494873046875,0.3686579763889313,11.892000198364258
2014-02-07,16.18558120727539,18.054000854492188,29.223928451538086,63.819190979003906,30.19884490966797,0.3740794062614441,12.435333251953125
2014-02-10,16.475547790527344,18.043500900268555,29.11199188232422,63.055171966552734,30.397079467773438,0.37525802850723267,13.104000091552734
2014-02-11,16.692630767822266,18.089500427246094,29.540138244628906,64.34506225585938,30.702682495117188,0.3830365240573883,13.107999801635742
2014-02-12,16.69137954711914,17.462499618530273,29.45351219177246,63.94816589355469,30.95050811767578,0.39670804142951965,13.021332740783691
2014-02-13,16.9564266204834,17.860000610351562,29.781387329101562,66.80574035644531,31.066143035888672,0.40920087695121765,13.308667182922363
2014-02-14,16.94272804260254,17.86750030517578,29.853361129760742,66.5676040649414,31.074411392211914,0.42216527462005615,13.215332984924316
2014-02-18,17.005016326904297,17.6825008392334,30.053903579711914,66.7759780883789,31.14097785949707,0.42192956805229187,13.579999923706055
2014-02-19,16.736541748046875,17.368999481201172,29.841947555541992,67.53005981445312,31.215879440307617,0.42758679389953613,12.909333229064941
2014-02-20,16.54281997680664,17.489999771118164,29.885875701904297,69.08782196044922,31.41560935974121,0.44267240166664124,13.998000144958496
2014-02-21,16.359060287475586,17.33799934387207,29.877931594848633,68.05593872070312,31.607017517089844,0.4393724203109741,13.973333358764648
2014-02-24,16.430688858032227,17.589000701904297,30.094362258911133,70.22888946533203,31.365673065185547,0.4457367956638336,14.510000228881836
2014-02-25,16.259716033935547,17.916000366210938,30.280263900756836,69.3061294555664,31.2408447265625,0.44372403621673584,16.53333282470703
2014-02-26,16.11301040649414,17.989999771118164,30.284482955932617,68.72071838378906,31.182594299316406,0.4430138170719147,16.866666793823242
2014-02-27,16.434432983398438,18.006500244140625,30.260656356811523,68.40320587158203,31.50716209411621,0.4380413889884949,16.836000442504883
2014-02-28,16.389894485473633,18.104999542236328,30.17229652404785,67.92694091796875,31.881641387939453,0.43520015478134155,16.320667266845703
2014-03-03,16.437236785888672,17.98900032043457,29.850631713867188,66.88512420654297,31.440570831298828,0.43306902050971985,16.70400047302246
2014-03-04,16.545618057250977,18.19499969482422,30.1539306640625,68.26429748535156,31.964859008789062,0.43756791949272156,16.98933219909668
2014-03-05,16.580509185791016,18.618499755859375,30.237075805664062,71.01272583007812,31.71519660949707,0.4413563907146454,16.8439998626709
2014-03-06,16.530363082885742,18.607999801635742,30.270584106445312,70.28840637207031,31.748491287231445,0.43520015478134155,16.862667083740234
2014-03-07,16.520708084106445,18.60300064086914,30.150955200195312,69.25651550292969,31.540435791015625,0.4347265660762787,16.413999557495117
2014-03-10,16.535654067993164,18.526500701904297,30.07103157043457,71.46914672851562,31.47385597229004,0.4283335208892822,15.922666549682617
2014-03-11,16.69667625427246,18.44099998474121,29.78361701965332,69.55416870117188,31.640302658081055,0.43259549140930176,15.62733268737793
2014-03-12,16.71286964416504,18.531999588012695,29.965051651000977,70.3281021118164,31.84835433959961,0.43377941846847534,16.099332809448242
2014-03-13,16.527252197265625,18.57550048828125,29.51233673095703,68.29405212402344,31.53211212158203,0.4200461506843567,15.852666854858398
2014-03-14,16.34162139892578,18.687000274658203,29.108762741088867,67.19270324707031,31.374006271362305,0.421940416097641,15.39799976348877
2014-03-17,16.40546989440918,18.75200080871582,29.587787628173828,68.20477294921875,31.6652774810791,0.421940416097641,15.59866714477539
2014-03-18,16.55060386657715,18.938499450683594,30.06334114074707,68.6512680053711,32.91356658935547,0.4318851828575134,16.002666473388672
2014-03-19,16.546241760253906,18.661500930786133,29.76525115966797,67.70865631103516,32.680545806884766,0.4394620656967163,15.72266674041748
2014-03-20,16.466508865356445,18.44849967956543,29.713380813598633,66.44854736328125,33.56269836425781,0.43969884514808655,15.660667419433594
2014-03-21,16.596389770507812,18.0310001373291,29.362926483154297,66.71644592285156,33.42120361328125,0.4389885663986206,15.259332656860352
2014-03-24,16.793228149414062,17.592500686645508,28.73969268798828,63.60089111328125,33.70416259765625,0.43685758113861084,14.678000450134277
2014-03-25,16.973859786987305,17.73550033569336,28.75930404663086,64.38473510742188,33.57101058959961,0.43685758113861084,14.696000099182129
2014-03-26,16.811599731445312,17.170499801635742,28.095369338989258,59.919776916503906,33.1132926940918,0.4269128143787384,14.197333335876465
2014-03-27,16.739337921142578,16.923500061035156,27.65630531311035,60.495262145996094,32.755455017089844,0.42123013734817505,13.821332931518555
2014-03-28,16.720657348632812,16.914499282836914,27.801998138427734,59.54274368286133,33.5377197265625,0.4238346815109253,14.157999992370605
2014-03-31,16.7169189453125,16.818500518798828,27.662015914916992,59.77094650268555,34.1119384765625,0.4240715205669403,13.896666526794434
2014-04-01,16.869842529296875,17.149499893188477,28.167844772338867,62.13241195678711,34.46978759765625,0.4415931701660156,14.464667320251465
2014-04-02,16.897872924804688,17.097999572753906,28.17305564880371,62.23163986206055,34.411537170410156,0.438751757144928,15.352666854858398
2014-04-03,16.7807674407959,16.680999755859375,28.34076690673828,59.02678680419922,34.12858200073242,0.44348740577697754,15.026666641235352
2014-04-04,16.56368637084961,16.149999618530273,27.039024353027344,56.30812072753906,33.17986297607422,0.42975419759750366,14.148667335510254
2014-04-07,16.303625106811523,15.887999534606934,26.809917449951172,56.50656509399414,33.121620178222656,0.4311748445034027,13.834667205810547
2014-04-08,16.302682876586914,16.353500366210938,27.646997451782227,57.73691177368164,33.13825607299805,0.44656550884246826,14.36400032043457
2014-04-09,16.5169677734375,16.590499877929688,28.11959457397461,61.92405700683594,33.679195404052734,0.4460919201374054,14.461999893188477
2014-04-10,16.303930282592773,15.855500221252441,27.110431671142578,58.69935607910156,32.755455017089844,0.43520015478134155,13.612667083740234
2014-04-11,16.18340492248535,15.58650016784668,26.66759490966797,58.07426834106445,32.63062286376953,0.4290437698364258,13.585332870483398
2014-04-14,16.24787712097168,15.795499801635742,27.036544799804688,58.431461334228516,32.60565185546875,0.43377941846847534,13.206000328063965
2014-04-15,16.13201141357422,15.803999900817871,27.210107803344727,58.62989807128906,33.08000564575195,0.43685758113861084,12.927332878112793
2014-04-16,16.16472053527832,16.18400001525879,27.963878631591797,59.25499725341797,33.62093734741211,0.43780460953712463,13.27400016784668
2014-04-17,16.349407196044922,16.245500564575195,26.944303512573242,58.4810676574707,33.2963752746582,0.4394620656967163,13.208000183105469
2014-04-21,16.543445587158203,16.543500900268555,26.747432708740234,60.763160705566406,33.23812484741211,0.4430138170719147,13.625332832336426
2014-04-22,16.55994415283203,16.465999603271484,27.051420211791992,62.539222717285156,33.27973556518555,0.4468022882938385,14.576000213623047
2014-04-23,16.343482971191406,16.229000091552734,26.655193328857422,60.882232666015625,33.03007888793945,0.4520113468170166,13.866000175476074
2014-04-24,17.683359146118164,16.857500076293945,26.502952575683594,60.39604187011719,33.17156219482422,0.45603665709495544,13.857333183288574
2014-04-25,17.813236236572266,15.191499710083008,25.94059944152832,57.26064682006836,33.21316146850586,0.44348740577697754,13.323332786560059
2014-04-28,18.50310516357422,14.829000473022461,25.934650421142578,55.702877044677734,34.01206970214844,0.4415931701660156,13.234000205993652
2014-04-29,18.448284149169922,15.019000053405762,26.5966796875,57.69722366333008,33.71249771118164,0.4425402283668518,13.79466724395752
2014-04-30,18.378522872924805,15.206500053405762,26.524770736694336,59.31452941894531,33.62093734741211,0.43733102083206177,13.859333038330078
2014-05-01,18.42181396484375,15.394499778747559,26.70577621459961,60.67386245727539,33.288055419921875,0.43969884514808655,13.84866714477539
2014-05-02,18.456069946289062,15.400500297546387,26.474689483642578,59.989234924316406,33.03007888793945,0.4363839626312256,14.060667037963867
2014-05-05,18.717073440551758,15.5024995803833,26.547090530395508,60.74331283569336,32.8137092590332,0.441119521856308,14.440667152404785
2014-05-06,18.513071060180664,14.869000434875488,25.914318084716797,58.07426834106445,32.50579071044922,0.4321219325065613,13.8186674118042
2014-05-07,18.448284149169922,14.635499954223633,25.687692642211914,56.94314193725586,32.805381774902344,0.43259549140930176,13.423333168029785
2014-05-08,18.41539764404297,14.416000366210938,25.79530143737793,56.31804275512695,32.98847198486328,0.4380413889884949,11.906000137329102
2014-05-09,18.33867645263672,14.612000465393066,26.115156173706055,56.7943115234375,32.90525436401367,0.42738622426986694,12.150667190551758
2014-05-12,18.566991806030273,15.142999649047852,26.700817108154297,59.36414337158203,33.263092041015625,0.43993568420410156,12.311332702636719
2014-05-13,18.59611701965332,15.232000350952148,26.855039596557617,59.36414337158203,33.874874114990234,0.432832270860672,12.677332878112793
2014-05-14,18.59955406188965,14.880999565124512,26.50146484375,58.76881408691406,33.724029541015625,0.42857030034065247,12.708000183105469
2014-05-15,18.44139862060547,14.759499549865723,26.239131927490234,57.46900939941406,33.18765640258789,0.4262025058269501,12.572667121887207
2014-05-16,18.713563919067383,14.885000228881836,26.19847297668457,57.568233489990234,33.38043212890625,0.42525532841682434,12.77066707611084
2014-05-19,18.935300827026367,14.838000297546387,26.72065544128418,58.748966217041016,33.313377380371094,0.4389885663986206,13.072667121887207
2014-05-20,18.939064025878906,15.059499740600586,26.798017501831055,58.104034423828125,33.25471115112305,0.43387433886528015,13.020000457763672
2014-05-21,18.98917007446289,15.250499725341797,27.25969886779785,60.019004821777344,33.81623458862305,0.43387433886528015,13.296667098999023
2014-05-22,19.019235610961914,15.245499610900879,27.544841766357422,60.048770904541016,33.60670471191406,0.4357772767543793,13.658666610717773
2014-05-23,19.234086990356445,15.612000465393066,27.958919525146484,60.87230682373047,33.62346649169922,0.4398210644721985,13.819999694824219
2014-05-27,19.594253540039062,15.541000366210938,28.50788116455078,62.9857177734375,33.6821174621582,0.4476708173751831,14.104000091552734
2014-05-28,19.54352569580078,15.508000373840332,28.288692474365234,63.01548767089844,33.531272888183594,0.45147666335105896,14.015999794006348
2014-05-29,19.899614334106445,15.689000129699707,28.294151306152344,63.3329963684082,33.80784606933594,0.45076310634613037,14.015999794006348
2014-05-30,19.825082778930664,15.6274995803833,28.34819984436035,62.80712127685547,34.31068801879883,0.45195242762565613,13.851332664489746
2014-06-02,19.688844680786133,15.442000389099121,27.98569679260254,62.58884048461914,34.18497085571289,0.4505251944065094,13.646666526794434
2014-06-03,19.96727180480957,15.35949993133545,27.498228073120117,62.38046646118164,33.76594924926758,0.44862231612205505,13.662667274475098
2014-06-04,20.195274353027344,15.33899974822998,27.461034774780273,62.84680938720703,33.79109191894531,0.4490979313850403,13.599332809448242
2014-06-05,20.274507522583008,16.178499221801758,28.01495933532715,62.69797897338867,34.536964416503906,0.4510010778903961,13.793333053588867
2014-06-06,20.218765258789062,16.48349952697754,28.06950569152832,62.01335144042969,34.76323318481445,0.4526660442352295,13.878000259399414
2014-06-09,20.542287826538086,16.375,28.302581787109375,62.3903923034668,34.58724594116211,0.45314183831214905,13.687333106994629
2014-06-10,20.662872314453125,16.620500564575195,28.182077407836914,65.25789642333984,34.453155517578125,0.45552051067352295,13.486666679382324
2014-06-11,20.577363967895508,16.760000228881836,28.142404556274414,65.26781463623047,34.24363708496094,0.4614672064781189,13.631333351135254
2014-06-12,20.23316764831543,16.295499801635742,27.745681762695312,63.78940200805664,34.00897216796875,0.46432167291641235,13.567999839782715
2014-06-13,20.011741638183594,16.313499450683594,27.787837982177734,63.9977912902832,34.55372619628906,0.4647974371910095,13.761333465576172
2014-06-16,20.213438034057617,16.381000518798828,27.388633728027344,63.6901969909668,34.780006408691406,0.463370144367218,14.973999977111816
2014-06-17,20.187135696411133,16.2810001373291,27.30532455444336,63.8985595703125,34.930843353271484,0.46646246314048767,15.444666862487793
2014-06-18,20.20905876159668,16.7189998626709,27.803207397460938,65.08921813964844,34.90571594238281,0.46598684787750244,15.141332626342773
2014-06-19,20.138904571533203,16.350000381469727,28.017932891845703,63.83902359008789,34.788387298583984,0.45528265833854675,15.185999870300293
2014-06-20,19.93062973022461,16.209999084472656,28.09380340576172,63.9977912902832,34.930843353271484,0.4502873420715332,15.305999755859375
2014-06-23,19.913087844848633,16.36199951171875,28.4791202545166,64.86100006103516,35.19066619873047,0.44505423307418823,15.814666748046875
2014-06-24,19.792510986328125,16.20800018310547,28.392337799072266,65.2082748413086,34.98953628540039,0.4381560683250427,15.5
2014-06-25,19.810049057006836,16.371999740600586,29.056352615356445,66.9148941040039,35.22418975830078,0.44267553091049194,15.792667388916016
2014-06-26,19.928438186645508,16.284500122070312,28.998825073242188,66.60729217529297,34.96438980102539,0.436728835105896,15.706666946411133
2014-06-27,20.165205001831055,16.228500366210938,29.04444694519043,67.07363891601562,35.408573150634766,0.4372045695781708,15.937333106994629
2014-06-30,20.373476028442383,16.23900032043457,28.993864059448242,66.76605224609375,34.947628021240234,0.4410104751586914,16.003999710083008
2014-07-01,20.50282859802246,16.61949920654297,29.332069396972656,67.53005981445312,35.0900993347168,0.44600561261177063,15.981332778930664
2014-07-02,20.494056701660156,16.642499923706055,29.29686164855957,65.93260192871094,35.115234375,0.44434064626693726,15.295332908630371
2014-07-03,20.614643096923828,16.874500274658203,29.410919189453125,65.77383422851562,35.031429290771484,0.44838446378707886,15.283332824707031
2014-07-07,21.039955139160156,16.677499771118164,29.295869827270508,64.7816390991211,35.19066619873047,0.44481635093688965,14.843999862670898
2014-07-08,20.904022216796875,16.190500259399414,28.68293571472168,62.27132034301758,35.0146598815918,0.44124844670295715,14.604666709899902
2014-07-09,20.912797927856445,16.49850082397461,28.928903579711914,64.46411895751953,34.9224853515625,0.454569011926651,14.870667457580566
2014-07-10,20.836063385009766,16.395999908447266,28.764263153076172,64.36490631103516,34.93923568725586,0.4521903395652771,14.630666732788086
2014-07-11,20.875532150268555,17.309999465942383,29.092056274414062,65.8234634399414,35.27447509765625,0.45314183831214905,14.541999816894531
2014-07-14,21.14518165588379,17.766000747680664,29.469436645507812,67.37130737304688,35.316368103027344,0.45885059237480164,15.113332748413086
2014-07-15,20.897457122802734,17.722000122070312,29.409929275512695,66.6469955444336,35.5761833190918,0.4607536196708679,14.638667106628418
2014-07-16,20.77906036376953,17.795000076293945,29.288928985595703,67.13316345214844,36.94224166870117,0.4602777361869812,14.477333068847656
2014-07-17,20.408559799194336,17.622499465942383,28.80294418334961,65.89291381835938,37.31936264038086,0.4590885043144226,14.359999656677246
2014-07-18,20.702329635620117,17.933000564575195,30.00748634338379,67.88726043701172,37.45347213745117,0.4386318325996399,14.668000221252441
2014-07-21,20.59490203857422,17.988000869750977,29.676725387573242,68.8596420288086,37.57917785644531,0.44124844670295715,14.702667236328125
2014-07-22,20.765918731689453,18.04199981689453,29.93111801147461,68.73063659667969,37.57078552246094,0.43934527039527893,14.638667106628418
2014-07-23,21.307422637939453,17.906999588012695,30.011455535888672,70.73491668701172,37.604312896728516,0.4300684332847595,14.832667350769043
2014-07-24,21.272350311279297,17.930500030517578,29.903350830078125,74.39617919921875,37.21042251586914,0.4307820796966553,14.902667045593262
2014-07-25,21.41265296936035,16.20050048828125,29.658870697021484,74.60453796386719,37.294227600097656,0.4231702387332916,14.904666900634766
2014-07-28,21.708616256713867,16.02050018310547,29.705488204956055,74.3366470336914,36.850059509277344,0.4215051233768463,14.98799991607666
2014-07-29,21.568309783935547,16.0,29.454065322875977,73.13607025146484,36.782989501953125,0.422932505607605,15.000666618347168
2014-07-30,21.51788330078125,16.125499725341797,29.527950286865234,74.09851837158203,36.523197174072266,0.4300684332847595,15.261333465576172
2014-07-31,20.95883560180664,15.649499893188477,28.739967346191406,72.08432006835938,36.17120361328125,0.41627198457717896,14.886667251586914
2014-08-01,21.075035095214844,15.352999687194824,28.444904327392578,71.79658508300781,35.91978454589844,0.4207916557788849,15.5513334274292
2014-08-04,20.95664405822754,15.682499885559082,28.87485122680664,72.93763732910156,36.347198486328125,0.4198400378227234,15.90133285522461
2014-08-05,20.85360336303711,15.616000175476074,28.422090530395508,72.12400817871094,36.10416030883789,0.4200778007507324,15.899333000183105
2014-08-06,20.81853485107422,15.694499969482422,28.48904037475586,71.90571594238281,35.8192253112793,0.41960224509239197,16.595333099365234
2014-08-07,20.81631851196289,15.572500228881836,28.35613441467285,72.60026550292969,36.22987747192383,0.4153205156326294,16.826000213623047
2014-08-08,20.87360191345215,15.84000015258789,28.660125732421875,72.49111938476562,36.20471954345703,0.45195242762565613,16.54199981689453
2014-08-11,21.14901351928711,15.916500091552734,28.625905990600586,72.86817169189453,36.20471954345703,0.44957372546195984,17.288000106811523
2014-08-12,21.144609451293945,15.965999603271484,28.371509552001953,72.26290893554688,36.472904205322266,0.44957372546195984,17.33066749572754
2014-08-13,21.424423217773438,16.31399917602539,28.988412857055664,73.19561004638672,36.94224166870117,0.4521903395652771,17.354000091552734
2014-08-14,21.48170280456543,16.660499572753906,28.992874145507812,73.72147369384766,37.101478576660156,0.44719502329826355,17.42533302307129
2014-08-15,21.587465286254883,16.681499481201172,28.946260452270508,73.05669403076172,37.53726577758789,0.45290398597717285,17.46733283996582
2014-08-18,21.847442626953125,16.726499557495117,29.392074584960938,74.00922393798828,37.805450439453125,0.4590885043144226,17.32933235168457
2014-08-19,22.149290084838867,16.756500244140625,29.610767364501953,74.70376586914062,38.22709655761719,0.4627918303012848,17.117332458496094
2014-08-20,22.15810203552246,16.788999557495117,29.52646255493164,74.22749328613281,37.90665054321289,0.4599246680736542,17.047332763671875
2014-08-21,22.160310745239258,16.64550018310547,29.378190994262695,73.98937225341797,38.13432693481445,0.4556240737438202,16.95599937438965
2014-08-22,22.323345184326172,16.579500198364258,29.38414192199707,73.98937225341797,38.075313568115234,0.4558630585670471,17.118667602539062
2014-08-25,22.37181854248047,16.701000213623047,29.28644561767578,74.43585968017578,38.092166900634766,0.4565798044204712,17.503332138061523
2014-08-26,22.22861099243164,17.09149932861328,29.16495132446289,75.3685531616211,37.95723342895508,0.464703232049942,17.44933319091797
2014-08-27,22.501813888549805,17.159000396728516,28.91105079650879,74.04889678955078,37.83918762207031,0.4594469368457794,17.549999237060547
2014-08-28,22.528244018554688,17.000999450683594,28.77815055847168,73.28489685058594,37.847618103027344,0.4632696807384491,17.590667724609375
2014-08-29,22.583328247070312,16.95199966430664,28.87931251525879,74.2374267578125,38.311431884765625,0.464703232049942,17.979999542236328
2014-09-02,22.75959587097168,17.118999481201172,29.19024085998535,76.08295440673828,38.02470016479492,0.46589791774749756,18.941333770751953
2014-09-03,21.79897117614746,16.950000762939453,29.234376907348633,75.23957061767578,37.915077209472656,0.47019845247268677,18.746000289916992
2014-09-04,21.618309020996094,17.297500610351562,29.413894653320312,75.3586196899414,38.168067932128906,0.47856059670448303,19.069332122802734
2014-09-05,21.805587768554688,17.319000244140625,29.64399528503418,76.65843200683594,38.716217041015625,0.47712716460227966,18.492666244506836
2014-09-08,21.671186447143555,17.117000579833984,29.83491325378418,77.28352355957031,39.188472747802734,0.4728265702724457,18.80733299255371
2014-09-09,21.589658737182617,16.487499237060547,29.355871200561523,76.0730209350586,39.43303680419922,0.46685346961021423,18.565332412719727
2014-09-10,22.252845764160156,16.566499710083008,29.427780151367188,76.82709503173828,39.50048828125,0.4685259163379669,18.739999771118164
2014-09-11,22.34758949279785,16.525999069213867,29.31322479248047,77.31327819824219,39.63542175292969,0.4637475609779358,18.687332153320312
2014-09-12,22.398252487182617,16.559499740600586,29.005273818969727,76.87671661376953,39.3824348449707,0.45681869983673096,18.613332748413086
2014-09-15,22.391653060913086,16.194499969482422,28.843608856201172,73.9992904663086,38.994510650634766,0.4506068527698517,16.923999786376953
2014-09-16,22.221994400024414,16.38800048828125,29.197681427001953,75.48761749267578,39.43303680419922,0.4572966992855072,17.382667541503906
2014-09-17,22.380634307861328,16.200000762939453,29.42133140563965,75.83488464355469,39.23063278198242,0.4575355648994446,17.42533302307129
2014-09-18,22.426902770996094,16.25,29.618703842163086,76.40044403076172,39.365562438964844,0.4644642174243927,17.58799934387207
2014-09-19,22.244028091430664,16.56599998474121,30.02187156677246,77.30335998535156,40.073951721191406,0.4558630585670471,17.288000106811523
2014-09-22,22.266056060791016,16.225000381469727,29.618703842163086,76.20201110839844,39.68601989746094,0.4513235092163086,16.66866683959961
2014-09-23,22.614177703857422,16.181499481201172,29.31669807434082,77.68040466308594,39.26435852050781,0.44941219687461853,16.694000244140625
2014-09-24,22.4180908203125,16.410499572753906,29.675731658935547,77.92845916748047,39.702880859375,0.45204034447669983,16.80933380126953
2014-09-25,21.563222885131836,16.096500396728516,29.022626876831055,76.61873626708984,38.82584762573242,0.4422444999217987,16.463333129882812
2014-09-26,22.1977596282959,16.160499572753906,29.154041290283203,78.17652130126953,39.137874603271484,0.4432002902030945,16.440000534057617
2014-09-29,22.0567569732666,16.090999603271484,29.149578094482422,78.38488006591797,39.16317367553711,0.44248348474502563,16.35066795349121
2014-09-30,22.1977596282959,16.121999740600586,29.179330825805664,78.42456817626953,39.09572219848633,0.4408110976219177,16.178667068481445
2014-10-01,21.851852416992188,15.873000144958496,28.743928909301758,75.9539566040039,38.707786560058594,0.43651047348976135,16.016000747680664
2014-10-02,22.010488510131836,15.920499801635742,28.805919647216797,76.47982025146484,38.589717864990234,0.43459898233413696,16.761333465576172
2014-10-03,21.94879722595215,16.136999130249023,29.072216033935547,76.83702850341797,38.868019104003906,0.4355546832084656,17.013999938964844
2014-10-06,21.94879722595215,16.110000610351562,29.148090362548828,76.9560775756836,38.868019104003906,0.43292659521102905,17.374666213989258
2014-10-07,21.757110595703125,15.848999977111816,28.469697952270508,75.69597625732422,38.395748138427734,0.4283870458602905,17.30466651916504
2014-10-08,22.20878028869629,16.135000228881836,28.9477481842041,76.91639709472656,39.44987869262695,0.4362714886665344,17.28533363342285
2014-10-09,22.257244110107422,15.768500328063965,28.306549072265625,75.31893157958984,38.665618896484375,0.42790916562080383,17.134000778198242
2014-10-10,22.193355560302734,15.569499969482422,27.531953811645508,72.34230041503906,37.13080596923828,0.40258359909057617,15.793999671936035
2014-10-13,21.990657806396484,15.322500228881836,27.01422691345215,72.4216537475586,36.810340881347656,0.4011498987674713,14.97266674041748
2014-10-14,21.757110595703125,15.415499687194824,27.209611892700195,73.01700592041016,36.8778076171875,0.4104679822921753,15.137332916259766
2014-10-15,21.490520477294922,15.298500061035156,26.814876556396484,72.63995361328125,36.447715759277344,0.41667985916137695,15.313332557678223
2014-10-16,21.208499908447266,15.142999649047852,26.625938415527344,72.06446838378906,36.042938232421875,0.4169188141822815,15.09000015258789
2014-10-17,21.5191593170166,15.182000160217285,25.934154510498047,75.3586196899414,36.793487548828125,0.41620203852653503,15.165332794189453
2014-10-20,21.979644775390625,15.310500144958496,26.400793075561523,76.35083770751953,37.172977447509766,0.41978585720062256,15.364666938781738
2014-10-21,22.576725006103516,15.766500473022461,26.680984497070312,78.0772933959961,37.847618103027344,0.4377049505710602,15.689332962036133
2014-10-22,22.69129180908203,15.648500442504883,26.912073135375977,77.7597885131836,37.42595672607422,0.4274314343929291,15.40666675567627
2014-10-23,23.096691131591797,15.659000396728516,27.455581665039062,79.41677856445312,37.96567153930664,0.4369882643222809,15.685999870300293
2014-10-24,23.1826229095459,14.352999687194824,27.22002601623535,80.0418701171875,38.9017333984375,0.441527783870697,15.682666778564453
2014-10-27,23.158390045166016,14.498499870300293,27.26862335205078,79.6549072265625,38.716217041015625,0.441766619682312,14.777999877929688
2014-10-28,23.517513275146484,14.779500007629395,27.717912673950195,80.14109802246094,39.2053337097168,0.45227929949760437,16.184667587280273
2014-10-29,23.649702072143555,14.706000328063965,27.693614959716797,75.26933288574219,39.314964294433594,0.44941219687461853,15.873332977294922
2014-10-30,23.570390701293945,14.953499794006348,27.783864974975586,73.532958984375,38.83427047729492,0.4465450644493103,15.910667419433594
2014-10-31,23.795120239257812,15.27299976348877,28.16075325012207,74.40608978271484,39.59325408935547,0.46685346961021423,16.113332748413086
2014-11-03,24.103574752807617,15.28600025177002,27.95743179321289,73.30474090576172,40.00648498535156,0.4747379720211029,16.172666549682617
2014-11-04,23.92731285095215,15.14050006866455,27.978260040283203,75.17009735107422,40.116111755371094,0.4809497892856598,15.928667068481445
2014-11-05,23.984596252441406,14.826000213623047,27.569639205932617,74.2473373413086,40.36066436767578,0.4809497892856598,15.39799976348877
2014-11-06,24.05319595336914,14.831999778747559,27.358383178710938,74.67399597167969,41.06904220581055,0.48310035467147827,16.08133316040039
2014-11-07,24.121795654296875,14.993000030517578,27.364830017089844,75.01133728027344,41.05217361450195,0.4728265702724457,16.01333236694336
2014-11-10,24.08196449279785,15.255499839782715,27.682701110839844,74.41602325439453,41.22926712036133,0.4783218502998352,16.1286678314209
2014-11-11,24.274477005004883,15.600500106811523,27.834447860717773,74.02906036376953,41.212406158447266,0.4725877344608307,16.738666534423828
2014-11-12,24.617462158203125,15.575499534606934,27.683696746826172,74.13819885253906,41.13650894165039,0.4694817066192627,16.606666564941406
2014-11-13,24.964874267578125,15.824000358581543,27.59393310546875,73.671875,41.836456298828125,0.4670923948287964,16.780000686645508
2014-11-14,25.265819549560547,16.391000747680664,27.531953811645508,74.29695129394531,41.8111572265625,0.4728265702724457,17.245332717895508
2014-11-17,25.223770141601562,16.15250015258789,27.107952117919922,73.66194152832031,41.7099609375,0.4706762433052063,16.93199920654297
2014-11-18,25.55126953125,16.24650001525879,27.002328872680664,73.76115417480469,41.36203384399414,0.4819055199623108,17.18000030517578
2014-11-19,25.37424087524414,16.32699966430664,27.135725021362305,72.75902557373047,40.920753479003906,0.48010605573654175,16.516000747680664
2014-11-20,25.737144470214844,16.527000427246094,26.965131759643555,73.02693176269531,41.32807922363281,0.48802390694618225,16.58066749572754
2014-11-21,25.77254867553711,16.631500244140625,27.07076072692871,73.17575073242188,40.717071533203125,0.4906630218029022,16.185333251953125
2014-11-24,26.25051498413086,16.781999588012695,27.149608612060547,73.4337387084961,40.3861083984375,0.49378231167793274,16.447999954223633
2014-11-25,26.022592544555664,16.75200080871582,27.236391067504883,75.04110717773438,40.284263610839844,0.49354231357574463,16.53933334350586
2014-11-26,26.332393646240234,16.678499221801758,27.162006378173828,77.015625,40.52186965942383,0.5019398927688599,16.562667846679688
2014-11-28,26.316892623901367,16.93199920654297,27.228952407836914,77.0949935913086,40.57280349731445,0.5031396150588989,16.301332473754883
2014-12-01,25.462757110595703,16.299999237060547,26.76131820678711,74.51524353027344,41.26018142700195,0.49378231167793274,15.442667007446289
2014-12-02,25.365388870239258,16.315500259399414,26.708751678466797,74.8724365234375,41.1244010925293,0.49450206756591797,15.428667068481445
2014-12-03,25.653057098388672,15.824999809265137,26.628414154052734,74.29695129394531,40.801918029785156,0.5072185397148132,15.286666870117188
2014-12-04,25.55569076538086,15.846500396728516,26.906614303588867,74.6541519165039,41.44688034057617,0.5026599764823914,15.218667030334473
2014-12-05,25.447267532348633,15.631500244140625,26.187562942504883,75.76543426513672,41.09046173095703,0.5055390000343323,14.913999557495117
2014-12-08,24.87193489074707,15.331999778747559,26.3189754486084,75.92418670654297,40.47943878173828,0.499060720205307,14.290666580200195
2014-12-09,25.252538681030273,15.625,26.585769653320312,76.24169921875,40.3861083984375,0.497381329536438,14.459333419799805
2014-12-10,24.772361755371094,15.291999816894531,26.185579299926758,75.58683013916016,39.8005485534668,0.48634427785873413,13.989333152770996
2014-12-11,24.699337005615234,15.368000030517578,26.387407302856445,77.12476348876953,40.0296745300293,0.4861043393611908,13.925333023071289
2014-12-12,24.281112670898438,15.366000175476074,25.861751556396484,77.22399139404297,39.842979431152344,0.4709886610507965,13.800000190734863
2014-12-15,23.94919776916504,15.303500175476074,25.58057403564453,76.3905258178711,39.60536575317383,0.4695490002632141,13.602666854858398
2014-12-16,23.621692657470703,14.753000259399414,24.703824996948242,74.10844421386719,38.32394027709961,0.46427038311958313,13.187333106994629
2014-12-17,24.21030616760254,14.944000244140625,25.11492347717285,75.51737976074219,38.81614303588867,0.4832253158092499,13.721332550048828
2014-12-18,24.9272518157959,14.886500358581543,25.520078659057617,77.78955078125,40.32670593261719,0.4851449131965637,14.550666809082031
2014-12-19,24.734745025634766,14.994999885559082,25.788856506347656,79.25801086425781,40.44550323486328,0.4899434447288513,14.619333267211914
2014-12-22,24.99142837524414,15.32699966430664,26.396831512451172,80.8157958984375,40.717071533203125,0.49858108162879944,14.84000015258789
2014-12-23,24.902915954589844,15.314499855041504,26.71767807006836,79.98233795166016,41.11592483520508,0.4954618513584137,14.731332778930664
2014-12-24,24.785642623901367,15.15149974822998,26.626436233520508,80.14109802246094,40.85285186767578,0.49354231357574463,14.817333221435547
2014-12-26,25.223770141601562,15.454500198364258,26.854053497314453,80.15101623535156,40.6321907043457,0.4940222501754761,15.187999725341797
2014-12-29,25.206069946289062,15.60200023651123,26.64527702331543,79.39694213867188,40.267295837402344,0.49330219626426697,15.047332763671875
2014-12-30,24.89848518371582,15.515000343322754,26.54460906982422,78.60316467285156,39.902381896972656,0.4887435734272003,14.815333366394043
2014-12-31,24.42494773864746,15.517499923706055,26.315505981445312,77.41250610351562,39.41865539550781,0.4810658097267151,14.827333450317383
2015-01-02,24.192602157592773,15.425999641418457,26.260456085205078,77.83915710449219,39.68174743652344,0.48298516869544983,14.620667457580566
2015-01-05,23.511062622070312,15.10949993133545,25.76009178161621,76.58897399902344,39.316837310791016,0.4748276174068451,14.005999565124512
2015-01-06,23.513269424438477,14.76449966430664,25.124347686767578,75.55706787109375,38.73976135253906,0.4604315459728241,14.085332870483398
2015-01-07,23.842981338500977,14.920999526977539,25.050458908081055,75.55706787109375,39.231971740722656,0.4592319428920746,14.063332557678223
2015-01-08,24.75908088684082,15.02299976348877,25.137737274169922,77.57125854492188,40.3861083984375,0.4765070974826813,14.041333198547363
2015-01-09,24.785642623901367,14.846500396728516,24.830774307250977,77.13467407226562,40.04663848876953,0.47842660546302795,13.77733325958252
2015-01-12,24.17490005493164,14.570500373840332,24.649274826049805,76.12263488769531,39.54597091674805,0.47242823243141174,13.480667114257812
2015-01-13,24.389545440673828,14.737000465393066,24.884328842163086,75.854736328125,39.34228515625,0.4717084467411041,13.616666793823242
2015-01-14,24.29660987854004,14.66349983215332,25.089139938354492,75.6860580444336,39.002838134765625,0.4736279547214508,12.845999717712402
2015-01-15,23.637184143066406,14.34749984741211,24.993927001953125,73.47341918945312,38.59550476074219,0.4702688157558441,12.791333198547363
2015-01-16,23.45352554321289,14.536999702453613,25.313783645629883,74.59461975097656,39.240455627441406,0.4789063334465027,12.871333122253418
2015-01-20,24.05762481689453,14.472000122070312,25.287994384765625,75.64636993408203,39.367759704589844,0.48034602403640747,12.795332908630371
2015-01-21,24.24128532409668,14.862500190734863,25.806215286254883,76.14246368408203,38.96889877319336,0.4870641529560089,13.104666709899902
2015-01-22,24.87193489074707,15.515999794006348,26.64478302001953,77.0453872680664,39.99573516845703,0.4954618513584137,13.441332817077637
2015-01-23,25.000268936157227,15.619500160217285,26.875375747680664,77.22399139404297,40.03816223144531,0.4969013035297394,13.419333457946777
2015-01-26,25.02682876586914,15.482999801635742,26.616018295288086,76.89655303955078,39.89390563964844,0.4947420656681061,13.770000457763672
2015-01-27,24.150562286376953,15.337499618530273,25.845882415771484,75.18994903564453,36.20238494873047,0.4709886610507965,13.732000350952148
2015-01-28,25.51586151123047,15.195500373840332,25.411474227905273,75.64636993408203,34.954898834228516,0.4633108079433441,13.291333198547363
2015-01-29,26.310260772705078,15.58899974822998,25.451148986816406,77.39265441894531,35.6507682800293,0.4745875895023346,13.680000305175781
2015-01-30,25.925233840942383,17.726499557495117,26.657176971435547,75.31893157958984,34.28449249267578,0.460671603679657,13.573332786560059
2015-02-02,26.25051498413086,18.223499298095703,26.39187240600586,74.40608978271484,35.03126525878906,0.4707486927509308,14.062666893005371
2015-02-03,26.254940032958984,18.177499771118164,26.446420669555664,74.81290435791016,35.30282974243164,0.48250553011894226,14.557332992553711
2015-02-04,26.456302642822266,18.237499237060547,26.089370727539062,75.04110717773438,35.506500244140625,0.483705073595047,14.569999694824219
2015-02-05,26.6451416015625,18.694499969482422,26.27434539794922,75.02127075195312,36.024166107177734,0.4916231036186218,14.732666969299316
2015-02-06,26.420759201049805,18.714000701904297,26.475183486938477,73.89014434814453,35.9902229309082,0.4894634783267975,14.490667343139648
2015-02-09,26.596261978149414,18.527999877929688,26.247072219848633,73.86039733886719,35.94779586791992,0.4889836311340332,14.498666763305664
2015-02-10,27.107215881347656,18.649999618530273,26.786611557006836,74.60453796386719,36.151451110839844,0.5026599764823914,14.419333457946777
2015-02-11,27.742570877075195,18.756999969482422,26.679492950439453,75.91426849365234,35.96476745605469,0.4993007183074951,14.186667442321777
2015-02-12,28.093578338623047,18.85849952697754,27.076711654663086,75.6364517211914,36.56729507446289,0.535050630569458,13.525333404541016
2015-02-13,28.23131561279297,19.09149932861328,27.332101821899414,75.15025329589844,37.22921371459961,0.5352904796600342,13.584667205810547
2015-02-17,28.397930145263672,18.771499633789062,27.02712059020996,75.01133728027344,37.24630355834961,0.5369702577590942,13.623332977294922
2015-02-18,28.59564971923828,18.668500900268555,26.910085678100586,76.11270904541016,37.20356750488281,0.5307319164276123,13.630666732788086
2015-02-19,28.53566551208496,18.950000762939453,27.09853172302246,78.8016128540039,37.17793655395508,0.5321714282035828,14.11400032043457
2015-02-20,28.768924713134766,19.183000564575195,26.867937088012695,79.27787017822266,37.485599517822266,0.5360103845596313,14.473999977111816
2015-02-23,29.546463012695312,19.006999969482422,26.530725479125977,78.22612762451172,37.73345947265625,0.5316917300224304,13.822667121887207
2015-02-24,29.362075805664062,18.929500579833984,26.711727142333984,77.83915710449219,37.68217468261719,0.537351667881012,13.607333183288574
2015-02-25,28.611202239990234,19.26849937438965,27.142173767089844,78.94051361083984,37.59672164916992,0.5332571864128113,13.583999633789062
2015-02-26,28.973304748535156,19.239999771118164,27.73526954650879,79.78390502929688,37.65653991699219,0.5347024202346802,13.812666893005371
2015-02-27,28.537891387939453,19.007999420166016,27.90089988708496,78.35511779785156,37.47707748413086,0.5313303470611572,13.555999755859375
2015-03-02,28.67784309387207,19.283000946044922,28.515321731567383,79.12902069091797,37.50271224975586,0.5443365573883057,13.155332565307617
2015-03-03,28.737817764282227,19.230499267578125,28.702280044555664,78.98021697998047,36.989891052246094,0.5342205762863159,13.303999900817871
2015-03-04,28.5556583404541,19.13599967956543,28.679462432861328,80.27008819580078,36.8018913269043,0.5402422547340393,13.496000289916992
2015-03-05,28.082473754882812,19.39150047302246,28.83319664001465,80.57767486572266,36.84461212158203,0.5505989193916321,13.375332832336426
2015-03-06,28.124683380126953,19.004499435424805,28.410194396972656,79.38701629638672,36.203617095947266,0.5431323647499084,12.925333023071289
2015-03-09,28.244638442993164,18.92799949645996,28.469697952270508,78.82144927978516,36.62240219116211,0.5445773601531982,12.725333213806152
2015-03-10,27.660367965698242,18.475500106811523,27.76304054260254,76.94615936279297,35.92156982421875,0.553970992565155,12.687999725341797
2015-03-11,27.15608787536621,18.318500518798828,27.556745529174805,76.96600341796875,35.87883758544922,0.5510807037353516,12.916000366210938
2015-03-12,27.64704704284668,18.711999893188477,27.828500747680664,78.3154296875,35.0583610534668,0.5460227727890015,12.73799991607666
2015-03-13,27.45599937438965,18.52899932861328,27.4233455657959,77.44227600097656,35.36604690551758,0.546745240688324,12.578666687011719
2015-03-16,27.75811767578125,18.667499542236328,27.851808547973633,77.46211242675781,35.51988220214844,0.5532483458518982,13.046667098999023
2015-03-17,28.222427368164062,18.59600067138672,27.651958465576172,78.7420883178711,35.63954162597656,0.5599924921989441,12.982000350952148
2015-03-18,28.54010772705078,18.756999969482422,28.075952529907227,80.2800064086914,36.323265075683594,0.5508397221565247,13.380666732788086
2015-03-19,28.324613571166992,18.66200065612793,27.95247459411621,82.10567474365234,36.1437873840332,0.5592697858810425,13.043333053588867
2015-03-20,27.96917724609375,18.92449951171875,28.015947341918945,83.14749908447266,36.648048400878906,0.5652912855148315,13.20533275604248
2015-03-23,28.260194778442383,18.75550079345703,28.036775588989258,83.77259826660156,36.63095474243164,0.5469860434532166,13.308667182922363
2015-03-24,28.144672393798828,18.704500198364258,28.640291213989258,84.64574432373047,36.665130615234375,0.5395195484161377,13.447999954223633
2015-03-25,27.409345626831055,18.54800033569336,28.11760902404785,82.27434539794922,35.434417724609375,0.5067629218101501,12.953332901000977
2015-03-26,27.60039710998535,18.36750030517578,27.950986862182617,82.36365509033203,35.22075271606445,0.505077064037323,12.694000244140625
2015-03-27,27.380462646484375,18.527999877929688,27.64898109436035,82.65139770507812,35.015628814697266,0.5149521231651306,12.333333015441895
2015-03-30,28.073585510253906,18.72949981689453,27.827007293701172,82.55216979980469,35.00708770751953,0.5171199440956116,12.704667091369629
2015-03-31,27.642606735229492,18.604999542236328,27.50765037536621,81.57979583740234,34.75067901611328,0.5041133761405945,12.584667205810547
2015-04-01,27.60260772705078,18.51300048828125,27.249286651611328,81.0340805053711,34.801971435546875,0.5060405731201172,12.505999565124512
2015-04-02,27.840320587158203,18.612499237060547,26.843637466430664,80.9249496459961,34.43445587158203,0.5072445273399353,12.733332633972168
2015-04-06,28.291296005249023,18.851999282836914,26.97455596923828,81.79808044433594,35.5113410949707,0.5219369530677795,13.539999961853027
2015-04-07,27.99361228942871,18.720500946044922,27.019683837890625,81.67902374267578,35.49424743652344,0.5265133380889893,13.550000190734863
2015-04-08,27.902523040771484,19.059999465942383,27.217050552368164,81.63932800292969,35.40022277832031,0.5303670167922974,13.844667434692383
2015-04-09,28.115793228149414,19.177000045776367,27.1763858795166,81.53020477294922,35.45149612426758,0.5426506400108337,14.005999565124512
2015-04-10,28.235761642456055,19.13249969482422,27.202173233032227,81.40121459960938,35.65663528442383,0.5481904149055481,14.0600004196167
2015-04-13,28.180219650268555,19.118000030517578,27.20713233947754,82.36365509033203,35.69080352783203,0.5431323647499084,13.985333442687988
2015-04-14,28.058029174804688,19.25550079345703,26.767765045166016,82.86968231201172,35.596805572509766,0.5385563373565674,13.830666542053223
2015-04-15,28.164661407470703,19.172500610351562,26.830245971679688,82.06598663330078,36.11814880371094,0.5450593829154968,13.85533332824707
2015-04-16,28.029155731201172,19.302000045776367,26.953231811523438,81.66909790039062,36.03268051147461,0.5416873693466187,13.779999732971191
2015-04-17,27.71368980407715,18.777999877929688,26.418651580810547,80.15101623535156,35.571170806884766,0.5347024202346802,13.78600025177002
2015-04-20,28.34683609008789,19.475500106811523,27.003314971923828,82.44303131103516,36.67368698120117,0.532052755355835,13.684666633605957
2015-04-21,28.19355010986328,19.55900001525879,26.923479080200195,82.96890258789062,36.44292068481445,0.5313303470611572,13.96066665649414
2015-04-22,28.57343101501465,19.489999771118164,27.233909606933594,83.97103881835938,36.74205017089844,0.537351667881012,14.629332542419434
2015-04-23,28.80669593811035,19.499500274658203,27.644515991210938,81.76831817626953,37.04119110107422,0.5351840257644653,14.573332786560059
2015-04-24,28.942214965820312,22.2549991607666,28.447879791259766,80.89517974853516,40.91282272338867,0.5306079983711243,14.562000274658203
2015-04-27,29.468708038330078,21.92799949645996,28.0739688873291,81.272216796875,41.04956817626953,0.5347024202346802,15.436667442321777
2015-04-28,29.004409790039062,21.465499877929688,27.987186431884766,80.05179595947266,42.015323638916016,0.537351667881012,15.36533260345459
2015-04-29,28.5778751373291,21.4685001373291,27.839405059814453,79.84342956542969,41.929874420166016,0.5332571864128113,15.49666690826416
2015-04-30,27.802560806274414,21.089000701904297,27.213579177856445,78.15666198730469,41.57090759277344,0.5347024202346802,15.069999694824219
2015-05-01,28.646738052368164,21.14349937438965,27.332101821899414,78.37495422363281,41.58799743652344,0.5479496717453003,15.0686674118042
2015-05-04,28.591197967529297,21.152000427246094,27.41541290283203,78.19635772705078,41.229042053222656,0.5445773601531982,15.36733341217041
2015-05-05,27.946958541870117,21.059499740600586,26.92943000793457,76.9560775756836,40.68205261230469,0.5306079983711243,15.529999732971191
2015-05-06,27.771453857421875,20.954999923706055,26.534690856933594,77.49187469482422,39.553897857666016,0.5322940945625305,15.362000465393066
2015-05-07,27.94322967529297,21.3439998626709,26.879837036132812,77.81932830810547,39.912864685058594,0.5416873693466187,15.786666870117188
2015-05-08,28.469703674316406,21.684499740600586,27.222505569458008,77.89869689941406,40.81025314331055,0.5017050504684448,15.77400016784668
2015-05-11,28.1796932220459,21.642499923706055,27.065305709838867,77.402587890625,40.48549270629883,0.49688780307769775,15.965999603271484
2015-05-12,28.07931137084961,21.551000595092773,26.715696334838867,76.85687255859375,40.4683837890625,0.5017050504684448,16.31599998474121
2015-05-13,28.11054039001465,21.3435001373291,26.753385543823242,77.82925415039062,40.70769119262695,0.5045954585075378,16.211999893188477
2015-05-14,28.76639747619629,21.61400032043457,27.23490333557129,80.73643493652344,41.63928985595703,0.5127843618392944,16.273332595825195
2015-05-15,28.72624969482422,21.299999237060547,27.10051155090332,79.79380798339844,41.28033447265625,0.5130252242088318,16.589332580566406
2015-05-18,29.04302215576172,21.261999130249023,27.109439849853516,80.25023651123047,41.032474517822266,0.5123028755187988,16.583332061767578
2015-05-19,29.016258239746094,21.085500717163086,27.238868713378906,80.0021743774414,40.929237365722656,0.5091087222099304,16.47599983215332
2015-05-20,29.014020919799805,21.19300079345703,27.399044036865234,79.92280578613281,40.929237365722656,0.5091087222099304,16.290000915527344
2015-05-21,29.310720443725586,21.581499099731445,27.612281799316406,79.85334014892578,40.79160690307617,0.505479097366333,16.374666213989258
2015-05-22,29.56726837158203,21.381500244140625,27.49872398376465,79.91287994384766,40.344295501708984,0.5047532320022583,16.51533317565918
2015-05-26,28.915863037109375,21.273500442504883,27.135229110717773,78.71231079101562,40.07762145996094,0.5016076564788818,16.497333526611328
2015-05-27,29.455726623535156,21.570999145507812,27.485334396362305,79.92280578613281,40.955047607421875,0.5284663438796997,16.495332717895508
2015-05-28,29.397722244262695,21.328500747680664,27.481863021850586,79.52592468261719,40.81741714477539,0.535725474357605,16.76333236694336
2015-05-29,29.063100814819336,21.46150016784668,27.042495727539062,78.57340240478516,40.30988311767578,0.5354836583137512,16.719999313354492
2015-06-01,29.121089935302734,21.54599952697754,27.235403060913086,79.66482543945312,40.628170013427734,0.5415328741073608,16.6299991607666
2015-06-02,28.99171257019043,21.54949951171875,27.470460891723633,79.81365966796875,40.36149597167969,0.5308861136436462,16.55666732788086
2015-06-03,29.02740478515625,21.829500198364258,27.536907196044922,81.79808044433594,40.30128479003906,0.5250790119171143,16.599332809448242
2015-06-04,28.857858657836914,21.538999557495117,27.358383178710938,81.4111328125,39.87976837158203,0.534515380859375,16.39466667175293
2015-06-05,28.699478149414062,21.34749984741211,27.25126838684082,81.50043487548828,39.69052505493164,0.538629412651062,16.609333038330078
2015-06-08,28.509855270385742,21.174999237060547,26.951250076293945,80.0418701171875,39.33783721923828,0.5262888073921204,17.086000442504883
2015-06-09,28.425085067749023,21.27400016784668,26.88578987121582,80.0418701171875,39.269020080566406,0.5289505124092102,17.066667556762695
2015-06-10,28.75078773498535,21.53849983215332,27.40350914001465,81.52027893066406,40.094844818115234,0.5195135474205017,16.713333129882812
2015-06-11,28.68609046936035,21.648500442504883,27.27655792236328,81.19284057617188,39.94858932495117,0.5250790119171143,16.76066780090332
2015-06-12,28.36931800842285,21.496000289916992,27.14911460876465,80.89517974853516,39.54429626464844,0.5108025074005127,16.71266746520996
2015-06-15,28.313549041748047,21.183500289916992,26.92744255065918,80.08155822753906,39.1227912902832,0.5098347067832947,16.691999435424805
2015-06-16,28.465246200561523,21.363000869750977,27.020174026489258,80.4288330078125,39.423858642578125,0.5161257386207581,16.874666213989258
2015-06-17,28.3983211517334,21.390499114990234,27.105968475341797,81.15314483642578,39.54429626464844,0.5221750140190125,17.360666275024414
2015-06-18,28.527706146240234,21.969499588012695,27.58104133605957,82.26443481445312,40.189456939697266,0.5308861136436462,17.459333419799805
2015-06-19,28.242156982421875,21.746000289916992,27.647493362426758,81.8675537109375,39.656124114990234,0.5291925072669983,17.500667572021484
2015-06-22,28.467470169067383,21.81450080871582,27.754608154296875,84.0801773071289,39.76795959472656,0.5270146131515503,17.319332122802734
2015-06-23,28.338083267211914,22.29949951171875,27.938587188720703,87.19573211669922,39.492671966552734,0.5134642124176025,17.844667434692383
2015-06-24,28.579011917114258,22.04199981689453,27.699560165405273,88.1681137084961,39.26042175292969,0.5083828568458557,17.67799949645996
2015-06-25,28.442928314208984,22.0049991607666,27.6688175201416,87.29495239257812,39.269020080566406,0.5122544169425964,17.91933250427246
2015-06-26,28.275617599487305,21.905000686645508,27.42632293701172,87.3247299194336,38.93354034423828,0.5018494129180908,17.805999755859375
2015-06-29,27.780384063720703,21.493000030517578,26.840662002563477,85.1319351196289,38.16793441772461,0.48684725165367126,17.468000411987305
2015-06-30,27.981151580810547,21.704500198364258,26.78066062927246,85.10215759277344,37.97869110107422,0.48660537600517273,17.884000778198242
2015-07-01,28.242156982421875,21.86949920654297,26.942323684692383,86.23329162597656,38.23676300048828,0.4936225116252899,17.94333267211914
2015-07-02,28.206464767456055,21.885499954223633,27.142667770385742,86.6103286743164,38.19375991821289,0.4941065013408661,18.667999267578125
2015-07-06,28.108312606811523,21.802000045776367,27.057371139526367,86.86830139160156,38.18514633178711,0.48805710673332214,18.648000717163086
2015-07-07,28.039155960083008,21.836000442504883,27.276063919067383,86.54088592529297,38.107723236083984,0.4788622260093689,17.858667373657227
2015-07-08,27.343135833740234,21.485000610351562,26.86297607421875,84.98309326171875,38.05611038208008,0.47547459602355957,16.997333526611328
2015-07-09,26.785432815551758,21.719499588012695,27.00926971435547,85.21131134033203,38.296974182128906,0.4696672856807709,17.19466781616211
2015-07-10,27.50153160095215,22.175500869750977,27.577571868896484,87.26519012451172,38.3743896484375,0.4778943359851837,17.27666664123535
2015-07-13,28.032459259033203,22.778499603271484,28.352170944213867,89.39845275878906,39.17438507080078,0.48104000091552734,17.477333068847656
2015-07-14,28.021310806274414,23.278499603271484,28.96957015991211,88.98171997070312,39.24321365356445,0.48128190636634827,17.709999084472656
2015-07-15,28.291234970092773,23.059499740600586,28.958656311035156,89.06110382080078,39.36363983154297,0.4778943359851837,17.542667388916016
2015-07-16,28.668245315551758,23.77400016784668,29.84235191345215,90.14260864257812,40.137840270996094,0.4885411262512207,17.778667449951172
2015-07-17,28.915863037109375,24.15049934387207,34.69425582885742,94.23051452636719,40.103424072265625,0.48563751578330994,18.310667037963867
2015-07-20,29.46241569519043,24.405000686645508,34.358028411865234,97.14764404296875,40.36149597167969,0.47668442130088806,18.817333221435547
2015-07-21,29.167949676513672,24.399999618530273,34.48250198364258,97.6239013671875,40.671180725097656,0.4788622260093689,17.784666061401367
2015-07-22,27.93430519104004,24.41349983215332,34.4701042175293,96.284423828125,39.17438507080078,0.4696672856807709,17.857999801635742
2015-07-23,27.920917510986328,24.108999252319336,33.45995330810547,94.6968765258789,39.66471862792969,0.47547459602355957,17.81333351135254
2015-07-24,27.773685455322266,26.47100067138672,32.470130920410156,96.19510650634766,39.51848602294922,0.4699092507362366,17.694000244140625
2015-07-27,27.387754440307617,26.570499420166016,32.643699645996094,93.4367446899414,39.01095962524414,0.46724754571914673,16.867332458496094
2015-07-28,27.523834228515625,26.30150032043457,32.71263122558594,94.54804229736328,39.00236129760742,0.4774104058742523,17.654666900634766
2015-07-29,27.43682861328125,26.450000762939453,32.8004035949707,96.23479461669922,39.81956481933594,0.4832178056240082,17.58799934387207
2015-07-30,27.298519134521484,26.83799934387207,32.95561981201172,94.46866607666016,40.327091217041016,0.4844276010990143,17.785999298095703
2015-07-31,27.059825897216797,26.8075008392334,32.60551452636719,93.27799987792969,40.17224884033203,0.4827337861061096,17.74333381652832
2015-08-03,26.421812057495117,26.75149917602539,32.963558197021484,93.40699768066406,40.26688766479492,0.4909607768058777,17.332666397094727
2015-08-04,25.5741024017334,26.594999313354492,32.792972564697266,93.3276138305664,40.89484405517578,0.4928964674472809,17.75200080871582
2015-08-05,25.74365234375,26.850500106811523,33.388545989990234,95.6890869140625,40.929237365722656,0.4979780912399292,18.0086669921875
2015-08-06,25.799663543701172,26.472999572753906,33.23283004760742,94.3793716430664,40.103424072265625,0.49483224749565125,16.408666610717773
2015-08-07,25.887060165405273,26.131000518798828,32.94718933105469,93.56575775146484,40.2066650390625,0.5560512542724609,16.167333602905273
2015-08-10,26.8282470703125,26.200000762939453,32.88521194458008,93.41692352294922,40.71418762207031,0.5754092335700989,16.076000213623047
2015-08-11,25.43214988708496,26.37299919128418,34.23207092285156,92.89103698730469,39.922786712646484,0.572504997253418,15.824666976928711
2015-08-12,25.824308395385742,26.295499801635742,34.29009246826172,93.45661163330078,40.2066650390625,0.5739570260047913,15.878000259399414
2015-08-13,25.804141998291016,26.482999801635742,34.04412841796875,92.70252227783203,40.19805908203125,0.569117546081543,16.167333602905273
2015-08-14,25.985660552978516,26.576000213623047,34.185951232910156,93.68479919433594,40.43031311035156,0.5696015954017639,16.209999084472656
2015-08-17,26.254579544067383,26.76099967956543,34.42101287841797,93.19862365722656,40.70558166503906,0.565971851348877,16.999332427978516
2015-08-18,26.106672286987305,26.750999450683594,34.15421676635742,94.428955078125,40.930721282958984,0.5608206987380981,17.381332397460938
2015-08-19,25.772777557373047,26.645999908447266,34.41753387451172,94.56787872314453,40.359222412109375,0.5586337447166443,17.016666412353516
2015-08-20,25.24391746520996,25.788999557495117,33.69550704956055,89.85486602783203,39.5366325378418,0.5384656190872192,16.14533233642578
2015-08-21,23.699934005737305,24.723499298095703,31.937538146972656,85.3899154663086,37.293983459472656,0.5216994285583496,15.38466739654541
2015-08-24,23.108325958251953,23.168500900268555,30.65216064453125,81.45082092285156,36.09038162231445,0.5032321214675903,14.591333389282227
2015-08-25,23.24726104736328,23.318500518798828,30.372474670410156,82.35372924804688,35.04266357421875,0.49278363585472107,14.66866683959961
2015-08-26,24.580604553222656,25.03849983215332,32.71660232543945,86.51112365722656,36.98225402832031,0.5299608707427979,14.989333152770996
2015-08-27,25.304420471191406,25.918500900268555,33.124229431152344,89.03133392333984,38.012664794921875,0.5498861074447632,16.19933319091797
2015-08-28,25.3873348236084,25.90049934387207,32.71411895751953,90.3013687133789,38.03865432739258,0.5523158311843872,16.565332412719727
2015-08-31,25.268569946289062,25.644500732421875,32.12548065185547,88.73368072509766,37.68362808227539,0.5462414026260376,16.604000091552734
2015-09-01,24.139150619506836,24.82699966430664,31.219970703125,86.5508041381836,36.21162033081055,0.5238862037658691,15.908666610717773
2015-09-02,25.174448013305664,25.52750015258789,31.981172561645508,89.19007110595703,37.545082092285156,0.5396806001663208,16.512666702270508
2015-09-03,24.732994079589844,25.236000061035156,31.591402053833008,87.46363067626953,37.66630172729492,0.5411384701728821,16.3713321685791
2015-09-04,24.48648452758789,24.950000762939453,31.190216064453125,87.57278442382812,36.89567184448242,0.5285030007362366,16.1286678314209
2015-09-08,25.167722702026367,25.87700080871582,31.930103302001953,88.8328857421875,38.004005432128906,0.5511009097099304,16.544666290283203
2015-09-09,24.683687210083008,25.844499588012695,31.90679359436035,89.73580169677734,37.293983459472656,0.5401666164398193,16.5939998626709
2015-09-10,25.225990295410156,26.11199951171875,32.287147521972656,91.2638168334961,37.484474182128906,0.5486711859703064,16.565332412719727
2015-09-11,25.593502044677734,26.472000122070312,32.49641418457031,91.33326721191406,37.64898681640625,0.5503721833229065,16.682666778564453
2015-09-14,25.839998245239258,26.069000244140625,32.3560791015625,91.59124755859375,37.26799774169922,0.551344096660614,16.87933349609375
2015-09-15,26.057369232177734,26.118499755859375,32.98091506958008,92.17664337158203,38.081947326660156,0.5574187636375427,16.904666900634766
2015-09-16,26.086496353149414,26.36949920654297,33.003231048583984,92.72235870361328,38.3590202331543,0.561306357383728,17.483333587646484
2015-09-17,25.52851104736328,26.943500518798828,33.30820846557617,93.60543060302734,38.31572723388672,0.5664094090461731,17.471332550048828
2015-09-18,25.423189163208008,27.01300048828125,32.77511978149414,93.66496276855469,37.64898681640625,0.5659232139587402,17.374666213989258
2015-09-21,25.817596435546875,27.41950035095215,33.075626373291016,94.80599975585938,38.194488525390625,0.5717552304267883,17.613332748413086
2015-09-22,25.411989212036133,26.920000076293945,32.39227294921875,92.2361831665039,38.012664794921875,0.5562040209770203,17.395999908447266
2015-09-23,25.618146896362305,26.803499221801758,32.39674758911133,93.23831939697266,37.9866943359375,0.5588767528533936,17.40399932861328
2015-09-24,25.77053451538086,26.6875,32.477073669433594,93.67488861083984,38.02133560180664,0.5695682764053345,17.541332244873047
2015-09-25,25.705543518066406,26.212499618530273,31.74512481689453,92.04764556884766,38.047306060791016,0.5736991167068481,17.12733268737793
2015-09-28,25.196861267089844,25.202999114990234,30.956642150878906,88.51537322998047,37.484474182128906,0.5661664009094238,16.562000274658203
2015-09-29,24.439430236816406,24.803499221801758,30.875316619873047,85.99515533447266,37.61435317993164,0.576129138469696,16.44333267211914
2015-09-30,24.717302322387695,25.594499588012695,31.656856536865234,89.20000457763672,38.32438659667969,0.5989700555801392,16.559999465942383
2015-10-01,24.555952072143555,26.035999298095703,31.836868286132812,90.24182891845703,38.627437591552734,0.5873064994812012,15.991999626159668
2015-10-02,24.7352294921875,26.62700080871582,32.58022689819336,91.35311889648438,39.45869445800781,0.6026150584220886,16.504667282104492
2015-10-05,24.824871063232422,27.18400001525879,33.3087043762207,93.27799987792969,40.376556396484375,0.6176803708076477,16.40999984741211
2015-10-06,24.94363784790039,26.874000549316406,33.30672073364258,92.07742309570312,40.48044967651367,0.6256988048553467,16.097333908081055
2015-10-07,24.824871063232422,27.097000122070312,33.22539520263672,91.6805419921875,40.52374267578125,0.6322596669197083,15.46399974822998
2015-10-08,24.538028717041016,26.658000946044922,33.07662582397461,91.74999237060547,41.086570739746094,0.6359046101570129,15.114666938781738
2015-10-09,25.125154495239258,26.989999771118164,33.28688430786133,92.51399230957031,40.79218292236328,0.6334747076034546,14.712667465209961
2015-10-12,25.008625030517578,27.50950050354004,33.544254302978516,93.52605438232422,40.69692611694336,0.6402785778045654,14.371999740600586
2015-10-13,25.051198959350586,27.44499969482422,33.87849807739258,93.38715362548828,40.601680755615234,0.6414933800697327,14.616666793823242
2015-10-14,24.69713592529297,27.241500854492188,33.74162673950195,93.33753204345703,40.41984176635742,0.6648204326629639,14.458666801452637
2015-10-15,25.0668888092041,28.121999740600586,34.36695861816406,95.21280670166016,40.705589294433594,0.6665212512016296,14.753999710083008
2015-10-16,24.88313102722168,28.538000106811523,34.48101806640625,96.78050994873047,41.138526916503906,0.6769698858261108,15.133999824523926
2015-10-19,25.037748336791992,28.657499313354492,34.71062088012695,97.7032699584961,41.23377227783203,0.6757548451423645,15.206666946411133
2015-10-20,25.49489402770996,28.04400062561035,33.72129821777344,96.24472045898438,41.36368179321289,0.6747828722000122,14.20199966430664
2015-10-21,25.49266815185547,27.78849983215332,33.314659118652344,96.3538818359375,40.87010955810547,0.6660353541374207,14.005999565124512
2015-10-22,25.88257598876953,28.195499420166016,33.77782440185547,98.89393615722656,41.588809967041016,0.6900913119316101,14.114666938781738
2015-10-23,26.68482780456543,29.951499938964844,35.67167282104492,101.39432525634766,45.779727935791016,0.6947081089019775,13.939332962036133
2015-10-26,25.833284378051758,30.430500030517578,36.256343841552734,102.96200561523438,46.97465515136719,0.6915491223335266,14.350666999816895
2015-10-27,25.669694900512695,30.550500869750977,36.34064483642578,102.8925552368164,46.48973846435547,0.6910633444786072,14.023332595825195
2015-10-28,26.72740364074707,30.854999542236328,36.543968200683594,103.38866424560547,46.74086380004883,0.6966519951820374,14.197333335876465
2015-10-29,27.009756088256836,31.327499389648438,36.93722152709961,104.06336975097656,46.20399475097656,0.6725961565971375,14.108667373657227
2015-10-30,26.77895164489746,31.295000076293945,36.56726837158203,101.176025390625,45.580562591552734,0.6893621683120728,13.795332908630371
2015-11-02,27.15542221069336,31.417499542236328,37.08053207397461,102.50557708740234,46.100101470947266,0.6973810791969299,14.252667427062988
2015-11-03,27.466901779174805,31.265499114990234,37.134090423583984,101.78128051757812,46.888065338134766,0.692521333694458,13.890000343322754
2015-11-04,27.33917999267578,32.04750061035156,37.4559211730957,103.13069152832031,47.10454177856445,0.681100606918335,15.442000389099121
2015-11-05,27.21314811706543,32.782501220703125,37.72173309326172,107.91316223144531,47.08720397949219,0.6733250021934509,15.451333045959473
2015-11-06,27.244647979736328,32.96849822998047,37.76784896850586,106.26607513427734,47.5547981262207,0.766633152961731,15.490667343139648
2015-11-09,27.134380340576172,32.77450180053711,37.42914962768555,105.66083526611328,46.89670944213867,0.7632313370704651,15.022000312805176
2015-11-10,26.279186248779297,32.98400115966797,37.60221481323242,107.06977081298828,46.33387756347656,0.748651921749115,14.433333396911621
2015-11-11,26.13064956665039,33.662498474121094,37.948856353759766,108.16120147705078,46.45511245727539,0.7413622736930847,14.60533332824707
2015-11-12,26.042879104614258,33.279998779296875,37.51642608642578,107.17890930175781,46.16937255859375,0.7386892437934875,14.196000099182129
2015-11-13,25.282207489013672,32.11750030517578,36.70018005371094,103.14060974121094,45.75374221801758,0.7241098284721375,13.812666893005371
2015-11-16,25.696306228637695,32.390499114990234,37.21343231201172,103.22991943359375,46.55900955200195,0.7386892437934875,14.287332534790039
2015-11-17,25.586030960083008,32.165000915527344,36.993255615234375,104.31141662597656,46.17546463012695,0.7386892437934875,14.266667366027832
2015-11-18,26.396211624145508,33.176998138427734,37.688995361328125,106.93085479736328,46.94257354736328,0.7568608522415161,14.73799991607666
2015-11-19,26.731536865234375,33.063499450683594,37.68553161621094,105.43262481689453,47.021034240722656,0.7590559720993042,14.786666870117188
2015-11-20,26.848560333251953,33.42250061035156,38.531532287597656,106.48436737060547,47.238956451416016,0.7656416296958923,14.667332649230957
2015-11-23,26.499736785888672,33.949501037597656,38.516658782958984,106.11724090576172,47.238956451416016,0.7541778087615967,14.516667366027832
2015-11-24,26.75404167175293,33.557498931884766,38.166053771972656,104.91666412353516,47.29128646850586,0.7602757215499878,14.550000190734863
2015-11-25,26.562744140625,33.766998291015625,38.14771270751953,104.5892333984375,46.8031005859375,0.7592999339103699,15.309332847595215
2015-11-27,26.51324462890625,33.66299819946289,38.282100677490234,104.62892150878906,47.01231002807617,0.7656416296958923,15.440667152404785
2015-11-30,26.623510360717773,33.2400016784668,37.829837799072266,103.4283447265625,47.37843704223633,0.7736907601356506,15.350666999816895
2015-12-01,26.407459259033203,33.952999114990234,38.868255615234375,106.28593444824219,48.136844635009766,0.79881352186203,15.812666893005371
2015-12-02,26.168907165527344,33.800498962402344,38.573692321777344,105.24410247802734,48.12812423706055,0.792715847492218,15.465999603271484
2015-12-03,25.925851821899414,33.3125,38.09514617919922,103.56725311279297,47.247684478759766,0.7910085320472717,15.513999938964844
2015-12-04,26.78779411315918,33.63199996948242,38.64112854003906,105.3532485961914,48.73834228515625,0.8232051134109497,15.358667373657227
2015-12-07,26.619009017944336,33.49150085449219,38.33268356323242,104.78767395019531,48.651161193847656,0.8075946569442749,15.408666610717773
2015-12-08,26.607763290405273,33.86650085449219,38.439300537109375,105.66083526611328,48.63374710083008,0.8185704946517944,15.114666938781738
2015-12-09,26.02037239074707,33.239498138427734,37.81496047973633,103.7855453491211,47.92762756347656,0.7978377342224121,14.968000411987305
2015-12-10,26.144149780273438,33.11600112915039,37.690486907958984,104.59915161132812,48.180423736572266,0.804423987865448,15.137999534606934
2015-12-11,25.47125244140625,32.00749969482422,37.21343231201172,101.32486724853516,47.12562942504883,0.7924719452857971,14.468000411987305
2015-12-14,25.3137149810791,32.89550018310547,37.81446075439453,103.84508514404297,48.06711196899414,0.7944232821464539,14.571999549865723
2015-12-15,24.865861892700195,32.93199920654297,37.692970275878906,103.7359390258789,48.119415283203125,0.8041795492172241,14.739333152770996
2015-12-16,25.05714988708496,33.78850173950195,38.51120376586914,105.95849609375,48.93011474609375,0.8090577721595764,15.633999824523926
2015-12-17,24.52604103088379,33.532501220703125,38.17597198486328,105.3929214477539,48.55527877807617,0.7968624234199524,15.559332847595215
2015-12-18,23.862140655517578,33.207000732421875,37.532291412353516,103.22991943359375,47.186676025390625,0.7839351296424866,15.36400032043457
2015-12-21,24.154708862304688,33.22549819946289,37.728179931640625,103.95423126220703,47.79688262939453,0.8024725914001465,15.503999710083008
2015-12-22,24.132198333740234,33.157501220703125,38.042083740234375,104.68846130371094,48.25017166137695,0.8032039999961853,15.329999923706055
2015-12-23,24.442764282226562,33.185001373291016,38.11051559448242,103.8153076171875,48.65989303588867,0.8063749670982361,15.313332557678223
2015-12-24,24.31224250793457,33.13949966430664,37.978111267089844,104.2022705078125,48.52912521362305,0.8090577721595764,15.371333122253418
2015-12-28,24.039926528930664,33.7599983215332,38.7913932800293,105.10519409179688,48.77322006225586,0.8083261847496033,15.263333320617676
2015-12-29,24.47202491760254,34.69850158691406,39.372589111328125,106.4248275756836,49.296241760253906,0.82149738073349,15.812666893005371
2015-12-30,24.152454376220703,34.45349884033203,39.19108963012695,105.3929214477539,49.0870361328125,0.8144243359565735,15.87266731262207
2015-12-31,23.688846588134766,33.794498443603516,38.58162307739258,103.84508514404297,48.36351013183594,0.8039358258247375,16.000667572021484
2016-01-04,23.709104537963867,31.84950065612793,37.66073226928711,101.42407989501953,47.770729064941406,0.7895451188087463,14.894000053405762
2016-01-05,23.114971160888672,31.68950080871582,37.764381408691406,101.93010711669922,47.9886474609375,0.8022284507751465,14.895333290100098
2016-01-06,22.662622451782227,31.63249969482422,37.655277252197266,102.16822814941406,47.11692810058594,0.7690564393997192,14.602666854858398
2016-01-07,21.706146240234375,30.39699935913086,36.74628829956055,97.15754699707031,45.47808074951172,0.7385674118995667,14.376667022705078
2016-01-08,21.820924758911133,30.352500915527344,36.24592208862305,96.5721435546875,45.6175651550293,0.7227131128311157,14.066666603088379
2016-01-11,22.174259185791016,30.886999130249023,36.35304260253906,96.75074005126953,45.591400146484375,0.7239325642585754,13.856666564941406
2016-01-12,22.496078491210938,30.894500732421875,36.96150588989258,98.59627532958984,46.00982666015625,0.7361281514167786,13.998000144958496
2016-01-13,21.917699813842773,29.090499877929688,35.68357849121094,94.6968765258789,45.01605987548828,0.7136881947517395,13.354000091552734
2016-01-14,22.39705467224121,29.649999618530273,36.26972961425781,97.60405731201172,46.297489166259766,0.699297308921814,13.745332717895508
2016-01-15,21.859182357788086,28.509000778198242,35.233299255371094,94.23051452636719,44.449432373046875,0.6612470149993896,13.666000366210938
2016-01-19,21.753414154052734,28.724000930786133,35.65927505493164,94.51827239990234,44.07459259033203,0.6666132807731628,13.64799976348877
2016-01-20,21.782670974731445,28.588499069213867,35.63349151611328,93.61537170410156,44.275089263916016,0.6702717542648315,13.24666690826416
2016-01-21,21.672393798828125,28.750999450683594,36.03566360473633,93.42683410644531,44.004844665527344,0.6780769228935242,13.33133316040039
2016-01-22,22.82465934753418,29.819000244140625,36.967464447021484,97.17739868164062,45.58269119262695,0.6939312815666199,13.50333309173584
2016-01-25,22.379056930541992,29.826499938964844,36.38031768798828,96.25464630126953,45.14682388305664,0.6931995749473572,13.092000007629395
2016-01-26,22.502830505371094,30.0625,36.38874053955078,96.58206939697266,45.47808074951172,0.7000291347503662,12.904000282287598
2016-01-27,21.02424430847168,29.167499542236328,35.58489227294922,93.7145767211914,44.64992904663086,0.6917360424995422,12.538000106811523
2016-01-28,21.175029754638672,31.767499923706055,37.108299255371094,108.26042938232422,45.3821907043457,0.6841747760772705,12.646666526794434
2016-01-29,21.906442642211914,29.350000381469727,37.755455017089844,111.33629608154297,48.023529052734375,0.7144198417663574,12.74666690826416
2016-02-01,21.701648712158203,28.74049949645996,38.22258758544922,114.1938705444336,47.69226837158203,0.7146638035774231,13.129332542419434
2016-02-02,21.26279640197754,27.604999542236328,38.725440979003906,113.71761322021484,46.201622009277344,0.684418797492981,12.185333251953125
2016-02-03,21.683650970458984,26.553499221801758,37.16185760498047,111.81255340576172,45.4693603515625,0.6878336668014526,11.565333366394043
2016-02-04,21.857872009277344,26.812999725341797,36.202293395996094,109.62967681884766,45.329891204833984,0.6880775094032288,11.688667297363281
2016-02-05,21.274093627929688,25.10650062561035,34.89955520629883,103.25967407226562,43.72590255737305,0.6446609497070312,10.84000015258789
2016-02-08,21.498098373413086,24.405000686645508,34.91939163208008,98.97331237792969,43.07209014892578,0.615147590637207,9.866000175476074
2016-02-09,21.493579864501953,24.103500366210938,34.763671875,98.76495361328125,42.95876693725586,0.6217330694198608,9.883333206176758
2016-02-10,21.330659866333008,24.52400016784668,35.05278778076172,100.21357727050781,43.3336296081543,0.620269775390625,9.57800006866455
2016-02-11,21.201684951782227,25.19099998474121,35.02849197387695,101.11649322509766,43.31619644165039,0.6170988082885742,10.031332969665527
2016-02-12,21.267303466796875,25.354000091552734,35.05477523803711,101.21571350097656,44.02227783203125,0.627587080001831,10.06933307647705
2016-02-16,21.86692237854004,26.05500030517578,35.587867736816406,100.81883239746094,44.85637664794922,0.6583200693130493,10.344667434692383
2016-02-17,22.201812744140625,26.704999923706055,36.298492431640625,104.38086700439453,46.02409744262695,0.6746622920036316,11.245332717895508
2016-02-18,21.78094482421875,26.25,35.5814208984375,102.66434478759766,45.822166442871094,0.7327134013175964,11.118000030517578
2016-02-19,21.731163024902344,26.7450008392334,35.80952835083008,103.75578308105469,45.497310638427734,0.7424697875976562,11.10533332824707
2016-02-22,21.921228408813477,27.975000381469727,36.153690338134766,106.32562255859375,46.22603988647461,0.7688125371932983,11.849332809448242
2016-02-23,21.425695419311523,27.64699935913086,35.57050323486328,104.63885498046875,44.93539810180664,0.7707637548446655,11.814000129699707
2016-02-24,21.74473762512207,27.70199966430664,35.74952697753906,106.04779052734375,45.09343338012695,0.7761300206184387,11.933333396911621
2016-02-25,21.89407730102539,27.75749969482422,36.157161712646484,107.2285385131836,45.7431526184082,0.7778372764587402,12.495332717895508
2016-02-26,21.928022384643555,27.761499404907227,35.94590377807617,107.07968139648438,45.04075622558594,0.772715151309967,12.689332962036133
2016-02-29,21.87823486328125,27.625999450683594,35.567039489746094,106.08748626708984,44.671993255615234,0.7676965594291687,12.795332908630371
2016-03-01,22.747121810913086,28.95199966430664,36.8043098449707,108.96491241455078,46.16459655761719,0.8017238974571228,12.423333168029785
2016-03-02,22.79690170288086,29.010499954223633,36.67091751098633,109.09388732910156,46.48943328857422,0.8063752055168152,12.555999755859375
2016-03-03,22.96660614013672,28.874500274658203,36.27964782714844,108.72677612304688,45.9626350402832,0.7992759943008423,13.049332618713379
2016-03-04,23.30828094482422,28.756999969482422,36.21171188354492,107.54603576660156,45.68169021606445,0.7968280911445618,13.402667045593262
2016-03-07,23.05032730102539,28.139999389648438,35.34784698486328,104.90674591064453,44.80369567871094,0.7916871905326843,13.685999870300293
2016-03-08,22.860260009765625,28.01300048828125,35.38404846191406,105.10519409179688,45.348052978515625,0.7772440910339355,13.506667137145996
2016-03-09,22.880626678466797,27.973499298095703,35.973182678222656,106.6728744506836,46.392860412597656,0.7767542004585266,13.914667129516602
2016-03-10,22.89194107055664,27.946500778198242,36.30841064453125,106.48436737060547,45.69924545288086,0.7755303382873535,13.678667068481445
2016-03-11,23.138578414916992,28.480499267578125,36.93820571899414,108.55810546875,46.594791412353516,0.7887495756149292,13.833333015441895
2016-03-14,23.197406768798828,28.668500900268555,37.204505920410156,109.03436279296875,46.682594299316406,0.7907080054283142,14.34333324432373
2016-03-15,23.663522720336914,28.85099983215332,37.22087097167969,109.80828094482422,47.05133819580078,0.7867912650108337,14.555999755859375
2016-03-16,23.978038787841797,28.713499069213867,37.55758285522461,111.30653381347656,47.71860885620117,0.8102919459342957,14.795332908630371
2016-03-17,23.939571380615234,27.972000122070312,37.613121032714844,110.15555572509766,47.99079513549805,0.8034376502037048,15.092000007629395
2016-03-18,23.96673583984375,27.604000091552734,37.46088790893555,110.58219909667969,46.96354675292969,0.8276730179786682,15.515999794006348
2016-03-21,23.964468002319336,27.698999404907227,37.79561996459961,110.9791030883789,47.28841018676758,0.830120861530304,15.887999534606934
2016-03-22,24.147747039794922,28.02400016784668,37.690982818603516,111.3759765625,47.4727897644043,0.8286523222923279,15.616000175476074
2016-03-23,24.014244079589844,28.48150062561035,37.56749725341797,111.6637191772461,47.384979248046875,0.8428506255149841,14.838666915893555
2016-03-24,23.91015625,29.147499084472656,37.432621002197266,112.16974639892578,47.59568786621094,0.8440746068954468,15.183333396911621
2016-03-28,23.801544189453125,28.993499755859375,37.355262756347656,112.80477142333984,47.00745391845703,0.8526425957679749,15.350666999816895
2016-03-29,24.364971160888672,29.69300079345703,37.9805908203125,115.2356948852539,48.03470230102539,0.8663515448570251,15.342000007629395
2016-03-30,24.790363311767578,29.934499740600586,38.102088928222656,113.8069076538086,48.33320617675781,0.8754093050956726,15.12600040435791
2016-03-31,24.661380767822266,29.68199920654297,37.83232498168945,113.21157836914062,48.49124526977539,0.8722268342971802,15.317999839782715
2016-04-01,24.887653350830078,29.924999237060547,38.16804122924805,115.15631866455078,48.78975296020508,0.884956419467926,15.839332580566406
2016-04-04,25.143341064453125,29.659500122070312,37.94240951538086,111.67364501953125,48.66685485839844,0.876388430595398,16.465999603271484
2016-04-05,24.846927642822266,29.30699920654297,37.617591857910156,111.34622955322266,47.90300750732422,0.875164270401001,17.031333923339844
2016-04-06,25.107139587402344,30.104000091552734,38.08869552612305,112.8246078491211,48.394657135009766,0.876388430595398,17.69466781616211
2016-04-07,24.559566497802734,29.571500778198242,37.6944580078125,112.7551498413086,47.815185546875,0.8673306703567505,17.14666748046875
2016-04-08,24.586711883544922,29.729999542236328,37.66222381591797,109.76859283447266,47.78007888793945,0.8729612827301025,16.67133331298828
2016-04-11,24.668174743652344,29.796499252319336,37.56651306152344,108.141357421875,47.683502197265625,0.8783467411994934,16.661333084106445
2016-04-12,24.98948097229004,30.15850067138672,37.90273666381836,109.7487564086914,47.98201370239258,0.8773679137229919,16.521333694458008
2016-04-13,25.35151481628418,30.740999221801758,38.27912902832031,109.64952850341797,48.59660339355469,0.8993996977806091,16.968666076660156
2016-04-14,25.365089416503906,31.037500381469727,38.451698303222656,109.9769515991211,48.60538864135742,0.9018476605415344,16.790666580200195
2016-04-15,24.85597801208496,31.29450035095215,38.68030548095703,108.78631591796875,48.86000061035156,0.9089468717575073,16.96733283996582
2016-04-18,24.319711685180664,31.767499923706055,39.061161041259766,109.5899887084961,49.57118225097656,0.9050302505493164,16.92533302307129
2016-04-19,24.19074058532715,31.395000457763672,38.49434280395508,111.4156723022461,49.50970458984375,0.888873279094696,16.4913330078125
2016-04-20,24.240520477294922,31.649499893188477,38.42838668823242,111.54466247558594,48.80731964111328,0.8923003673553467,16.6646671295166
2016-04-21,23.978038787841797,31.549999237060547,38.68030548095703,112.55672454833984,48.97413635253906,0.8913213014602661,16.55266761779785
2016-04-22,23.912425994873047,31.024999618530273,36.58611297607422,109.69913482666016,45.46217346191406,0.8878940343856812,16.916667938232422
2016-04-25,23.776668548583984,31.309999465942383,36.80629348754883,109.24270629882812,45.751930236816406,0.8923003673553467,16.788000106811523
2016-04-26,23.611482620239258,30.8439998626709,35.97119903564453,107.91316223144531,45.163665771484375,0.8930348753929138,16.916000366210938
2016-04-27,22.133926391601562,30.328500747680664,35.77730178833008,108.04214477539062,44.72468948364258,0.9133533835411072,16.764667510986328
2016-04-28,21.45737648010254,30.100000381469727,34.96401596069336,115.82110595703125,43.81156539916992,0.8861802816390991,16.513999938964844
2016-04-29,21.210739135742188,32.97949981689453,35.1038703918457,116.66448211669922,43.78522491455078,0.8697788715362549,16.05066680908203
2016-05-02,21.1881103515625,34.192501068115234,35.42768859863281,117.64676666259766,44.4349479675293,0.8812844753265381,16.1200008392334
2016-05-03,21.53656578063965,33.566001892089844,35.13164138793945,116.5156478881836,43.70622634887695,0.8707578182220459,15.48799991607666
2016-05-04,21.312559127807617,33.54499816894531,35.276939392089844,117.14073944091797,43.78522491455078,0.8509290218353271,14.837332725524902
2016-05-05,21.226057052612305,32.954498291015625,35.442569732666016,116.89268493652344,43.846702575683594,0.8560699224472046,14.10200023651123
2016-05-06,21.107681274414062,33.6974983215332,35.96177291870117,118.55960083007812,44.24178695678711,0.8648828268051147,14.328666687011719
2016-05-09,21.123615264892578,33.98749923706055,36.15766143798828,118.3115463256836,43.96083068847656,0.8636587262153625,13.928000450134277
2016-05-10,21.267032623291016,35.153499603271484,36.665958404541016,119.56173706054688,44.7949104309082,0.8803054094314575,13.912667274475098
2016-05-11,21.059871673583984,35.6614990234375,36.22807693481445,118.58936309814453,44.821258544921875,0.8827531933784485,13.93066692352295
2016-05-12,20.56587028503418,35.89649963378906,36.10509490966797,119.34345245361328,45.225128173828125,0.8707578182220459,13.8186674118042
2016-05-13,20.606842041015625,35.49599838256836,35.944419860839844,118.87711334228516,44.84760284423828,1.0031957626342773,13.840666770935059
2016-05-16,21.371747970581055,35.53300094604492,36.21567153930664,117.74598693847656,45.50608825683594,1.0328162908554077,13.88599967956543
2016-05-17,21.2829647064209,34.76350021362305,35.71432113647461,116.4362564086914,44.657325744628906,1.0350195169448853,13.644000053405762
2016-05-18,21.52655601501465,34.872501373291016,35.79316329956055,116.73393249511719,44.92256546020508,1.0614581108093262,14.07800006866455
2016-05-19,21.444599151611328,34.92599868774414,35.472328186035156,115.90047454833984,44.489341735839844,1.066109299659729,14.347332954406738
2016-05-20,21.676801681518555,35.13999938964844,35.78969955444336,116.4362564086914,44.754573822021484,1.0852038860321045,14.685333251953125
2016-05-23,21.952251434326172,34.837501525878906,35.56852722167969,115.06700897216797,44.232940673828125,1.0869171619415283,14.414667129516602
2016-05-24,22.28689956665039,35.209999084472656,36.35105514526367,116.78353881835938,45.612186431884766,1.1133016347885132,14.52733325958252
2016-05-25,22.67845916748047,35.41749954223633,36.60247802734375,116.9720687866211,46.08077621459961,1.1086385250091553,14.638667106628418
2016-05-26,22.858304977416992,35.74549865722656,36.544464111328125,118.53976440429688,45.87742233276367,1.1204191446304321,15.008000373840332
2016-05-27,22.844640731811523,35.61199951171875,37.07358932495117,118.45046997070312,46.25761032104492,1.1265558004379272,14.869333267211914
2016-05-31,22.73309326171875,36.13949966430664,37.13557434082031,117.88490295410156,46.85879898071289,1.1466811895370483,14.881999969482422
2016-06-01,22.41438865661621,35.97200012207031,37.116241455078125,117.85514068603516,46.7261848449707,1.1488900184631348,14.637332916259766
2016-06-02,22.245922088623047,36.4119987487793,36.9084587097168,118.00395965576172,46.3990592956543,1.1569900512695312,14.597332954406738
2016-06-03,22.291452407836914,36.277000427246094,36.491397857666016,117.54756164550781,45.78901290893555,1.1407904624938965,14.599332809448242
2016-06-06,22.453083038330078,36.33649826049805,36.203773498535156,117.86506652832031,46.08961486816406,1.1349005699157715,14.711999893188477
2016-06-07,22.544143676757812,36.1870002746582,36.254859924316406,116.84306335449219,46.06309127807617,1.1371095180511475,15.489333152770996
2016-06-08,22.523653030395508,36.332000732421875,36.842002868652344,117.46817016601562,46.01004409790039,1.133427619934082,15.701333045959473
2016-06-09,22.68528938293457,36.38249969482422,36.82166290283203,117.6368408203125,45.63870620727539,1.1628798246383667,15.290666580200195
2016-06-10,22.498613357543945,35.89550018310547,36.35899353027344,115.71195983886719,45.514930725097656,1.133918046951294,14.586000442504883
2016-06-13,22.15941047668457,35.762001037597656,36.294036865234375,113.06273651123047,44.33018493652344,1.1483993530273438,14.524666786193848
2016-06-14,22.186738967895508,35.96500015258789,36.36196517944336,114.0450439453125,44.05611801147461,1.1506081819534302,14.330666542053223
2016-06-15,22.1138858795166,35.7130012512207,36.30939865112305,113.70767211914062,43.932334899902344,1.1623895168304443,14.513333320617676
2016-06-16,22.20722198486328,35.8754997253418,35.9156608581543,113.49931335449219,44.55121994018555,1.1670528650283813,14.528667449951172
2016-06-17,21.70183753967285,35.31949996948242,34.92385482788086,112.13996124267578,44.32135009765625,1.1466811895370483,14.364666938781738
2016-06-20,21.649478912353516,35.70050048828125,35.01708221435547,112.48725891113281,44.268314361572266,1.1672980785369873,14.646666526794434
2016-06-21,21.83387565612793,35.79100036621094,35.1534538269043,113.48939514160156,45.2585334777832,1.1601803302764893,14.640666961669922
2016-06-22,21.751928329467773,35.529998779296875,35.232303619384766,113.02306365966797,45.08171081542969,1.1591986417770386,13.11066722869873
2016-06-23,21.87712860107422,36.104000091552734,35.45050048828125,114.18395233154297,45.895103454589844,1.1901237964630127,13.09333324432373
2016-06-24,21.262479782104492,34.948001861572266,33.979164123535156,111.20730590820312,44.05611801147461,1.1223829984664917,12.876667022705078
2016-06-27,20.9528751373291,34.56800079345703,33.77782440185547,108.12151336669922,42.81834411621094,1.1103566884994507,13.236666679382324
2016-06-28,21.30573272705078,35.397499084472656,34.27968215942383,111.82247924804688,43.711299896240234,1.1265558004379272,13.452667236328125
2016-06-29,21.490129470825195,35.779998779296875,34.474571228027344,113.27111053466797,44.68385314941406,1.144963026046753,14.012666702270508
2016-06-30,21.763307571411133,35.78099822998047,34.888145446777344,113.39018249511719,45.240848541259766,1.153799057006836,14.152000427246094
2016-07-01,21.829328536987305,36.284000396728516,35.22138977050781,113.30086517333984,45.23200988769531,1.1452088356018066,14.433333396911621
2016-07-05,21.62444496154785,36.404998779296875,34.955589294433594,113.310791015625,45.240848541259766,1.1621443033218384,14.26533317565918
2016-07-06,21.74736785888672,36.88050079345703,35.15792465209961,115.79133605957031,45.426513671875,1.1695070266723633,14.295999526977539
2016-07-07,21.840707778930664,36.82849884033203,35.0731201171875,114.94793701171875,45.426513671875,1.199941873550415,14.395999908447266
2016-07-08,22.0091609954834,37.29050064086914,35.594810485839844,116.3271255493164,46.239925384521484,1.248047113418579,14.45199966430664
2016-07-11,22.077465057373047,37.68899917602539,36.061954498291016,116.95222473144531,46.49631118774414,1.2767629623413086,14.985333442687988
2016-07-12,22.177621841430664,37.410499572753906,36.32527160644531,117.0117416381836,47.04446792602539,1.295906901359558,14.976667404174805
2016-07-13,22.052425384521484,37.131500244140625,36.175018310546875,115.8707046508789,47.30971908569336,1.295416235923767,14.835332870483398
2016-07-14,22.489511489868164,37.060001373291016,36.48843002319336,116.37674713134766,47.5130615234375,1.3086696863174438,14.768667221069336
2016-07-15,22.487226486206055,36.77199935913086,36.4799919128418,115.9500961303711,47.47769546508789,1.2934527397155762,14.69333267211914
2016-07-18,22.726255416870117,36.80350112915039,37.351287841796875,118.4405517578125,47.707557678222656,1.3000792264938354,15.083333015441895
2016-07-19,22.735370635986328,36.997501373291016,37.36170959472656,119.67088317871094,46.938377380371094,1.3135782480239868,15.017333030700684
2016-07-20,22.755857467651367,37.2859992980957,37.543701171875,120.9706802368164,49.431610107421875,1.3307589292526245,15.223999977111816
2016-07-21,22.63519859313965,37.221500396728516,37.41129684448242,119.67088317871094,49.33435821533203,1.306215524673462,14.699999809265137
2016-07-22,22.45990753173828,37.24300003051758,37.65280532836914,120.05785369873047,50.01515197753906,1.341803789138794,14.817999839782715
2016-07-25,22.15941047668457,36.980499267578125,37.56552505493164,120.68293762207031,50.15660858154297,1.366592526435852,15.333999633789062
2016-07-26,22.006885528564453,36.77949905395508,37.57197189331055,120.27613830566406,50.1831169128418,1.3899096250534058,15.300666809082031
2016-07-27,23.436527252197266,36.833499908447266,37.786197662353516,122.37962341308594,49.679168701171875,1.3759193420410156,15.232666969299316
2016-07-28,23.752960205078125,37.63050079345703,37.978111267089844,124.02670288085938,49.69686508178711,1.3788648843765259,15.37399959564209
2016-07-29,23.723363876342773,37.94049835205078,39.24266052246094,122.97496032714844,50.112396240234375,1.4014447927474976,15.652667045593262
2016-08-01,24.142244338989258,38.387001037597656,39.718727111816406,123.34207916259766,50.02397537231445,1.3923639059066772,15.333999633789062
2016-08-02,23.784828186035156,38.02899932861328,39.67806625366211,122.1315689086914,50.02397537231445,1.375428557395935,15.146666526794434
2016-08-03,24.083051681518555,37.731998443603516,39.61854934692383,121.55609893798828,50.368797302246094,1.3791102170944214,15.052666664123535
2016-08-04,24.231830596923828,38.03850173950195,39.53573226928711,123.39167785644531,50.74013137817383,1.4046354293823242,15.37399959564209
2016-08-05,24.60033416748047,38.29899978637695,40.01577377319336,124.17555236816406,51.244083404541016,1.4284433126449585,15.335332870483398
2016-08-08,24.804031372070312,38.327999114990234,39.93146896362305,124.28467559814453,51.33250427246094,1.4416966438293457,15.077333450317383
2016-08-09,24.90474510192871,38.41550064086914,40.04304504394531,124.08623504638672,51.45627975463867,1.4453785419464111,15.272000312805176
2016-08-10,24.719348907470703,38.428001403808594,40.09313201904297,123.90763092041016,51.29713439941406,1.4360517263412476,15.043333053588867
2016-08-11,24.70333480834961,38.5620002746582,40.07875442504883,123.927490234375,51.544677734375,1.465258002281189,14.994000434875488
2016-08-12,24.760549545288086,38.62799835205078,40.02172088623047,123.90763092041016,51.22639846801758,1.547234296798706,15.040666580200195
2016-08-15,25.058094024658203,38.42449951171875,39.9676628112793,122.93527221679688,51.38554763793945,1.5457617044448853,15.03933334350586
2016-08-16,25.035202026367188,38.20199966430664,39.73112487792969,122.3399429321289,51.10085678100586,1.5364350080490112,14.907333374023438
2016-08-17,24.998592376708984,38.23149871826172,39.940895080566406,123.40161895751953,51.207618713378906,1.5008466243743896,14.88266658782959
2016-08-18,24.96654510498047,38.222999572753906,39.8084831237793,122.9451904296875,51.243194580078125,1.5241636037826538,14.900667190551758
2016-08-19,25.030628204345703,37.865501403808594,39.65475082397461,122.59790802001953,51.260990142822266,1.5280905961990356,15.0
2016-08-22,24.836076736450195,37.9739990234375,39.52086639404297,123.1833267211914,51.30546569824219,1.5344717502593994,14.862000465393066
2016-08-23,24.913898468017578,38.122501373291016,39.50300598144531,123.40161895751953,51.50119400024414,1.5468891859054565,14.989333152770996
2016-08-24,24.72620964050293,37.86249923706055,39.35472869873047,122.51854705810547,51.5545768737793,1.5230377912521362,14.841333389282227
2016-08-25,24.620933532714844,37.96099853515625,39.24068069458008,122.92534637451172,51.75028991699219,1.5129560232162476,14.730667114257812
2016-08-26,24.476734161376953,38.45000076293945,39.33588790893555,123.98702239990234,51.62574005126953,1.5252511501312256,14.666000366210938
2016-08-29,24.44926643371582,38.56449890136719,39.464820861816406,125.55472564697266,51.68801498413086,1.5242670774459839,14.346667289733887
2016-08-30,24.261579513549805,38.37900161743164,39.27142333984375,124.86015319824219,51.50119400024414,1.5154151916503906,14.089332580566406
2016-08-31,24.28447151184082,38.45800018310547,39.16877365112305,125.13799285888672,51.11864471435547,1.508284330368042,14.133999824523926
2016-09-01,24.42866325378418,38.53099822998047,39.24563217163086,125.18757629394531,51.23430252075195,1.5527902841567993,13.38466739654541
2016-09-02,24.657550811767578,38.62200164794922,39.51689147949219,125.52494812011719,51.30546569824219,1.537545084953308,13.185333251953125
2016-09-06,24.65068244934082,39.44350051879883,40.069828033447266,128.71986389160156,51.252098083496094,1.5520521402359009,13.522000312805176
2016-09-07,24.801748275756836,39.2239990234375,40.06833267211914,130.0295867919922,51.29656982421875,1.5291846990585327,13.447333335876465
2016-09-08,24.151718139648438,39.202999114990234,39.81294631958008,129.2556915283203,51.091957092285156,1.5402497053146362,13.157333374023438
2016-09-09,23.604686737060547,38.00699996948242,39.100830078125,126.11034393310547,50.00661087036133,1.4635330438613892,12.964667320251465
2016-09-12,24.133413314819336,38.574501037597656,39.61359786987305,127.68797302246094,50.7538948059082,1.493776559829712,13.220000267028809
2016-09-13,24.707908630371094,38.050498962402344,39.11273193359375,126.21949768066406,50.29130172729492,1.4721386432647705,13.069999694824219
2016-09-14,25.582239151000977,38.054500579833984,39.19901657104492,126.77511596679688,50.051082611083984,1.485170841217041,13.093999862670898
2016-09-15,26.451993942260742,38.484500885009766,39.73310852050781,127.3506088256836,50.87845230102539,1.5414789915084839,13.361332893371582
2016-09-16,26.303218841552734,38.92599868774414,39.571441650390625,128.0650177001953,50.931819915771484,1.5451674461364746,13.69333267211914
2016-09-19,25.99652099609375,38.755001068115234,39.44350051879883,127.64827728271484,50.64714431762695,1.5655763149261475,13.755999565124512
2016-09-20,25.99422836303711,39.01100158691406,39.66120147705078,127.63838195800781,50.54037857055664,1.551315426826477,13.642666816711426
2016-09-21,25.989648818969727,39.48699951171875,39.92155075073242,128.92823791503906,51.38554763793945,1.5948375463485718,13.6813325881958
2016-09-22,26.234556198120117,40.23500061035156,40.46307373046875,129.06715393066406,51.43891525268555,1.5987714529037476,13.76200008392334
2016-09-23,25.797386169433594,40.287498474121094,40.413978576660156,126.9636459350586,51.091957092285156,1.5970499515533447,13.829999923706055
2016-09-26,25.836301803588867,39.95800018310547,39.803524017333984,126.31871795654297,50.620452880859375,1.5820512771606445,13.932666778564453
2016-09-27,25.884361267089844,40.80550003051758,40.20420837402344,127.68797302246094,51.5545768737793,1.6361467838287354,13.720666885375977
2016-09-28,26.081195831298828,41.43600082397461,40.17098617553711,128.2237548828125,51.62574005126953,1.6420482397079468,13.751333236694336
2016-09-29,25.676074981689453,41.45249938964844,39.80302429199219,127.09264373779297,51.06527328491211,1.6572933197021484,13.380000114440918
2016-09-30,25.875205993652344,41.865501403808594,39.87343978881836,127.271240234375,51.243194580078125,1.6848328113555908,13.60200023651123
2016-10-03,25.753890991210938,41.83700180053711,39.69095230102539,127.76734924316406,51.08305740356445,1.6831117868423462,14.24666690826416
2016-10-04,25.863767623901367,41.701499938964844,39.81045913696289,127.19185638427734,50.92293167114258,1.679423213005066,14.093999862670898
2016-10-05,25.875205993652344,42.21799850463867,39.73310852050781,127.46968078613281,51.27878952026367,1.6777023077011108,13.897333145141602
2016-10-06,26.06747055053711,42.08300018310547,39.82484817504883,127.73759460449219,51.367759704589844,1.6558181047439575,13.399999618530273
2016-10-07,26.106382369995117,41.971500396728516,39.707313537597656,127.98562622070312,51.42112731933594,1.643769383430481,13.107333183288574
2016-10-10,26.56185531616211,42.08549880981445,40.37480163574219,129.22589111328125,51.634639739990234,1.649916648864746,13.396666526794434
2016-10-11,26.61907386779785,41.54999923706055,40.14668273925781,127.87653350830078,50.87845230102539,1.6260654926300049,13.34000015258789
2016-10-12,26.85711097717285,41.704498291015625,40.25579071044922,128.045166015625,50.80725860595703,1.6334424018859863,13.434000015258789
2016-10-13,26.774721145629883,41.4640007019043,39.87443542480469,126.8247299194336,50.638240814208984,1.6068860292434692,13.349332809448242
2016-10-14,26.923498153686523,41.14799880981445,39.90022659301758,126.88428497314453,51.08305740356445,1.6226232051849365,13.100666999816895
2016-10-17,26.905181884765625,40.647499084472656,40.01130294799805,126.54694366455078,50.9051399230957,1.613279104232788,12.93066692352295
2016-10-18,26.88686752319336,40.88249969482422,40.7378044128418,127.56891632080078,51.29656982421875,1.6378676891326904,13.273332595825195
2016-10-19,26.8067626953125,40.884498596191406,41.003108978271484,129.096923828125,51.18092727661133,1.6344255208969116,13.570667266845703
2016-10-20,26.793025970458984,40.51599884033203,40.7447509765625,128.98777770996094,50.931819915771484,1.665407419204712,13.273332595825195
2016-10-21,26.687740325927734,40.949501037597656,40.86524963378906,131.04164123535156,53.07585906982422,1.6607357263565063,13.339332580566406
2016-10-24,26.928070068359375,41.90449905395508,41.444461822509766,132.24224853515625,54.26797103881836,1.7386826276779175,13.517333030700684
2016-10-25,27.065401077270508,41.75899887084961,41.08791732788086,131.25991821289062,54.259071350097656,1.767205834388733,13.489333152770996
2016-10-26,26.45656394958496,41.12950134277344,40.7680549621582,130.01968383789062,53.938804626464844,1.7743359804153442,13.482666969299316
2016-10-27,26.202510833740234,40.917999267578125,40.53250503540039,128.68017578125,53.46730041503906,1.7379449605941772,13.600666999816895
2016-10-28,26.02855682373047,38.816001892089844,40.642093658447266,130.26771545410156,53.262672424316406,1.7349944114685059,13.33133316040039
2016-10-31,25.987361907958984,39.49100112915039,40.163047790527344,129.97006225585938,53.30716323852539,1.7497479915618896,13.182000160217285
2016-11-01,25.518150329589844,39.27050018310547,39.94386291503906,128.49166870117188,53.200401306152344,1.6978651285171509,12.719332695007324
2016-11-02,25.541038513183594,38.27799987792969,39.09785842895508,126.17979431152344,52.87125015258789,1.690733790397644,12.534667015075684
2016-11-03,25.26727294921875,38.35150146484375,38.78890609741211,119.06563568115234,52.67552185058594,1.6710631847381592,12.494667053222656
2016-11-04,25.039512634277344,37.752498626708984,38.734859466552734,119.80979919433594,52.23069763183594,1.661473274230957,12.704000473022461
2016-11-07,25.40070915222168,39.246498107910156,39.77278137207031,121.19890594482422,53.75197982788086,1.7524523735046387,12.880666732788086
2016-11-08,25.55023956298828,39.38750076293945,40.26620101928711,123.25277709960938,53.79646301269531,1.7497479915618896,12.996000289916992
2016-11-09,25.508832931518555,38.59400177001953,39.949317932128906,122.22087097167969,53.52957534790039,1.7202410697937012,12.670666694641113
2016-11-10,24.79795265197754,37.11899948120117,38.69468688964844,119.85941314697266,52.221805572509766,1.6663908958435059,12.356666564941406
2016-11-11,24.94518280029297,36.95050048828125,38.27118682861328,118.09326171875,52.50648880004883,2.1630871295928955,12.570667266845703
2016-11-14,24.319429397583008,35.95349884033203,37.35227966308594,114.18395233154297,51.705806732177734,2.056617259979248,12.096667289733887
2016-11-15,24.64151382446289,37.1619987487793,38.440284729003906,116.28743743896484,52.726844787597656,2.119319438934326,12.251333236694336
2016-11-16,25.304079055786133,37.324501037597656,38.67931365966797,115.43412780761719,53.425445556640625,2.2530832290649414,12.26200008392334
2016-11-17,25.294878005981445,37.81999969482422,38.985782623291016,116.87284851074219,54.3121452331543,2.271770715713501,12.577333450317383
2016-11-18,25.320180892944336,38.007999420166016,38.4804573059082,116.10883331298828,54.05240249633789,2.2956221103668213,12.334667205810547
2016-11-21,25.704378128051758,39.0,38.9183349609375,120.82185363769531,54.50918960571289,2.286278486251831,12.3013334274292
2016-11-22,25.720491409301758,39.26649856567383,38.92825698852539,120.52418518066406,54.742069244384766,2.3027517795562744,12.744667053222656
2016-11-23,25.589353561401367,39.00600051879883,38.63072204589844,119.89909362792969,54.097190856933594,2.314079999923706,12.87600040435791
2016-11-25,25.71818733215332,39.01850128173828,38.691715240478516,119.44267272949219,54.2136344909668,2.3187594413757324,13.109999656677246
2016-11-28,25.667572021484375,38.3385009765625,38.967437744140625,119.47244262695312,54.2852783203125,2.3175277709960938,13.074666976928711
2016-11-29,25.64226531982422,38.125999450683594,39.148441314697266,119.92886352539062,54.71517562866211,2.2963500022888184,12.637999534606934
2016-11-30,25.426010131835938,37.528499603271484,38.47599792480469,117.49793243408203,53.97179412841797,2.270493268966675,12.626667022705078
2016-12-01,25.189048767089844,37.182498931884766,37.903228759765625,114.20378875732422,53.02241897583008,2.1581993103027344,12.125332832336426
2016-12-02,25.28337860107422,37.016998291015625,37.9096794128418,114.50144958496094,53.067195892333984,2.1781463623046875,12.097999572753906
2016-12-05,25.101625442504883,37.96799850463867,38.5920295715332,116.5156478881836,53.93597412109375,2.262612819671631,12.453332901000977
2016-12-06,25.294878005981445,38.236000061035156,38.490875244140625,116.39659118652344,53.69415283203125,2.2997968196868896,12.390000343322754
2016-12-07,25.543338775634766,38.520999908447266,39.249107360839844,117.0315933227539,54.965980529785156,2.3411688804626465,12.876667022705078
2016-12-08,25.79410171508789,38.36650085449219,39.432594299316406,117.98412322998047,54.643531799316406,2.3020143508911133,12.81933307647705
2016-12-09,26.21510887145996,38.43299865722656,40.14073181152344,118.74812316894531,55.503360748291016,2.2611351013183594,12.812000274658203
2016-12-12,26.06557273864746,38.00600051879883,40.06386947631836,116.85298156738281,55.682491302490234,2.2062203884124756,12.828666687011719
2016-12-13,26.500377655029297,38.71699905395508,40.43281936645508,119.37321472167969,56.40796661376953,2.2451283931732178,13.210000038146973
2016-12-14,26.500377655029297,38.441001892089844,40.55927658081055,119.27398681640625,56.13927459716797,2.3751513957977295,13.246000289916992
2016-12-15,26.64531707763672,38.04999923706055,40.44819259643555,119.6312026977539,56.04971694946289,2.4308066368103027,13.17199993133545
2016-12-16,26.67982292175293,37.88850021362305,40.16007614135742,118.9366683959961,55.79891586303711,2.472670555114746,13.499333381652832
2016-12-19,26.833961486816406,38.29999923706055,40.29198455810547,118.3115463256836,56.98118209838867,2.502713918685913,13.51533317565918
2016-12-20,26.90528678894043,38.56100082397461,40.425880432128906,118.16272735595703,56.90952682495117,2.58988881111145,13.919333457946777
2016-12-21,26.93058967590332,38.529998779296875,40.2771110534668,118.11311340332031,56.90952682495117,2.6061410903930664,13.846667289733887
2016-12-22,26.75344467163086,38.31700134277344,40.15214920043945,116.48588562011719,56.918495178222656,2.637662887573242,13.896666526794434
2016-12-23,26.806360244750977,38.02949905395508,40.05891418457031,116.35688781738281,56.64085006713867,2.7034130096435547,14.22266674041748
2016-12-27,26.97660255432129,38.56999969482422,40.16454315185547,117.09112548828125,56.67666244506836,2.8890912532806396,14.635333061218262
2016-12-28,26.86156463623047,38.60649871826172,39.89873504638672,116.00961303710938,56.41691970825195,2.690361738204956,14.649333000183105
2016-12-29,26.85466766357422,38.25749969482422,39.8149299621582,115.44403839111328,56.33631896972656,2.7440459728240967,14.312000274658203
2016-12-30,26.64531707763672,37.493499755859375,39.297706604003906,114.15418243408203,55.655616760253906,2.6285505294799805,14.246000289916992
2017-01-03,26.721233367919922,37.68349838256836,40.069332122802734,115.9500961303711,56.04971694946289,2.5120716094970703,14.465999603271484
2017-01-04,26.691328048706055,37.85900115966797,40.05742263793945,117.76583099365234,55.79891586303711,2.570680618286133,15.13266658782959
2017-01-05,26.827062606811523,39.022499084472656,40.31777572631836,119.73041534423828,55.79891586303711,2.5054218769073486,15.116666793823242
2017-01-06,27.12614631652832,39.79949951171875,40.92228317260742,122.44908905029297,56.28257369995117,2.538914203643799,15.267333030700684
2017-01-09,27.374595642089844,39.84600067138672,41.01997756958008,123.927490234375,56.103450775146484,2.641848564147949,15.41866683959961
2017-01-10,27.402206420898438,39.79499816894531,40.961944580078125,123.38175201416016,56.08553695678711,2.6219019889831543,15.324666976928711
2017-01-11,27.549442291259766,39.95100021362305,41.15286636352539,125.10821533203125,56.59605026245117,2.589641809463501,15.315333366394043
2017-01-12,27.434417724609375,40.68199920654297,41.13650894165039,125.63409423828125,56.076568603515625,2.547285795211792,15.305999755859375
2017-01-13,27.386110305786133,40.856998443603516,41.20642852783203,127.34068298339844,56.15719223022461,2.547039747238159,15.850000381469727
2017-01-17,27.606962203979492,40.486000061035156,41.03385543823242,126.8743667602539,56.004905700683594,2.48990797996521,15.70533275604248
2017-01-18,27.60466194152832,40.374000549316406,41.11122131347656,126.92396545410156,55.97806167602539,2.535219192504883,15.890666961669922
2017-01-19,27.556344985961914,40.45199966430664,40.880619049072266,126.55685424804688,55.79891586303711,2.589641809463501,16.250667572021484
2017-01-20,27.606962203979492,40.416500091552734,41.06906509399414,126.05081939697266,56.193023681640625,2.5613226890563965,16.315332412719727
2017-01-23,27.62535858154297,40.89400100708008,41.87540054321289,127.92610168457031,56.39005661010742,2.5879178047180176,16.594667434692383
2017-01-24,27.60006332397461,41.12200164794922,42.12831497192383,128.3626708984375,56.891605377197266,2.643080234527588,16.974000930786133
2017-01-25,28.039466857910156,41.82600021362305,42.570655822753906,130.4562225341797,57.0349235534668,2.6544079780578613,16.96466636657715
2017-01-26,28.05327033996582,41.95750045776367,42.49775695800781,131.74612426757812,57.563350677490234,2.700212001800537,16.833999633789062
2017-01-27,28.055570602416992,41.78850173950195,41.9051513671875,131.1508026123047,58.91579055786133,2.7524187564849854,16.863332748413086
2017-01-30,27.981950759887695,41.51900100708008,40.853843688964844,129.96014404296875,58.333614349365234,2.7093234062194824,16.708667755126953
2017-01-31,27.91753387451172,41.17399978637695,40.67333984375,129.30528259277344,57.90370178222656,2.6886377334594727,16.795333862304688
2017-02-01,29.61996841430664,41.61750030517578,40.4278678894043,132.19261169433594,56.94536590576172,2.806102752685547,16.615999221801758
2017-02-02,29.569351196289062,41.997501373291016,40.57762145996094,129.82125854492188,56.57814025878906,2.8415634632110596,16.770000457763672
2017-02-03,29.695894241333008,40.5099983215332,40.67036056518555,129.96014404296875,57.0349235534668,2.816690683364868,16.755332946777344
2017-02-06,29.97425079345703,40.38199996948242,40.74425506591797,131.03173828125,56.99909591674805,2.8888444900512695,17.184667587280273
2017-02-07,30.2595272064209,40.625,41.12163162231445,130.81344604492188,56.811012268066406,2.933664560317993,17.165332794189453
2017-02-08,30.376861572265625,40.98550033569336,41.153865814208984,133.15504455566406,56.73040771484375,2.920858860015869,17.472000122070312
2017-02-09,30.596357345581055,41.06800079345703,41.16278839111328,133.09552001953125,57.375267028808594,2.86594295501709,17.946666717529297
2017-02-10,30.527036666870117,41.37300109863281,41.40032958984375,133.1451416015625,57.32152557373047,2.797976016998291,17.948667526245117
2017-02-13,30.797380447387695,41.826499938964844,41.604148864746094,133.00624084472656,57.96639633178711,2.6689374446868896,18.706666946411133
2017-02-14,31.197099685668945,41.81949996948242,41.657203674316406,132.80780029296875,58.18265914916992,2.6787872314453125,18.73200035095215
2017-02-15,31.310321807861328,42.1349983215332,41.52281951904297,132.40098571777344,58.146610260009766,2.6842050552368164,18.650667190551758
2017-02-16,31.273359298706055,42.207000732421875,41.763328552246094,132.79788208007812,58.137603759765625,2.641110897064209,17.93000030517578
2017-02-17,31.358835220336914,42.253501892089844,41.98052978515625,132.4902801513672,58.227718353271484,2.6406171321868896,18.148666381835938
2017-02-21,31.58527374267578,42.821998596191406,42.11541748046875,132.67881774902344,58.110565185546875,2.735180377960205,18.492666244506836
2017-02-22,31.680015563964844,42.78049850463867,42.21905517578125,135.06011962890625,57.99342727661133,2.7309887409210205,18.233999252319336
2017-02-23,31.546005249023438,42.609500885009766,42.20120620727539,134.3060302734375,58.227718353271484,2.477762460708618,17.06599998474121
2017-02-24,31.576040267944336,42.262001037597656,42.04301452636719,134.38540649414062,58.227718353271484,2.5016801357269287,17.133333206176758
2017-02-27,31.638425827026367,42.43199920654297,42.135257720947266,135.34786987304688,57.87628936767578,2.5744173526763916,16.415332794189453
2017-02-28,31.65228843688965,42.25199890136719,41.90019989013672,134.484619140625,57.65100860595703,2.5021729469299316,16.666000366210938
2017-03-01,32.29924392700195,42.65399932861328,42.48634719848633,136.35000610351562,58.516056060791016,2.5344738960266113,16.667999267578125
2017-03-02,32.107479095458984,42.445499420166016,42.14418029785156,135.6951446533203,57.67805862426758,2.4410245418548584,16.698667526245117
2017-03-03,32.29693603515625,42.49399948120117,42.105995178222656,136.1019287109375,57.894309997558594,2.426969528198242,16.771333694458008
2017-03-06,32.19527053833008,42.330501556396484,42.0162353515625,136.35000610351562,57.91232681274414,2.408231496810913,16.747333526611328
2017-03-07,32.23685073852539,42.30099868774414,42.208641052246094,136.23092651367188,58.029483795166016,2.434612989425659,16.57266616821289
2017-03-08,32.116703033447266,42.525001525878906,42.33212661743164,136.64767456054688,58.56110763549805,2.430175542831421,16.45800018310547
2017-03-09,32.04276657104492,42.650001525878906,42.5404052734375,137.1636199951172,58.32682418823242,2.429682970046997,16.32666778564453
2017-03-10,32.14906311035156,42.62300109863281,42.71744155883789,137.7093048095703,58.507049560546875,2.443983554840088,16.246000289916992
2017-03-13,32.16291427612305,42.72949981689453,42.87464904785156,138.51303100585938,58.30881118774414,2.5112969875335693,16.411333084106445
2017-03-14,32.11439895629883,42.62649917602539,42.94060134887695,138.2351837158203,58.03849411010742,2.509570360183716,17.200000762939453
2017-03-15,32.45405578613281,42.64849853515625,43.06357192993164,138.63206481933594,58.34485626220703,2.5285568237304688,17.048667907714844
2017-03-16,32.50719451904297,42.67100143432617,43.14341354370117,138.89999389648438,58.2457275390625,2.5596232414245605,17.469999313354492
2017-03-17,32.34545135498047,42.615501403808594,43.26095199584961,138.7511444091797,58.4529914855957,2.6153478622436523,17.433332443237305
2017-03-20,32.685096740722656,42.8484992980957,43.0397834777832,138.8503875732422,58.507049560546875,2.698688268661499,17.461332321166992
2017-03-21,32.310794830322266,42.15999984741211,42.15856170654297,137.4315185546875,57.85826110839844,2.611403465270996,16.711999893188477
2017-03-22,32.67586135864258,42.40299987792969,42.14170455932617,138.50311279296875,58.597164154052734,2.664661407470703,17.000667572021484
2017-03-23,32.56033706665039,42.36899948120117,41.63835525512695,138.4435577392578,58.4529914855957,2.640498161315918,16.985332489013672
2017-03-24,32.495635986328125,42.28049850463867,41.41470718383789,139.24725341796875,58.55209732055664,2.649867296218872,17.54400062561035
2017-03-27,32.55108642578125,42.340999603271484,41.581825256347656,139.2274169921875,58.66022491455078,2.669100046157837,18.014667510986328
2017-03-28,33.22576141357422,42.79999923706055,41.686954498291016,140.6562042236328,58.83143615722656,2.6552934646606445,18.496667861938477
2017-03-29,33.29971694946289,43.715999603271484,42.145172119140625,141.5392608642578,58.993648529052734,2.646662712097168,18.492000579833984
2017-03-30,33.25580978393555,43.81700134277344,42.125823974609375,141.3011474609375,59.20988464355469,2.697455644607544,18.527999877929688
2017-03-31,33.193424224853516,44.32699966430664,42.04252243041992,140.94393920898438,59.345054626464844,2.6858668327331543,18.553333282470703
2017-04-03,33.20265197753906,44.57550048828125,42.48634719848633,141.1721649169922,59.065704345703125,2.6723062992095947,19.90133285522461
2017-04-04,33.44989776611328,45.34149932861328,42.2790641784668,140.6264190673828,59.2279167175293,2.4849143028259277,20.246667861938477
2017-04-05,33.27660369873047,45.4640007019043,42.097564697265625,140.74551391601562,59.074710845947266,2.466420888900757,19.666667938232422
2017-04-06,33.193424224853516,44.91400146484375,41.908626556396484,140.07081604003906,59.2279167175293,2.4844207763671875,19.913333892822266
2017-04-07,33.119483947753906,44.74399948120117,41.75985336303711,139.68385314941406,59.18284225463867,2.4738171100616455,20.16933250427246
2017-04-10,33.08020782470703,45.35200119018555,41.74002456665039,139.9418182373047,59.047691345214844,2.4106969833374023,20.826000213623047
2017-04-11,32.72438430786133,45.11800003051758,41.64976119995117,138.83053588867188,59.00263214111328,2.4193263053894043,20.58066749572754
2017-04-12,32.76366424560547,44.811500549316406,41.728118896484375,138.4931640625,58.777374267578125,2.3993546962738037,19.78933334350586
2017-04-13,32.59037780761719,44.23350143432617,41.664634704589844,138.30465698242188,58.52507019042969,2.354478359222412,20.266666412353516
2017-04-17,32.770599365234375,45.0994987487793,42.4060173034668,140.31887817382812,59.00263214111328,2.4466958045959473,20.09600067138672
2017-04-18,32.62502670288086,45.18899917602539,42.349491119384766,139.86241149902344,58.921539306640625,2.4481747150421143,20.016666412353516
2017-04-19,32.504878997802734,44.959999084472656,42.474449157714844,141.1622314453125,58.60615539550781,2.4577910900115967,20.368000030517578
2017-04-20,32.911537170410156,45.10300064086914,42.651485443115234,142.68031311035156,59.020652770996094,2.496748924255371,20.167333602905273
2017-04-21,32.872257232666016,44.92649841308594,42.59545135498047,142.56126403808594,59.83163833618164,2.5071048736572266,20.373332977294922
2017-04-24,33.188804626464844,45.37049865722656,43.58626174926758,144.3373260498047,60.84983825683594,2.538418769836426,20.53533363342285
2017-04-25,33.39445114135742,45.38100051879883,44.07769775390625,145.34938049316406,61.201271057128906,2.582554578781128,20.91933250427246
2017-04-26,33.19804763793945,45.464500427246094,44.09257888793945,145.41883850097656,61.12018585205078,2.5648019313812256,20.67799949645996
2017-04-27,33.223445892333984,45.91899871826172,44.206634521484375,146.54994201660156,61.51663589477539,2.604745864868164,20.575332641601562
2017-04-28,33.191104888916016,46.2495002746582,45.84708023071289,149.08010864257812,61.687870025634766,2.5717060565948486,20.937999725341797
2017-05-01,33.86811065673828,47.4114990234375,46.2586669921875,151.2729034423828,62.543853759765625,2.6294023990631104,21.52199935913086
2017-05-02,34.082984924316406,47.34700012207031,46.47042465209961,151.59039306640625,62.44475555419922,2.5514867305755615,21.25933265686035
2017-05-03,33.97901153564453,47.05149841308594,47.03376388549805,150.6180419921875,62.24652099609375,2.5704729557037354,20.73466682434082
2017-05-04,33.85655975341797,46.87649917602539,47.344696044921875,149.67543029785156,62.003231048583984,2.56061053276062,19.69733238220215
2017-05-05,34.41802215576172,46.70750045776367,47.12451934814453,149.07015991210938,62.174442291259766,2.560857057571411,20.55666732788086
2017-05-08,35.35379409790039,47.45199966430664,47.54157257080078,149.88377380371094,62.120384216308594,2.5339808464050293,20.479333877563477
2017-05-09,35.58022689819336,47.64099884033203,47.443382263183594,149.3083038330078,62.210472106933594,2.538172960281372,21.417333602905273
2017-05-10,35.41156005859375,47.4474983215332,47.35064697265625,149.1197967529297,62.45378112792969,2.9906246662139893,21.681333541870117
2017-05-11,35.717796325683594,47.38100051879883,47.4027099609375,148.87171936035156,61.687870025634766,3.119086980819702,21.540000915527344
2017-05-12,36.21661376953125,48.067501068115234,47.36552429199219,149.15948486328125,61.615787506103516,3.153360366821289,21.65399932861328
2017-05-15,36.12381362915039,47.89849853515625,47.567848205566406,149.02056884765625,61.66081237792969,3.3116562366485596,21.058666229248047
2017-05-16,36.07046890258789,48.30350112915039,47.835140228271484,148.61375427246094,62.902381896972656,3.3732988834381104,21.134000778198242
2017-05-17,34.859375,47.237998962402344,46.72234344482422,143.72213745117188,61.153324127197266,3.1491687297821045,20.407333374023438
2017-05-18,35.39067077636719,47.92449951171875,47.13542938232422,146.51026916503906,61.361751556396484,3.2810821533203125,20.87066650390625
2017-05-19,35.51131057739258,47.992000579833984,47.34122085571289,146.90713500976562,61.34364318847656,3.356858253479004,20.722000122070312
2017-05-22,35.727088928222656,48.53350067138672,47.80836486816406,147.08575439453125,62.032379150390625,3.428438663482666,20.690000534057617
2017-05-23,35.683013916015625,48.57699966430664,48.12970733642578,146.9170684814453,62.24081802368164,3.382282018661499,20.257333755493164
2017-05-24,35.576290130615234,49.01750183105469,48.47981643676758,148.87171936035156,62.3223762512207,3.420292854309082,20.681333541870117
2017-05-25,35.69926071166992,49.66899871826172,49.18647384643555,150.77679443359375,63.092689514160156,3.4126415252685547,21.121999740600586
2017-05-26,35.63893508911133,49.78900146484375,49.25640106201172,150.94544982910156,63.400821685791016,3.5010054111480713,21.676000595092773
2017-05-30,35.65283966064453,49.834999084472656,49.40019989013672,151.1935272216797,63.80862045288086,3.5757944583892822,22.34000015258789
2017-05-31,35.441715240478516,49.73099899291992,48.94993591308594,150.28067016601562,63.29204559326172,3.562959909439087,22.733999252319336
2017-06-01,35.539154052734375,49.79750061035156,49.00944519042969,150.35015869140625,63.52769088745117,3.563206195831299,22.691333770751953
2017-06-02,36.065818786621094,50.33649826049805,49.397727966308594,152.41392517089844,65.03204345703125,3.5454347133636475,22.656667709350586
2017-06-05,35.713172912597656,50.56700134277344,49.78254699707031,152.43377685546875,65.50328063964844,3.6532986164093018,23.154666900634766
2017-06-06,35.833805084228516,50.150001525878906,49.42549133300781,151.62014770507812,65.7208023071289,3.63676118850708,23.523332595825195
2017-06-07,36.04726028442383,50.503501892089844,49.66452407836914,151.927734375,65.60299682617188,3.680696964263916,23.976667404174805
2017-06-08,35.9590950012207,50.51350021362305,49.8023796081543,153.50540161132812,65.20421600341797,3.9477643966674805,24.666667938232422
2017-06-09,34.56471252441406,48.91550064086914,48.10838317871094,148.43516540527344,63.72705841064453,3.69254469871521,23.821332931518555
2017-06-12,33.7387809753418,48.24549865722656,47.6962890625,147.2841796875,63.237693786621094,3.701676607131958,23.93400001525879
2017-06-13,34.01022720336914,49.03950119018555,48.12723159790039,149.5067596435547,64.02610778808594,3.736973285675049,25.06333351135254
2017-06-14,33.67844009399414,48.82350158691406,47.999778747558594,149.08010864257812,63.681739807128906,3.744871139526367,25.37733268737793
2017-06-15,33.476600646972656,48.208499908447266,47.615455627441406,148.6336212158203,63.346431732177734,3.760915756225586,25.022666931152344
2017-06-16,33.00796127319336,49.385501861572266,47.53809356689453,149.46702575683594,63.43708801269531,3.742403268814087,24.760000228881836
2017-06-19,33.95222854614258,49.75849914550781,48.36129379272461,151.6796875,64.22549438476562,3.8830957412719727,24.65333366394043
2017-06-20,33.64365005493164,49.62950134277344,48.052345275878906,151.06451416015625,63.35551834106445,3.8774185180664062,24.81599998474121
2017-06-21,33.84318161010742,50.11149978637695,48.52840805053711,152.71157836914062,63.681739807128906,3.9361629486083984,25.093332290649414
2017-06-22,33.78748321533203,50.064998626708984,48.43072509765625,152.20556640625,63.672691345214844,3.90901255607605,25.507333755493164
2017-06-23,33.93830108642578,50.1870002746582,48.900333404541016,153.86256408691406,64.53359985351562,3.796952247619629,25.56333351135254
2017-06-26,33.831581115722656,49.69900131225586,48.206077575683594,152.3940887451172,63.917381286621094,3.755485773086548,25.166000366210938
2017-06-27,33.3466682434082,48.8390007019043,47.01591491699219,149.40753173828125,62.72112274169922,3.618001937866211,24.158000946044922
2017-06-28,33.83388900756836,49.51649856567383,47.6566162109375,152.0468292236328,63.25579833984375,3.7456116676330566,24.749332427978516
2017-06-29,33.3350715637207,48.79650115966797,46.50662612915039,149.8639373779297,62.06863784790039,3.6204702854156494,24.049999237060547
2017-06-30,33.41395950317383,48.400001525878906,46.10295867919922,149.80441284179688,62.467376708984375,3.568143367767334,24.107332229614258
2017-07-03,33.293304443359375,47.68299865722656,45.59614944458008,147.27427673339844,61.77862548828125,3.439052104949951,23.507999420166016
2017-07-05,33.43019104003906,48.56999969482422,46.23090362548828,149.16940307617188,62.603309631347656,3.5308711528778076,21.805999755859375
2017-07-06,33.11467742919922,48.25699996948242,46.0042724609375,147.6612548828125,62.1411247253418,3.5414857864379883,20.588666915893555
2017-07-07,33.45107650756836,48.9379997253418,46.65489959716797,150.26083374023438,62.94768524169922,3.6224451065063477,20.881332397460938
2017-07-10,33.655242919921875,49.82350158691406,47.160213470458984,152.30477905273438,63.41893768310547,3.7937440872192383,21.06999969482422
2017-07-11,33.76428985595703,49.70650100708008,47.285682678222656,154.06100463867188,63.42799377441406,3.8475520610809326,21.814666748046875
2017-07-12,33.813018798828125,50.32550048828125,47.98638916015625,157.66275024414062,64.47924041748047,4.011198997497559,21.968000411987305
2017-07-13,34.283992767333984,50.03150177001953,48.04540252685547,158.01991271972656,65.04109954833984,3.9647951126098633,21.560667037963867
2017-07-14,34.578636169433594,50.09049987792969,48.44510269165039,158.72442626953125,65.95641326904297,4.071425437927246,21.851999282836914
2017-07-17,34.699283599853516,50.50199890136719,48.39799499511719,158.4862823486328,66.47298431396484,4.054146766662598,21.30466651916504
2017-07-18,34.81992721557617,51.22249984741211,48.942989349365234,161.59190368652344,66.42764282226562,4.0963544845581055,21.882667541503906
2017-07-19,35.038028717041016,51.34349822998047,49.23160171508789,162.8619384765625,66.93516540527344,4.075126647949219,21.68400001525879
2017-07-20,34.88024139404297,51.435001373291016,49.202842712402344,163.24891662597656,67.26139831542969,4.134366512298584,21.994667053222656
2017-07-21,34.8640251159668,51.28350067138672,49.284664154052734,163.14968872070312,66.87171936035156,4.149176120758057,21.893333435058594
2017-07-24,35.28626251220703,51.9474983215332,49.50632858276367,164.70745849609375,66.69953155517578,4.101044654846191,22.834667205810547
2017-07-25,35.43708038330078,51.993499755859375,48.05433654785156,163.9930419921875,67.23422241210938,4.081296920776367,22.639999389648438
2017-07-26,35.6041259765625,52.63999938964844,47.869850158691406,164.32049560546875,67.10733795166016,4.128442287445068,22.92333221435547
2017-07-27,34.93130111694336,52.29999923706055,47.235103607177734,169.11288452148438,66.30079650878906,3.992192506790161,22.297332763671875
2017-07-28,34.685367584228516,51.00199890136719,47.52371597290039,171.1072235107422,66.1920394897461,4.0576019287109375,22.33799934387207
2017-07-31,34.50672149658203,49.388999938964844,46.887481689453125,167.93214416503906,65.8839111328125,4.011198997497559,21.564666748046875
2017-08-01,34.812957763671875,49.80950164794922,46.94003677368164,168.53741455078125,65.77518463134766,4.06007194519043,21.30466651916504
2017-08-02,36.457916259765625,49.794498443603516,46.993595123291016,167.9817657470703,65.48517608642578,4.0576019287109375,21.72599983215332
2017-08-03,36.093658447265625,49.34600067138672,46.62961196899414,167.27728271484375,65.3854751586914,4.109188556671143,23.139333724975586
2017-08-04,36.283905029296875,49.37900161743164,46.90185546875,168.2992706298828,65.86579132080078,4.127208232879639,23.79400062561035
2017-08-07,36.84535217285156,49.61349868774414,46.899871826171875,170.64088439941406,65.61204528808594,4.254076957702637,23.67799949645996
2017-08-08,37.1400260925293,49.492000579833984,46.822509765625,169.896728515625,65.96548461914062,4.2034783363342285,24.347999572753906
2017-08-09,37.36738586425781,49.10049819946289,46.61869430541992,169.84710693359375,65.67548370361328,4.248153209686279,24.235332489013672
2017-08-10,36.17716598510742,47.84600067138672,45.80095672607422,166.09654235839844,64.71485900878906,4.06624174118042,23.69333267211914
2017-08-11,36.680274963378906,48.39950180053711,46.123294830322266,166.77125549316406,65.70268249511719,3.8495256900787354,23.857999801635742
2017-08-14,37.23230743408203,49.165000915527344,46.56166458129883,169.4204864501953,66.69048309326172,4.156580924987793,24.253332138061523
2017-08-15,37.639915466308594,49.137001037597656,46.51951599121094,169.66851806640625,66.70869445800781,4.121531009674072,24.155332565307617
2017-08-16,37.488521575927734,48.909000396728516,46.826480865478516,168.67628479003906,67.10047149658203,4.076361179351807,24.194000244140625
2017-08-17,36.768798828125,48.028499603271484,46.00278854370117,165.61038208007812,65.96160125732422,3.985527753829956,23.461332321166992
2017-08-18,36.68494415283203,47.923500061035156,45.92939376831055,166.10647583007812,66.04363250732422,3.9862687587738037,23.163999557495117
2017-08-21,36.617393493652344,47.66450119018555,45.66606903076172,166.47361755371094,65.73384857177734,3.928264617919922,22.52400016784668
2017-08-22,37.215999603271484,48.345001220703125,46.63456344604492,168.31912231445312,66.65403747558594,4.015719413757324,22.75666618347168
2017-08-23,37.26259231567383,47.900001525878906,46.742671966552734,167.39637756347656,66.25315856933594,4.096007823944092,23.51799964904785
2017-08-24,37.09721755981445,47.622501373291016,46.460514068603516,166.4339141845703,66.22583770751953,4.080939769744873,23.528667449951172
2017-08-25,37.2346305847168,47.26300048828125,46.14363098144531,165.02499389648438,66.34423828125,4.046846866607666,23.203332901000977
2017-08-28,37.60962677001953,47.30099868774414,46.026100158691406,165.93780517578125,66.3533706665039,4.075503826141357,23.04400062561035
2017-08-29,37.945037841796875,47.702999114990234,46.403968811035156,166.7415008544922,66.55382537841797,4.0688323974609375,23.157333374023438
2017-08-30,38.04753494262695,48.37950134277344,46.794742584228516,168.596923828125,67.42843627929688,4.093044281005859,23.545333862304688
2017-08-31,38.198917388916016,49.029998779296875,47.3704833984375,170.63099670410156,68.120849609375,4.185933589935303,23.726667404174805
2017-09-01,38.21055603027344,48.912498474121094,47.209312438964844,170.68060302734375,67.36465454101562,4.2111310958862305,23.69333267211914
2017-09-05,37.75170135498047,48.26350021362305,46.6881217956543,169.39071655273438,67.06402587890625,4.098724842071533,23.305999755859375
2017-09-06,37.71211624145508,48.38999938964844,46.714908599853516,170.75001525878906,66.87269592285156,4.096255302429199,22.968666076660156
2017-09-07,37.560707092285156,48.9734992980957,47.10517501831055,171.86129760742188,67.7291030883789,4.1152777671813965,23.374000549316406
2017-09-08,36.94813919067383,48.29499816894531,46.68464660644531,169.61892700195312,67.4011001586914,4.043881893157959,22.893333435058594
2017-09-11,37.61662292480469,48.89799880981445,46.77788543701172,172.15899658203125,68.11174011230469,4.175063610076904,24.246000289916992
2017-09-12,37.46754837036133,49.12900161743164,46.94450378417969,171.61326599121094,68.03887176513672,4.190133094787598,24.183332443237305
2017-09-13,37.18571853637695,49.97999954223633,47.132450103759766,171.70254516601562,68.521728515625,4.2089080810546875,24.415332794189453
2017-09-14,36.86661148071289,49.61050033569336,46.621177673339844,169.6288604736328,68.120849609375,4.1849446296691895,25.176000595092773
2017-09-15,37.239288330078125,49.339500427246094,46.38115692138672,170.30352783203125,68.61283874511719,4.449528694152832,25.320667266845703
2017-09-18,36.957454681396484,48.70949935913086,46.10642623901367,168.68624877929688,68.47618865966797,4.633332252502441,25.666667938232422
2017-09-19,36.971431732177734,48.49300003051758,46.459014892578125,171.1767120361328,68.7313003540039,4.628390789031982,25.00666618347168
2017-09-20,36.35185623168945,48.660499572753906,46.98863983154297,170.82940673828125,68.2757339477539,4.591087341308594,24.92733383178711
2017-09-21,35.727622985839844,48.23249816894531,46.989139556884766,169.77767944335938,67.61065673828125,4.465587139129639,24.43199920654297
2017-09-22,35.37826156616211,47.755001068115234,46.77638626098633,169.2121124267578,67.7928695678711,4.422106742858887,23.4060001373291
2017-09-25,35.066139221191406,46.989498138427734,46.33106994628906,161.60182189941406,66.74513244628906,4.2244720458984375,22.999332427978516
2017-09-26,35.669403076171875,46.93000030517578,46.48727798461914,162.931396484375,66.74513244628906,4.248188018798828,23.016666412353516
2017-09-27,35.92328643798828,47.54349899291992,47.60157775878906,166.37437438964844,67.28266906738281,4.341324329376221,22.731332778930664
2017-09-28,35.70201110839844,47.81999969482422,47.84506607055664,167.41619873046875,67.30089569091797,4.340088844299316,22.639999389648438
2017-09-29,35.89765548706055,48.067501068115234,48.28690719604492,169.53952026367188,67.86576080322266,4.416424751281738,22.739999771118164
2017-10-02,35.82545852661133,47.95949935913086,47.97697067260742,168.15045166015625,67.97508239746094,4.422106742858887,22.768667221069336
2017-10-03,35.98151779174805,47.85499954223633,48.20558166503906,168.63662719726562,67.65621185302734,4.431249141693115,23.209333419799805
2017-10-04,35.74858856201172,48.272499084472656,47.94275665283203,167.10862731933594,68.0479736328125,4.468306064605713,23.667333602905273
2017-10-05,36.1934814453125,49.04249954223633,48.855709075927734,169.90667724609375,69.21416473388672,4.465834140777588,23.68866729736328
2017-10-06,36.172508239746094,49.479000091552734,49.274742126464844,170.88893127441406,69.2414779663086,4.4789276123046875,23.79199981689453
2017-10-09,36.29829406738281,49.54949951171875,49.20878982543945,171.15684509277344,69.50567626953125,4.57996940612793,22.862667083740234
2017-10-10,36.31227493286133,49.36000061035156,48.98513412475586,170.25392150878906,69.50567626953125,4.667423725128174,23.70599937438965
2017-10-11,36.46366500854492,49.75,49.87032699584961,171.39500427246094,69.62413787841797,4.717080116271973,23.639999389648438
2017-10-12,36.33555603027344,50.04650115966797,49.87032699584961,171.2064666748047,70.26187896728516,4.719304084777832,23.711999893188477
2017-10-13,36.5661506652832,50.14699935913086,49.98040771484375,172.38720703125,70.5989761352539,4.807251453399658,23.704666137695312
2017-10-16,37.239288330078125,50.31700134277344,50.053802490234375,173.16114807128906,70.7447280883789,4.889763355255127,23.373332977294922
2017-10-17,37.376712799072266,50.45650100708008,50.13562774658203,174.73876953125,70.69007873535156,4.885316848754883,23.71666717529297
2017-10-18,37.211334228515625,49.849998474121094,50.2219123840332,174.6593475341797,70.70828247070312,4.881117820739746,23.976667404174805
2017-10-19,36.330902099609375,49.330501556396484,49.68138122558594,173.2008056640625,70.98162078857422,4.886552810668945,23.45400047302246
2017-10-20,36.393795013427734,49.14550018310547,49.8415641784668,173.6175079345703,71.80158996582031,4.864318370819092,23.00666618347168
2017-10-23,36.37515640258789,48.314998626708984,48.873069763183594,169.93643188476562,71.81981658935547,4.857400894165039,22.468000411987305
2017-10-24,36.59177780151367,48.79499816894531,49.01935577392578,170.46229553222656,71.84716033935547,4.908293724060059,22.48933219909668
2017-10-25,36.431053161621094,48.64550018310547,49.16664505004883,169.2716522216797,71.63761138916016,4.784275531768799,21.722667694091797
2017-10-26,36.663978576660156,48.621498107910156,49.164649963378906,169.30142211914062,71.75604248046875,4.834425449371338,21.744667053222656
2017-10-27,37.97764587402344,55.04750061035156,51.25983810424805,176.4949951171875,76.35694122314453,4.986852169036865,21.391332626342773
2017-10-30,38.83246612548828,55.54249954223633,51.233062744140625,178.46946716308594,76.42984008789062,5.035767555236816,21.338666915893555
2017-10-31,39.37283706665039,55.263999938964844,51.228599548339844,178.65798950195312,75.78297424316406,5.109140396118164,22.101999282836914
2017-11-01,38.87205123901367,55.183998107910156,51.70267868041992,181.2377471923828,75.78297424316406,5.118774890899658,21.405332565307617
2017-11-02,39.15621566772461,54.71099853515625,51.72102737426758,177.52687072753906,76.57560729980469,5.087648868560791,19.950666427612305
2017-11-03,40.17874526977539,55.58000183105469,52.06914138793945,177.52687072753906,76.65760803222656,5.155584335327148,20.4060001373291
2017-11-06,40.58635330200195,56.03300094604492,51.706642150878906,178.76712036132812,76.95825958251953,5.178806304931641,20.185333251953125
2017-11-07,40.71677780151367,56.15850067138672,52.18816375732422,178.8465118408203,76.77603149414062,5.238097667694092,20.40333366394043
2017-11-08,41.04987335205078,56.64400100708008,52.48074722290039,178.16188049316406,77.04025268554688,5.167195796966553,20.292667388916016
2017-11-09,40.965999603271484,56.45650100708008,51.95657730102539,177.90390014648438,76.6120376586914,5.072330951690674,20.19933319091797
2017-11-10,40.83042907714844,56.26750183105469,51.779541015625,177.07044982910156,76.41161346435547,5.339632987976074,20.19933319091797
2017-11-13,40.66680145263672,56.458499908447266,51.63325119018555,177.37803649902344,76.46627044677734,5.252920627593994,21.02666664123535
2017-11-14,40.05200958251953,56.84199905395508,51.65507507324219,176.68348693847656,76.57560729980469,5.2912116050720215,20.579999923706055
2017-11-15,39.523719787597656,56.33449935913086,51.39571762084961,176.5644073486328,75.9804458618164,5.187453746795654,20.753332138061523
2017-11-16,39.99592590332031,56.864498138427734,51.993770599365234,178.19161987304688,76.181884765625,5.227721691131592,20.833332061767578
2017-11-17,39.77384567260742,56.49399948120117,51.369930267333984,177.6062469482422,75.44935607910156,5.221545696258545,21.003332138061523
2017-11-20,39.73411178588867,56.31549835205078,51.308937072753906,177.3482666015625,75.56838989257812,5.288742542266846,20.582666397094727
2017-11-21,40.472782135009766,56.9744987487793,52.08452224731445,180.44398498535156,76.65802001953125,5.3374104499816895,21.187332153320312
2017-11-22,40.898216247558594,57.80799865722656,52.164859771728516,179.461669921875,76.0994644165039,5.313430309295654,20.84000015258789
2017-11-24,40.90055465698242,59.29999923706055,52.39297103881836,181.3568115234375,76.23680877685547,5.363614082336426,21.036666870117188
2017-11-27,40.694847106933594,59.791500091552734,53.16112518310547,181.60484313964844,76.79536437988281,5.293900489807129,21.12066650390625
2017-11-28,40.45642852783203,59.68000030517578,52.72869873046875,180.9996337890625,77.72018432617188,5.209105491638184,21.170000076293945
2017-11-29,39.617225646972656,58.063499450683594,51.443817138671875,173.7664031982422,76.3100814819336,4.855830669403076,20.502666473388672
2017-11-30,40.171241760253906,58.837501525878906,51.383811950683594,175.80038452148438,77.0700454711914,4.961887836456299,20.59000015258789
2017-12-01,39.98423767089844,58.11750030517578,50.8333625793457,173.73660278320312,77.15245819091797,4.8869829177856445,20.435333251953125
2017-12-04,39.69204330444336,56.6974983215332,50.178768157958984,170.1348876953125,74.24070739746094,4.614548206329346,20.34666633605957
2017-12-05,39.654624938964844,57.07849884033203,50.562103271484375,171.48426818847656,74.70767974853516,4.64124870300293,20.246667861938477
2017-12-06,39.507362365722656,57.61750030517578,51.212730407714844,174.6891326904297,75.79730224609375,4.678824424743652,20.884000778198242
2017-12-07,39.57982635498047,57.989498138427734,51.80036926269531,178.7373504638672,75.53176879882812,4.746313571929932,20.749332427978516
2017-12-08,39.59151840209961,58.099998474121094,52.038902282714844,177.6062469482422,77.0608901977539,4.733954429626465,21.0086669921875
2017-12-11,40.36292266845703,58.44599914550781,52.167335510253906,177.6459197998047,78.04066467285156,4.812323093414307,21.92733383178711
2017-12-12,40.136165618896484,58.25400161743164,52.00865173339844,175.58212280273438,78.36112976074219,4.7178850173950195,22.735332489013672
2017-12-13,40.269412994384766,58.20650100708008,52.13857650756836,176.9116973876953,78.15052032470703,4.602682590484619,22.601999282836914
2017-12-14,40.257720947265625,58.7130012512207,52.44008255004883,177.0009765625,77.54621124267578,4.609851360321045,22.525999069213867
2017-12-15,40.66680145263672,58.957000732421875,53.1606330871582,178.7770233154297,79.52397155761719,4.735685348510742,22.89666748046875
2017-12-18,41.23950958251953,59.52899932861328,53.80976867675781,179.41207885742188,79.0936508178711,4.892420768737793,22.591333389282227
2017-12-19,40.800045013427734,59.36899948120117,53.54643630981445,178.1122589111328,78.59002685546875,4.848167896270752,22.073333740234375
2017-12-20,40.755638122558594,58.88100051879883,53.23798370361328,176.50486755371094,78.30615234375,4.8652262687683105,21.93199920654297
2017-12-21,40.9099006652832,58.737998962402344,53.103599548339844,176.06832885742188,78.287841796875,4.842730522155762,22.110666275024414
2017-12-22,40.9099006652832,58.417999267578125,53.004913330078125,175.8202667236328,78.29702758789062,4.827401638031006,21.68000030517578
2017-12-26,39.87202835083008,58.8380012512207,52.85564422607422,174.61968994140625,78.1963119506836,4.88104772567749,21.152666091918945
2017-12-27,39.8790397644043,59.112998962402344,52.57545852661133,176.23699951171875,78.48015594482422,4.874372482299805,20.775999069213867
2017-12-28,39.99125671386719,59.30500030517578,52.364707946777344,176.53463745117188,78.48929595947266,4.880058765411377,21.02400016784668
2017-12-29,39.55878448486328,58.4734992980957,52.238250732421875,175.08599853515625,78.32450103759766,4.783644676208496,20.75666618347168
2018-01-02,40.26706314086914,59.45050048828125,53.22063446044922,180.00738525390625,78.69990539550781,4.928266525268555,21.368667602539062
2018-01-03,40.26006317138672,60.209999084472656,54.12862777709961,183.2321014404297,79.06617736816406,5.252614498138428,21.149999618530273
2018-01-04,40.447059631347656,60.47949981689453,54.338890075683594,182.89474487304688,79.76204681396484,5.280303478240967,20.974666595458984
2018-01-05,40.90757751464844,61.457000732421875,55.05943298339844,185.3951416015625,80.7509536743164,5.32504940032959,21.10533332824707
2018-01-08,40.755638122558594,62.34349822998047,55.25382614135742,186.81399536132812,80.8333740234375,5.488214492797852,22.42733383178711
2018-01-09,40.750953674316406,62.6349983215332,55.18341064453125,186.4071807861328,80.77843475341797,5.486727714538574,22.246000289916992
2018-01-10,40.74161148071289,62.71649932861328,55.0519905090332,186.37741088867188,80.41217803955078,5.529743194580078,22.31999969482422
2018-01-11,40.973026275634766,63.83399963378906,55.1467170715332,186.3079376220703,80.65023040771484,5.539632797241211,22.530000686645508
2018-01-12,41.39613342285156,65.26000213623047,56.069087982177734,177.97335815429688,82.04203033447266,5.512438774108887,22.4146671295166
2018-01-16,41.18574523925781,65.24299621582031,56.071571350097656,177.0009765625,80.8974609375,5.441488265991211,22.67066764831543
2018-01-17,41.865989685058594,64.75,56.48812484741211,176.21714782714844,82.53646850585938,5.555454730987549,23.143999099731445
2018-01-18,41.903377532958984,64.66600036621094,56.332908630371094,178.40000915527344,82.49982452392578,5.548532485961914,22.971332550048828
2018-01-19,41.716373443603516,64.72899627685547,56.70631790161133,179.87840270996094,82.40829467773438,5.688705921173096,23.334667205810547
2018-01-22,41.37510299682617,66.3655014038086,57.73085021972656,183.9266357421875,83.88247680664062,5.777207851409912,23.437332153320312
2018-01-23,41.384437561035156,68.12699890136719,58.32643127441406,187.8756561279297,84.14801025390625,5.906254768371582,23.519332885742188
2018-01-24,40.725242614746094,67.87550354003906,58.084434509277344,185.0974884033203,84.07476043701172,5.829372406005859,23.05933380126953
2018-01-25,39.998260498046875,68.89749908447266,58.62248229980469,186.02020263671875,84.54175567626953,5.842968463897705,22.50933265686035
2018-01-26,40.091758728027344,70.10250091552734,58.891265869140625,188.5205841064453,86.12581634521484,6.015524387359619,22.856666564941406
2018-01-29,39.261924743652344,70.88400268554688,58.837703704833984,184.53187561035156,85.99760437011719,6.102545738220215,23.302000045776367
2018-01-30,39.03049850463867,71.89099884033203,58.38594055175781,185.6630096435547,84.9171371459961,6.00044584274292,23.05466651916504
2018-01-31,39.138031005859375,72.54450225830078,58.62644958496094,185.434814453125,86.99566650390625,6.076590061187744,23.62066650390625
2018-02-01,39.21984100341797,69.5,58.59521484375,191.58651733398438,86.3089370727539,5.945563793182373,23.28333282470703
2018-02-02,37.51809310913086,71.49749755859375,55.501277923583984,188.79840087890625,84.03813171386719,5.773006439208984,22.916667938232422
2018-02-05,36.58071517944336,69.5,52.68406677246094,179.8486328125,80.57698059082031,5.283021926879883,22.208667755126953
2018-02-06,38.1094856262207,72.14199829101562,53.777034759521484,183.86712646484375,83.62608337402344,5.576715469360352,22.264667510986328
2018-02-07,37.29368209838867,70.83899688720703,52.33793258666992,178.7770233154297,82.0511474609375,5.656321048736572,23.0
2018-02-08,36.26748275756836,67.5250015258789,49.972476959228516,170.24400329589844,77.83919525146484,5.3774590492248535,21.01533317565918
2018-02-09,36.711090087890625,66.9800033569336,51.884674072265625,174.73876953125,80.74180603027344,5.7374067306518555,20.69466781616211
2018-02-12,38.18976974487305,69.3115005493164,52.295772552490234,175.03640747070312,81.61166381835938,5.637283802032471,21.048667907714844
2018-02-13,38.57234573364258,70.72550201416016,52.27494812011719,171.80178833007812,82.25262451171875,5.751003265380859,21.577333450317383
2018-02-14,39.283512115478516,72.55249786376953,53.19533920288086,178.12220764160156,83.54052734375,5.968307018280029,21.487333297729492
2018-02-15,40.60258865356445,73.08799743652344,54.12069320678711,178.55877685546875,85.24246215820312,6.093892574310303,22.271333694458008
2018-02-16,40.47114944458008,72.43450164794922,54.32598876953125,175.97901916503906,84.63528442382812,6.028134822845459,22.365999221801758
2018-02-20,40.33502197265625,73.4175033569336,54.72718048095703,174.63949584960938,85.29766082763672,6.157674789428711,22.31800079345703
2018-02-21,40.151939392089844,74.14600372314453,55.231014251708984,176.5247344970703,84.1661148071289,5.970531463623047,22.219999313354492
2018-02-22,40.487579345703125,74.26699829101562,55.04009246826172,177.5963134765625,84.38691711425781,5.99007511138916,23.077999114990234
2018-02-23,41.19171905517578,75.0,55.942142486572266,181.86282348632812,86.53041076660156,6.083581447601318,23.469999313354492
2018-02-26,42.006160736083984,76.09750366210938,56.71623992919922,183.4900665283203,87.78150177001953,6.099659442901611,23.827999114990234
2018-02-27,41.870025634765625,75.5989990234375,55.41748046875,180.04708862304688,86.6591567993164,6.086796283721924,23.39933204650879
2018-02-28,41.8066520690918,75.62249755859375,54.74354553222656,176.93153381347656,86.26358032226562,5.986363410949707,22.87066650390625
2018-03-01,41.0743522644043,74.67250061035156,53.13136672973633,174.57003784179688,85.417236328125,5.74418830871582,22.062000274658203
2018-03-02,41.358360290527344,75.01249694824219,53.76265335083008,175.2447509765625,85.60124206542969,5.851300239562988,22.341333389282227
2018-03-05,41.501529693603516,76.18049621582031,54.28929901123047,178.99533081054688,86.14400482177734,5.829284191131592,22.22333335876465
2018-03-06,41.46631622314453,76.88200378417969,54.593780517578125,178.38014221191406,85.849609375,5.990322113037109,21.8799991607666
2018-03-07,41.081390380859375,77.25,55.294986724853516,182.27957153320312,86.34638977050781,5.9824066162109375,22.15333366394043
2018-03-08,41.529693603515625,77.59300231933594,56.00611114501953,180.92022705078125,86.87078094482422,5.966080188751221,21.940000534057617
2018-03-09,42.24320983886719,78.94450378417969,57.566219329833984,183.78773498535156,88.81185150146484,6.0687384605407715,21.81133270263672
2018-03-12,42.651611328125,79.91950225830078,57.81863021850586,183.32139587402344,89.0234375,6.178322792053223,23.034000396728516
2018-03-13,42.240875244140625,79.40899658203125,56.528297424316406,180.4638214111328,86.85234832763672,6.127610683441162,22.78933334350586
2018-03-14,41.88175582885742,79.55000305175781,56.97361373901367,182.75584411621094,86.33718872070312,6.153091907501221,21.775333404541016
2018-03-15,41.931053161621094,79.11599731445312,57.05890655517578,182.4284210205078,86.64076232910156,6.167933464050293,21.706666946411133
2018-03-16,41.7831916809082,78.58399963378906,56.25605010986328,183.64877319335938,87.02713775634766,6.196134090423584,21.42333221435547
2018-03-19,41.14475631713867,77.24649810791016,54.55261993408203,171.2163848876953,85.45404815673828,5.9616265296936035,20.90399932861328
2018-03-20,41.13068771362305,79.32550048828125,54.34087371826172,166.84071350097656,85.67481994628906,6.173871040344238,20.703332901000977
2018-03-21,40.19888687133789,79.09300231933594,54.251609802246094,168.07106018066406,85.07685089111328,6.1486382484436035,21.101999282836914
2018-03-22,39.630897521972656,77.24600219726562,52.225852966308594,163.60610961914062,82.60218811035156,5.982653617858887,20.606666564941406
2018-03-23,38.713172912597656,74.77799987792969,50.906761169433594,158.14892578125,80.20111083984375,5.762989521026611,20.1026668548584
2018-03-26,40.55094528198242,77.79299926757812,52.27246856689453,158.813720703125,86.27278137207031,6.047711372375488,20.278667449951172
2018-03-27,39.51118469238281,74.85250091552734,49.934295654296875,151.03475952148438,82.30783081054688,5.57869815826416,18.61199951171875
2018-03-28,39.07461929321289,71.57099914550781,49.847015380859375,151.8384246826172,82.2342300415039,5.47554349899292,17.185333251953125
2018-03-29,39.3797492980957,72.36699676513672,51.43191146850586,158.54580688476562,83.96370697021484,5.728851318359375,17.742000579833984
2018-04-02,39.1215705871582,68.59950256347656,50.21646499633789,154.18006896972656,81.43385314941406,5.468123435974121,16.832000732421875
2018-04-03,39.522918701171875,69.60250091552734,50.5164794921875,154.8944854736328,82.52859497070312,5.57449197769165,17.8353328704834
2018-04-04,40.2786865234375,70.52850341796875,51.0634651184082,153.89231872558594,84.9388656616211,5.596508026123047,19.12933349609375
2018-04-05,40.55799865722656,72.5875015258789,51.20875930786133,158.0993194580078,84.98485565185547,5.4762864112854,20.381332397460938
2018-04-06,39.52058029174805,70.2614974975586,50.08355712890625,155.9759979248047,83.0069808959961,5.299910068511963,19.953332901000977
2018-04-09,39.91254425048828,70.30400085449219,50.58640670776367,156.70028686523438,83.50377655029297,5.328606605529785,19.310667037963867
2018-04-10,40.66362380981445,71.81099700927734,51.400177001953125,163.7549285888672,85.44482421875,5.637818813323975,20.31333351135254
2018-04-11,40.47349548339844,71.35250091552734,50.832862854003906,165.02499389648438,84.50650024414062,5.596508026123047,20.062000274658203
2018-04-12,40.87251663208008,72.42500305175781,51.439353942871094,162.59402465820312,86.08881378173828,5.80330753326416,19.60533332824707
2018-04-13,41.010990142822266,71.53949737548828,51.37736129760742,163.23898315429688,85.6288070678711,5.726624488830566,20.022666931152344
2018-04-16,41.26681137084961,72.07499694824219,51.87624740600586,163.54656982421875,86.63157653808594,5.726377010345459,19.413999557495117
2018-04-17,41.834800720214844,75.19149780273438,53.52560806274414,167.3467559814453,88.37948608398438,5.876035690307617,19.179332733154297
2018-04-18,41.740936279296875,76.39199829101562,53.32874298095703,165.0646514892578,88.71986389160156,5.847094535827637,19.55666732788086
2018-04-19,40.55799865722656,77.84549713134766,54.025978088378906,166.79112243652344,88.4162826538086,5.665771961212158,20.005332946777344
2018-04-20,38.89624786376953,76.37449645996094,53.4244499206543,164.98529052734375,87.39513397216797,5.657607555389404,19.349332809448242
2018-04-23,38.783592224121094,75.89299774169922,53.25038528442383,164.54869079589844,87.71713256835938,5.5381293296813965,18.891332626342773
2018-04-24,38.24375915527344,73.00450134277344,50.71285629272461,158.44659423828125,85.66560363769531,5.4718337059021,18.8973331451416
2018-04-25,38.410396575927734,73.00849914550781,50.73021697998047,158.44659423828125,84.92048645019531,5.359526634216309,18.71266746520996
2018-04-26,38.54418182373047,75.89800262451172,51.73788833618164,172.80392456054688,86.71439361572266,5.5712761878967285,19.031999588012695
2018-04-27,38.098228454589844,78.63099670410156,51.149749755859375,172.23837280273438,88.14948272705078,5.598733901977539,19.60533332824707
2018-04-30,38.788272857666016,78.30650329589844,50.51152420043945,170.66073608398438,86.03360748291016,5.563360691070557,19.593332290649414
2018-05-01,39.6895751953125,79.11299896240234,51.61093521118164,172.50625610351562,87.39513397216797,5.618771076202393,19.994667053222656
2018-05-02,41.44285583496094,78.48400115966797,50.881961822509766,174.6990509033203,86.02439880371094,5.598238468170166,20.07666778564453
2018-05-03,41.51796340942383,78.60399627685547,50.894351959228516,172.6650390625,86.53956604003906,5.76348352432251,18.963333129882812
2018-05-04,43.14684295654297,79.04750061035156,52.11922836303711,175.23486328125,87.54232788085938,5.913636684417725,19.606000900268555
2018-05-07,43.45901107788086,80.00700378417969,52.53876495361328,176.58425903320312,88.51748657226562,6.151607513427734,20.184667587280273
2018-05-08,43.66790771484375,79.61949920654297,52.49562454223633,177.52687072753906,88.1402816772461,6.194155216217041,20.131332397460938
2018-05-09,43.97538375854492,80.4000015258789,54.00117874145508,181.2377471923828,89.1798324584961,6.327239990234375,20.456666946411133
2018-05-10,44.604408264160156,80.4540023803711,54.82040786743164,184.0854034423828,90.07215118408203,6.4348464012146,20.334667205810547
2018-05-11,44.43476867675781,80.14550018310547,54.716766357421875,185.53404235839844,89.87898254394531,6.296319484710693,20.070667266845703
2018-05-14,44.33108901977539,80.0770034790039,54.87644958496094,185.18673706054688,90.18257904052734,6.316850185394287,19.46466636657715
2018-05-15,43.928192138671875,78.80599975585938,53.79885482788086,182.88482666015625,89.52941131591797,6.074429035186768,18.94533348083496
2018-05-16,44.33814239501953,79.36399841308594,53.760169982910156,181.77354431152344,89.76040649414062,6.085559844970703,19.09866714477539
2018-05-17,44.05778121948242,79.08799743652344,53.619834899902344,182.3291778564453,88.86417388916016,6.127610683441162,18.96933364868164
2018-05-18,43.8975715637207,78.71849822998047,53.04359436035156,181.25759887695312,89.03048706054688,6.083827972412109,18.454666137695312
2018-05-21,44.20857238769531,79.27300262451172,53.75621032714844,183.05349731445312,90.17619323730469,6.041775226593018,18.965999603271484
2018-05-22,44.09782791137695,79.06999969482422,53.324764251708984,182.36888122558594,90.08380126953125,6.003680229187012,18.333999633789062
2018-05-23,44.38057327270508,80.09300231933594,53.85291290283203,185.44471740722656,91.15557098388672,6.127194404602051,18.60466766357422
2018-05-24,44.33108901977539,80.15350341796875,53.827613830566406,184.48226928710938,90.83216857910156,6.130906581878662,18.523332595825195
2018-05-25,44.43240737915039,80.50749969482422,53.759674072265625,183.48011779785156,90.87834930419922,6.170262336730957,18.59000015258789
2018-05-29,44.272186279296875,80.64350128173828,52.96574020385742,184.29376220703125,90.55500030517578,6.153183460235596,18.917333602905273
2018-05-30,44.177947998046875,81.24449920654297,53.431888580322266,186.20872497558594,91.4234619140625,6.262094497680664,19.447999954223633
2018-05-31,44.02950668334961,81.48100280761719,54.54914474487305,190.28671264648438,91.32186126708984,6.2422919273376465,18.98200035095215
2018-06-01,44.823516845703125,82.0770034790039,56.28480911254883,192.4795379638672,93.12354278564453,6.376697063446045,19.454666137695312
2018-06-04,45.19816207885742,83.26349639892578,57.17940902709961,191.7750244140625,93.93656921386719,6.5556559562683105,19.78266716003418
2018-06-05,45.546875,84.81749725341797,57.0792350769043,191.43771362304688,94.41703033447266,6.561103343963623,19.408666610717773
2018-06-06,45.70473861694336,84.7874984741211,56.877410888671875,189.8501434326172,94.69422912597656,6.563084125518799,21.299999237060547
2018-06-07,45.58221435546875,84.46499633789062,56.25605010986328,186.71475219726562,93.20667266845703,6.507389545440674,21.07266616821289
2018-06-08,45.16752624511719,84.19950103759766,56.171241760253906,187.6276092529297,93.89962005615234,6.492044448852539,21.17733383178711
2018-06-11,45.05677795410156,84.45600128173828,56.57738494873047,190.04859924316406,93.36375427246094,6.450955390930176,22.139999389648438
2018-06-12,45.3041877746582,84.9375,56.93890380859375,190.90188598632812,93.60396575927734,6.499468803405762,22.851333618164062
2018-06-13,44.93191146850586,85.24299621582031,56.742515563964844,190.91183471679688,93.17896270751953,6.4950127601623535,22.985332489013672
2018-06-14,44.955467224121094,86.19300079345703,57.5300178527832,195.27757263183594,93.70561218261719,6.606647491455078,23.847999572753906
2018-06-15,44.49366760253906,85.79850006103516,57.48835754394531,194.32505798339844,92.51374816894531,6.5658040046691895,23.878000259399414
2018-06-18,44.47010803222656,86.18949890136719,58.69389724731445,196.76588439941406,93.18818664550781,6.561598777770996,24.722000122070312
2018-06-19,43.75148010253906,86.73899841308594,58.45140075683594,195.9522705078125,93.18818664550781,6.439815998077393,23.503332138061523
2018-06-20,43.94232940673828,87.50399780273438,58.71819305419922,200.42715454101562,94.12138366699219,6.492786884307861,24.148000717163086
2018-06-21,43.69728088378906,86.51100158691406,57.99269485473633,199.9310302734375,93.4468994140625,6.364072322845459,23.167333602905273
2018-06-22,43.57004928588867,85.78350067138672,57.985252380371094,200.16915893554688,92.7724380493164,6.2115983963012695,22.242000579833984
2018-06-25,42.92210388183594,83.15750122070312,56.49705505371094,194.8211669921875,90.90603637695312,5.918780326843262,22.200666427612305
2018-06-26,43.454593658447266,84.55449676513672,56.16678237915039,197.4505157470703,91.54358673095703,5.989818096160889,22.799999237060547
2018-06-27,43.39098358154297,83.02549743652344,55.38920974731445,194.31509399414062,90.12074279785156,5.834621429443359,22.96666717529297
2018-06-28,43.70671463012695,85.07250213623047,55.877174377441406,194.70208740234375,91.12784576416016,5.961848258972168,23.32866668701172
2018-06-29,43.61482620239258,84.98999786376953,55.996681213378906,192.8069610595703,91.10935974121094,5.863829135894775,22.863332748413086
2018-07-02,44.102542877197266,85.68900299072266,56.63739013671875,195.82327270507812,92.4028549194336,5.996006965637207,22.33799934387207
2018-07-03,43.33443832397461,84.697998046875,55.356475830078125,191.2293243408203,91.5158920288086,5.8623433113098145,20.724000930786133
2018-07-05,43.68315505981445,84.98650360107422,56.59672927856445,196.90478515625,92.17186737060547,6.008136749267578,20.610666275024414
2018-07-06,44.28867721557617,85.53150177001953,57.280582427978516,201.64756774902344,93.46540069580078,6.121995449066162,20.593332290649414
2018-07-09,44.90362548828125,86.95099639892578,57.88557434082031,203.14585876464844,94.10289764404297,6.169521808624268,21.233999252319336
2018-07-10,44.84944534301758,87.15350341796875,57.878631591796875,201.95516967773438,94.35235595703125,6.268529891967773,21.49799919128418
2018-07-11,44.26747131347656,87.75,58.092864990234375,200.96295166015625,94.2230224609375,6.126946449279785,21.263999938964844
2018-07-12,45.009666442871094,89.83100128173828,59.57064437866211,205.308837890625,96.26493072509766,6.218529224395752,21.11400032043457
2018-07-13,45.08034896850586,90.65149688720703,59.727359771728516,205.7057342529297,97.41056823730469,6.171252727508545,21.257999420166016
2018-07-16,44.981388092041016,91.12449645996094,59.33510208129883,205.61642456054688,96.93014526367188,6.143529891967773,20.67333221435547
2018-07-17,45.10862731933594,92.19650268554688,60.15680694580078,208.35494995117188,97.89103698730469,6.279421806335449,21.512666702270508
2018-07-18,44.86123275756836,92.14600372314453,60.148372650146484,207.72984313964844,97.1241683959961,6.230165481567383,21.59000015258789
2018-07-19,45.20994186401367,90.64849853515625,59.46354293823242,206.46971130371094,96.45893096923828,6.238333702087402,21.34866714477539
2018-07-20,45.10626220703125,90.68499755859375,59.40303421020508,208.3053436279297,98.18669891357422,6.210115432739258,20.905332565307617
2018-07-23,45.14631652832031,90.0999984741211,60.053653717041016,209.2677764892578,99.75737762451172,6.17348051071167,20.213333129882812
2018-07-24,45.47382354736328,91.46199798583984,62.39183044433594,212.99851989746094,99.4709701538086,6.156154155731201,19.82866668701172
2018-07-25,45.90264129638672,93.18049621582031,63.274044036865234,215.80645751953125,102.39984130859375,6.234371662139893,20.582666397094727
2018-07-26,45.75892639160156,90.4000015258789,63.74812698364258,174.88754272460938,101.28187561035156,6.307886600494385,20.44333267211914
2018-07-27,44.99788284301758,90.8635025024414,62.13098907470703,173.52822875976562,99.48946380615234,6.23808479309082,19.812000274658203
2018-07-30,44.74577713012695,88.96099853515625,60.99785232543945,169.72804260253906,97.35514831542969,6.042788982391357,19.344667434692383
2018-07-31,44.835304260253906,88.87200164794922,60.858009338378906,171.2362518310547,98.01113891601562,6.06085729598999,19.875999450683594
2018-08-01,47.47655487060547,89.8584976196289,61.14414596557617,170.3134765625,98.1959457397461,6.100708961486816,20.055999755859375
2018-08-02,48.864322662353516,91.71649932861328,61.54780960083008,174.9967041015625,99.38780975341797,6.203431606292725,23.30266761779785
2018-08-03,49.00571060180664,91.16449737548828,61.40052795410156,176.39572143554688,99.82207489013672,6.240062713623047,23.211332321166992
2018-08-06,49.260162353515625,92.38749694824219,61.376224517822266,184.24417114257812,99.90523529052734,6.287835121154785,22.799333572387695
2018-08-07,48.79835510253906,93.1240005493164,62.277278900146484,182.37876892089844,100.5981674194336,6.360114097595215,25.30466651916504
2018-08-08,48.83135223388672,94.32599639892578,62.549530029296875,183.73806762695312,101.16175842285156,6.396500110626221,24.689332962036133
2018-08-09,49.215415954589844,94.9260025024414,62.704742431640625,181.66436767578125,101.32807922363281,6.347984790802002,23.496667861938477
2018-08-10,49.06880569458008,94.31500244140625,62.112144470214844,178.85641479492188,100.70904541015625,6.306649684906006,23.69933319091797
2018-08-13,49.38562774658203,94.80999755859375,61.92022705078125,178.64805603027344,99.97911834716797,6.339568614959717,23.76066780090332
2018-08-14,49.59370422363281,95.98249816894531,62.39133071899414,179.6998291015625,101.22644805908203,6.471003532409668,23.176000595092773
2018-08-15,49.70956802368164,94.13099670410156,61.105960845947266,178.13209533691406,99.853759765625,6.41283655166626,22.57933235168457
2018-08-16,50.437801361083984,94.32599639892578,60.7013053894043,173.33973693847656,99.83522033691406,6.372241497039795,22.363332748413086
2018-08-17,51.4450569152832,94.11100006103516,60.294166564941406,172.4467315673828,99.77954864501953,6.059868812561035,20.366666793823242
2018-08-20,50.94380187988281,93.83550262451172,60.5966682434082,171.15684509277344,99.12104034423828,6.13461971282959,20.562667846679688
2018-08-21,50.84449005126953,94.1709976196289,60.37152862548828,171.27587890625,98.29557037353516,6.270262241363525,21.459999084472656
2018-08-22,50.84684753417969,95.24500274658203,60.58675003051758,172.2879638671875,99.2972640991211,6.505410671234131,21.44266700744629
2018-08-23,50.950889587402344,95.1449966430664,60.557491302490234,171.55372619628906,99.76099395751953,6.60491418838501,21.34000015258789
2018-08-24,51.10930633544922,95.26950073242188,61.330604553222656,173.29010009765625,100.54010009765625,6.738081455230713,21.521333694458008
2018-08-27,51.53016662597656,96.38400268554688,62.29859924316406,176.07823181152344,101.65310668945312,6.829170227050781,21.284666061401367
2018-08-28,51.946311950683594,96.64099884033203,61.78236770629883,174.88754272460938,102.2652359008789,6.79154634475708,20.790666580200195
2018-08-29,52.721839904785156,99.90499877929688,62.714168548583984,174.53038024902344,103.89762878417969,6.897050857543945,20.333999633789062
2018-08-30,53.2065315246582,100.11900329589844,62.207847595214844,176.25685119628906,103.83268737792969,6.880208492279053,20.209999084472656
2018-08-31,53.821285247802734,100.635498046875,61.08513641357422,174.3616943359375,104.18516540527344,6.9512858390808105,20.110666275024414
2018-09-04,53.993896484375,101.97550201416016,60.069026947021484,169.8272705078125,103.61012268066406,7.026081085205078,19.26333236694336
2018-09-05,53.6416015625,99.74099731445312,59.46354293823242,165.87826538085938,100.62357330322266,6.8953166007995605,18.715999603271484
2018-09-06,52.75020980834961,97.91549682617188,58.714237213134766,161.2644805908203,100.8554458618164,6.754148960113525,18.729999542236328
2018-09-07,52.32461929321289,97.60350036621094,58.3968505859375,161.77052307128906,100.36387634277344,6.732852935791016,17.549333572387695
2018-09-10,51.62238693237305,96.95050048828125,58.27138900756836,162.90164184570312,101.44905853271484,6.803929805755615,19.03333282470703
2018-09-11,52.927547454833984,99.35749816894531,59.01176834106445,164.64793395996094,103.1741714477539,6.756131172180176,18.62933349609375
2018-09-12,52.270233154296875,99.5,58.09981155395508,160.73861694335938,103.61012268066406,6.642207622528076,19.369333267211914
2018-09-13,53.5328369140625,99.49349975585938,58.62248229980469,160.1035919189453,104.72309112548828,6.719972610473633,19.297332763671875
2018-09-14,52.92517852783203,98.5094985961914,58.416194915771484,161.05612182617188,105.14974975585938,6.84603214263916,19.68000030517578
2018-09-17,51.5159912109375,95.40149688720703,57.5161247253418,159.32965087890625,104.00892639160156,6.784116744995117,19.6560001373291
2018-09-18,51.60110092163086,97.05249786376953,57.87714385986328,159.05184936523438,105.00135040283203,6.712048053741455,18.997333526611328
2018-09-19,51.6318359375,96.32099914550781,58.23221206665039,161.7903594970703,103.6008071899414,6.7358245849609375,19.934667587280273
2018-09-20,52.02433395385742,97.21499633789062,59.09012222290039,164.72731018066406,105.3352279663086,6.594658374786377,19.8886661529541
2018-09-21,51.46397018432617,95.75050354003906,58.12559127807617,161.661376953125,105.9751968383789,6.524569988250732,19.940000534057617
2018-09-24,52.20403289794922,96.71800231933594,58.494537353515625,164.12205505371094,106.35546875,6.580291748046875,19.978666305541992
2018-09-25,52.53505325317383,98.72750091552734,59.20517349243164,163.62596130371094,106.15142822265625,6.647408962249756,20.06599998474121
2018-09-26,52.11655807495117,98.74250030517578,59.21359634399414,165.65003967285156,105.71550750732422,6.610507965087891,20.6386661529541
2018-09-27,53.18762969970703,100.64900207519531,59.873146057128906,167.52532958984375,106.11433410644531,6.622396469116211,20.501333236694336
2018-09-28,53.374427795410156,100.1500015258789,59.8592643737793,163.17942810058594,106.0772476196289,6.959707736968994,17.65133285522461
2018-10-01,53.73381042480469,100.21800231933594,59.9311637878418,161.1751708984375,107.22732543945312,7.16625452041626,20.713333129882812
2018-10-02,54.21142578125,98.56549835205078,59.88703536987305,158.0894012451172,106.80067443847656,7.094927787780762,20.06800079345703
2018-10-03,54.871097564697266,97.63800048828125,60.07994079589844,161.16525268554688,106.81922149658203,7.101120471954346,19.65333366394043
2018-10-04,53.90642166137695,95.47100067138672,58.37106704711914,157.61312866210938,104.6117935180664,6.916861534118652,18.788667678833008
2018-10-05,53.03157424926758,94.48249816894531,57.9128532409668,156.10496520996094,103.9996566772461,6.68332052230835,17.463333129882812
2018-10-08,52.908634185791016,93.22100067138672,57.32223129272461,156.0255889892578,102.81245422363281,6.582027912139893,16.70400047302246
2018-10-09,53.6416015625,93.51599884033203,56.78913116455078,156.67054748535156,104.1202163696289,6.5763325691223145,17.520000457763672
2018-10-10,51.156593322753906,87.76249694824219,54.16036605834961,150.20130920410156,98.46251678466797,6.084728240966797,17.125333786010742
2018-10-11,50.70499038696289,85.96800231933594,54.089942932128906,152.15594482421875,98.23066711425781,5.82319974899292,16.815332412719727
2018-10-12,52.51613235473633,89.43049621582031,55.56772994995117,152.54293823242188,101.62525939941406,6.105778217315674,17.25200080871582
2018-10-15,51.39301681518555,88.04750061035156,54.6701545715332,152.3246307373047,99.7981185913086,5.829391956329346,17.305999755859375
2018-10-16,52.52558898925781,90.99800109863281,56.18959426879883,157.54367065429688,102.95159149169922,6.088195323944092,18.439332962036133
2018-10-17,52.29861068725586,91.58650207519531,55.91733932495117,158.17869567871094,102.68260192871094,6.019593238830566,18.118667602539062
2018-10-18,51.07619857788086,88.53600311279297,54.44551086425781,153.7137451171875,100.63284301757812,5.9321699142456055,17.5939998626709
2018-10-19,51.85409164428711,88.20149993896484,54.806034088134766,152.8505096435547,100.78126525878906,5.675595283508301,17.333332061767578
2018-10-22,52.170936584472656,89.46499633789062,55.11299133300781,153.57481384277344,101.680908203125,5.72636604309082,17.39666748046875
2018-10-23,52.6627311706543,88.43499755859375,55.288543701171875,153.18785095214844,100.26185607910156,5.4747443199157715,19.609333038330078
2018-10-24,50.85631561279297,83.20999908447266,52.42272186279297,144.9028778076172,94.90096282958984,4.938563823699951,19.233333587646484
2018-10-25,51.9699592590332,89.1084976196289,54.72718048095703,149.77464294433594,100.4473648071289,5.147340297698975,20.99066734313965
2018-10-26,51.14241027832031,82.1405029296875,53.743309020996094,144.2380828857422,99.20452880859375,4.910826206207275,22.059999465942383
2018-10-29,50.18245315551758,76.94400024414062,51.31240463256836,140.983642578125,96.32001495361328,4.597041606903076,22.323333740234375
2018-10-30,50.433074951171875,76.52100372314453,52.04534912109375,145.0814971923828,96.208740234375,5.027472972869873,21.99333381652832
2018-10-31,51.74769973754883,79.90049743652344,54.08201217651367,150.6081085205078,99.06539916992188,5.221390724182129,22.488000869750977
2018-11-01,52.542137145996094,83.27649688720703,53.85390090942383,150.56842041015625,98.23992919921875,5.4016852378845215,22.95199966430664
2018-11-02,49.05699157714844,83.27649688720703,53.13533401489258,149.17930603027344,98.46251678466797,5.322682857513428,23.0939998626709
2018-11-05,47.66434860229492,81.38999938964844,52.353797912597656,147.52230834960938,99.71464538574219,5.2446699142456055,22.760000228881836
2018-11-06,48.179786682128906,82.1405029296875,53.040122985839844,148.7725067138672,99.90943145751953,5.227085590362549,22.737333297729492
2018-11-07,49.640995025634766,87.77449798583984,54.95777893066406,150.35015869140625,103.84196472167969,5.294697284698486,23.21066665649414
2018-11-08,49.46778869628906,87.74549865722656,54.28285217285156,146.71861267089844,103.64720153808594,5.101523399353027,23.426666259765625
2018-11-09,48.513980865478516,85.62149810791016,53.40957260131836,143.831298828125,101.62525939941406,5.093596935272217,23.367332458496094
2018-11-12,46.070125579833984,81.84249877929688,52.03790283203125,140.4478302001953,99.12104034423828,4.694124221801758,22.0853328704834
2018-11-13,45.609832763671875,81.55850219726562,51.96897888183594,141.05307006835938,99.18595886230469,4.9360880851745605,22.582000732421875
2018-11-14,44.321475982666016,79.95050048828125,52.2967643737793,143.09706115722656,97.77938079833984,4.883584499359131,22.933332443237305
2018-11-15,45.41526412963867,80.97200012207031,53.11351776123047,142.7299346923828,99.93118286132812,5.012365341186523,23.229333877563477
2018-11-16,45.91828918457031,79.67050170898438,52.97565841674805,138.4435577392578,100.87197875976562,4.072253704071045,23.62066650390625
2018-11-19,44.098445892333984,75.614501953125,50.94989776611328,130.52569580078125,97.453369140625,3.583622932434082,23.564666748046875
2018-11-20,41.991512298583984,74.77300262451172,51.100162506103516,131.39883422851562,94.74272155761719,3.6920974254608154,23.166000366210938
2018-11-21,41.94405746459961,75.83650207519531,51.743839263916016,133.77024841308594,96.04681396484375,3.5838701725006104,22.54599952697754
2018-11-23,40.878726959228516,75.10299682617188,51.08280563354492,130.70428466796875,96.00955963134766,3.591052293777466,21.722000122070312
2018-11-26,41.43156433105469,79.06649780273438,52.36420822143555,135.31809997558594,99.1766586303711,3.7904179096221924,23.066667556762695
2018-11-27,41.341400146484375,79.07099914550781,52.182708740234375,133.94883728027344,99.80078125,3.807258129119873,22.92799949645996
2018-11-28,42.93108367919922,83.88749694824219,54.14201736450195,135.6951446533203,103.50814819335938,3.964273691177368,23.191333770751953
2018-11-29,42.601295471191406,83.67849731445312,54.280372619628906,137.60018920898438,102.64183807373047,3.9010586738586426,22.744667053222656
2018-11-30,42.371131896972656,84.50849914550781,55.0276985168457,139.51516723632812,103.29388427734375,4.051538467407227,23.365333557128906
2018-12-03,43.8516960144043,88.61799621582031,55.360450744628906,139.99142456054688,104.41165924072266,4.215402603149414,23.89933204650879
2018-12-04,41.92271041870117,83.41999816894531,52.68803787231445,136.8560028076172,101.08621978759766,3.89486026763916,23.979999542236328
2018-12-06,41.455291748046875,84.95950317382812,53.46213150024414,138.5428009033203,101.71033477783203,3.9241135120391846,24.20400047302246
2018-12-07,39.977108001708984,81.45649719238281,51.90004348754883,136.35000610351562,97.63968658447266,3.6593494415283203,23.864667892456055
2018-12-10,40.240482330322266,82.05149841308594,52.22734069824219,140.74551391601562,100.21992492675781,3.764709949493408,24.343332290649414
2018-12-11,40.01033020019531,82.16200256347656,52.647369384765625,140.9737091064453,101.15142822265625,3.673727512359619,24.450666427612305
2018-12-12,40.121856689453125,83.177001953125,53.24642562866211,143.37486267089844,101.60786437988281,3.691329002380371,24.440000534057617
2018-12-13,40.56079864501953,82.91899871826172,53.236995697021484,143.88088989257812,101.95250701904297,3.6910808086395264,25.119333267211914
2018-12-14,39.26294708251953,79.59549713134766,52.154441833496094,142.93829345703125,98.76678466796875,3.630591630935669,24.380666732788086
2018-12-17,38.897544860839844,76.04550170898438,50.86212158203125,139.09844970703125,95.84190368652344,3.5594422817230225,23.22800064086914
2018-12-18,39.402923583984375,77.5739974975586,51.74284362792969,142.54141235351562,96.8479232788086,3.6427392959594727,22.468666076660156
2018-12-19,38.173885345458984,74.75399780273438,51.348602294921875,132.2025604248047,96.58708190917969,3.4337539672851562,22.197999954223633
2018-12-20,37.2105827331543,73.04149627685547,50.75947189331055,132.3612823486328,94.55643463134766,3.3492181301116943,21.025333404541016
2018-12-21,35.76324462890625,68.87249755859375,49.15623092651367,123.97710418701172,91.5011215209961,3.212125778198242,21.31800079345703
2018-12-24,34.8379020690918,67.197998046875,48.82992935180664,123.09402465820312,87.68195343017578,3.1503965854644775,19.69266700744629
2018-12-26,37.291255950927734,73.54499816894531,51.96302032470703,133.1352081298828,93.67149353027344,3.299636125564575,21.73933219909668
2018-12-27,37.04924011230469,73.08200073242188,52.21345520019531,133.47256469726562,94.2490463256836,3.251791000366211,21.075332641601562
2018-12-28,37.06822204589844,73.9010009765625,51.90501022338867,132.16285705566406,93.51313018798828,3.3132715225219727,22.257999420166016
2018-12-31,37.42649459838867,75.09850311279297,51.8197135925293,130.06930541992188,94.6123046875,3.3095526695251465,22.18666648864746
2019-01-02,37.46920394897461,76.95649719238281,52.301727294921875,134.62353515625,94.19315338134766,3.3769829273223877,20.674667358398438
2019-01-03,33.73699951171875,75.01399993896484,50.85319519042969,130.71421813964844,90.72795104980469,3.1729559898376465,20.02400016784668
2019-01-04,35.17720413208008,78.76950073242188,53.461639404296875,136.87586975097656,94.94766998291016,3.3762400150299072,21.179332733154297
2019-01-07,35.09890365600586,81.47550201416016,53.35502243041992,136.97506713867188,95.06874084472656,3.5549802780151367,22.33066749572754
2019-01-08,35.76799392700195,82.8290023803711,53.82365036010742,141.42019653320312,95.75806427001953,3.466478109359741,22.356666564941406
2019-01-09,36.375396728515625,82.97100067138672,53.63917541503906,143.10693359375,97.12737274169922,3.534651517868042,22.568666458129883
2019-01-10,36.491668701171875,82.81099700927734,53.499324798583984,143.0771942138672,96.50324249267578,3.6003470420837402,22.99799919128418
2019-01-11,36.13339614868164,82.02799987792969,52.78721618652344,142.68031311035156,95.75806427001953,3.6895933151245117,23.150667190551758
2019-01-14,35.59005355834961,80.8604965209961,52.1445198059082,144.2579345703125,95.0594253540039,3.7295069694519043,22.293333053588867
2019-01-15,36.31846618652344,83.72799682617188,53.88018035888672,147.7902374267578,97.81665802001953,3.715376138687134,22.961999893188477
2019-01-16,36.762149810791016,84.18900299072266,54.02894592285156,146.39122009277344,98.16133117675781,3.6898410320281982,23.06999969482422
2019-01-17,36.98043441772461,84.66100311279297,54.505516052246094,147.145263671875,98.85063934326172,3.761239528656006,23.15399932861328
2019-01-18,37.208213806152344,84.80999755859375,54.911163330078125,148.87171936035156,100.33172607421875,3.8903980255126953,20.150667190551758
2019-01-22,36.37302780151367,81.6084976196289,53.489410400390625,146.42095947265625,98.44078063964844,3.688106060028076,19.92799949645996
2019-01-23,36.5201416015625,82.0009994506836,53.77604293823242,143.17642211914062,99.40021514892578,3.700997829437256,19.172666549682617
2019-01-24,36.230674743652344,82.74649810791016,53.755714416503906,144.6945037841797,98.92515563964844,3.9129579067230225,19.43400001525879
2019-01-25,37.43124008178711,83.52850341796875,54.62403106689453,147.84974670410156,99.82870483398438,3.970224142074585,19.80266761779785
2019-01-28,37.08482360839844,81.89450073242188,53.55040740966797,146.3217315673828,97.88187408447266,3.421359062194824,19.7586669921875
2019-01-29,36.700469970703125,79.69400024414062,53.06441879272461,143.0672607421875,95.88846588134766,3.2624504566192627,19.83066749572754
2019-01-30,39.20836639404297,83.52149963378906,54.44947814941406,149.248779296875,99.09282684326172,3.4059884548187256,20.584667205810547
2019-01-31,39.490718841552734,85.9365005493164,55.833045959472656,165.39208984375,97.27639770507812,3.563657283782959,20.468000411987305
2019-02-01,39.509700775146484,81.3115005493164,55.4725227355957,164.4197235107422,95.73941802978516,3.587952136993408,20.81399917602539
2019-02-04,40.63198471069336,81.66549682617188,56.603172302246094,167.93214416503906,98.49666595458984,3.698269844055176,20.859333038330078
2019-02-05,41.32716369628906,82.94049835205078,57.12139129638672,169.8272705078125,99.87529754638672,3.7173593044281006,21.42333221435547
2019-02-06,41.341400146484375,82.01300048828125,55.684268951416016,169.16250610351562,98.76678466796875,3.7929704189300537,21.148000717163086
2019-02-07,40.558414459228516,80.71849822998047,54.84223175048828,165.08450317382812,98.0588607788086,3.6546387672424316,20.500667572021484
2019-02-08,40.606075286865234,79.41100311279297,54.66717529296875,166.027099609375,98.43146514892578,3.673231363296509,20.386667251586914
2019-02-11,40.372554779052734,79.55000305175781,54.6542854309082,164.4990997314453,98.04021453857422,3.630591630935669,20.856000900268555
2019-02-12,40.72045135498047,81.90049743652344,55.916839599609375,163.7549285888672,99.56787872314453,3.74760365486145,20.78733253479004
2019-02-13,40.55126953125,82.0,55.96892166137695,162.79249572753906,99.4933853149414,3.7899959087371826,20.544666290283203
2019-02-14,40.69900894165039,81.13249969482422,55.9971809387207,162.67344665527344,99.57719421386719,3.830900192260742,20.251333236694336
2019-02-15,40.60846710205078,80.39749908447266,55.522605895996094,161.23471069335938,100.80679321289062,3.9005625247955322,20.525333404541016
2019-02-19,40.72998046875,81.37899780273438,55.8637809753418,161.02635192871094,100.76017761230469,3.883208751678467,20.375999450683594
2019-02-20,40.992095947265625,81.1050033569336,55.570213317871094,161.2942352294922,100.23634338378906,3.930558681488037,20.17066764831543
2019-02-21,40.760963439941406,80.97200012207031,54.75792694091797,158.79388427734375,102.35050964355469,3.8616411685943604,19.415332794189453
2019-02-22,41.21607971191406,81.5780029296875,55.370361328125,160.62945556640625,103.80984497070312,3.9464244842529297,19.6473331451416
2019-02-25,41.51632308959961,81.6500015258789,55.40854263305664,163.33819580078125,104.38985443115234,3.9340298175811768,19.917999267578125
2019-02-26,41.540157318115234,81.81999969482422,55.640628814697266,162.85202026367188,105.11017608642578,3.8946123123168945,19.857332229614258
2019-02-27,41.6688346862793,82.05449676513672,55.684268951416016,161.54229736328125,104.93243408203125,3.8527157306671143,20.982667922973633
2019-02-28,41.258975982666016,81.99150085449219,55.86576843261719,160.19288635253906,104.80142974853516,3.828148126602173,21.325332641601562
2019-03-01,41.69266128540039,83.58650207519531,56.955265045166016,161.0164337158203,105.26919555664062,3.8824949264526367,19.652666091918945
2019-03-04,41.90235137939453,84.80850219726562,57.19825744628906,166.0667724609375,105.01661682128906,3.890685558319092,19.02400016784668
2019-03-05,41.82609176635742,84.62149810791016,57.98029708862305,169.92649841308594,104.49275207519531,3.884232997894287,18.43600082397461
2019-03-06,41.585426330566406,83.44750213623047,57.7695426940918,171.16676330566406,104.53951263427734,3.7733049392700195,18.416000366210938
2019-03-07,41.10408020019531,81.29750061035156,57.0708122253418,167.8131103515625,103.26729583740234,3.7040672302246094,18.439332962036133
2019-03-08,41.201786041259766,81.04000091552734,57.02716827392578,168.27943420410156,103.37954711914062,3.7383134365081787,18.94266700744629
2019-03-11,42.629112243652344,83.53099822998047,58.47967529296875,170.73016357421875,105.54985046386719,3.998884439468384,19.39466667175293
2019-03-12,43.10806655883789,83.65499877929688,59.371788024902344,170.58135986328125,106.28886413574219,4.033130168914795,18.890666961669922
2019-03-13,43.298702239990234,84.54049682617188,59.4615478515625,172.02005004882812,107.1120834350586,4.184508800506592,19.263999938964844
2019-03-14,43.780029296875,84.31099700927734,59.13772201538086,168.84500122070312,107.19625854492188,4.108572006225586,19.33066749572754
2019-03-15,44.349517822265625,85.61799621582031,59.02714538574219,164.6876220703125,108.43110656738281,4.214041233062744,18.36199951171875
2019-03-18,44.80227279663086,87.10749816894531,58.94036102294922,159.2205352783203,109.9840087890625,4.1926984786987305,17.965999603271484
2019-03-19,44.44721984863281,88.09249877929688,59.63015365600586,160.3119659423828,110.05883026123047,4.36045503616333,17.83133316040039
2019-03-20,44.83562469482422,89.8635025024414,60.81883239746094,164.1518096923828,109.9372329711914,4.327946662902832,18.239999771118164
2019-03-21,46.4869499206543,90.96299743652344,61.29985809326172,164.78684997558594,112.46300506591797,4.564692974090576,18.26799964904785
2019-03-22,45.52425765991211,88.2385025024414,59.88752746582031,163.06040954589844,109.49756622314453,4.404876708984375,17.635332107543945
2019-03-25,44.97383499145508,88.71299743652344,59.378238677978516,164.9951934814453,110.06819915771484,4.312560081481934,17.3613338470459
2019-03-26,44.50918197631836,89.18800354003906,59.00433349609375,166.37437438964844,110.30206298828125,4.3892436027526855,17.851333618164062
2019-03-27,44.90949630737305,88.28500366210938,58.41767883300781,164.57847595214844,109.235595703125,4.380061626434326,18.32200050354004
2019-03-28,44.96906280517578,88.6709976196289,58.13302993774414,164.26100158691406,109.3852767944336,4.398672103881836,18.57466697692871
2019-03-29,45.26215744018555,89.0374984741211,58.36214065551758,165.39208984375,110.33010864257812,4.455998420715332,18.657333374023438
2019-04-01,45.56953811645508,90.70950317382812,59.457584381103516,167.38641357421875,111.34044647216797,4.52349853515625,19.278667449951172
2019-04-02,46.23197937011719,90.6989974975586,59.782894134521484,172.84361267089844,111.49947357177734,4.541366100311279,19.058666229248047
2019-04-03,46.54888916015625,91.03500366210938,60.04423522949219,172.18875122070312,112.22916412353516,4.6808342933654785,19.45400047302246
2019-04-04,46.62990188598633,90.94300079345703,60.472694396972656,174.6494598388672,111.65849304199219,4.671899318695068,17.851999282836914
2019-04-05,46.94205856323242,91.86399841308594,60.07597351074219,174.35179138183594,112.15430450439453,4.7386555671691895,18.33066749572754
2019-04-08,47.68075180053711,92.49299621582031,59.91877746582031,173.5679168701172,112.19173431396484,4.759500503540039,18.213333129882812
2019-04-09,47.53778076171875,91.79199981689453,59.64155578613281,176.19729614257812,111.58365631103516,4.696716785430908,18.15399932861328
2019-04-10,47.804656982421875,92.36650085449219,59.8280143737793,176.4354248046875,112.4349594116211,4.76719331741333,18.40399932861328
2019-04-11,47.40672302246094,92.20349884033203,59.983734130859375,176.1278533935547,112.56591033935547,4.753295421600342,17.89466667175293
2019-04-12,47.387657165527344,92.15299987792969,60.635353088378906,177.70547485351562,113.14590454101562,4.715326309204102,17.84666633605957
2019-04-15,47.47343826293945,92.24349975585938,60.823787689208984,178.25115966796875,113.2394790649414,4.583553791046143,17.7586669921875
2019-04-16,47.47819900512695,93.1520004272461,61.0905876159668,177.47723388671875,112.97752380371094,4.670658111572266,18.224000930786133
2019-04-17,48.402748107910156,93.24099731445312,61.49871063232422,177.38795471191406,113.91299438476562,4.647826194763184,18.082000732421875
2019-04-18,48.57669448852539,93.08450317382812,61.56467056274414,176.891845703125,115.40977478027344,4.623258590698242,18.21733283996582
2019-04-22,48.73634719848633,94.3655014038086,62.17412567138672,180.02725219726562,115.77459716796875,4.677112102508545,17.516666412353516
2019-04-23,49.43928527832031,96.1884994506836,63.00872802734375,182.34902954101562,117.3462142944336,4.731706619262695,17.593332290649414
2019-04-24,49.363037109375,95.0875015258789,62.48605728149414,181.1583709716797,116.9439468383789,4.744114875793457,17.243999481201172
2019-04-25,48.91506576538086,95.11250305175781,62.84756088256836,191.7552032470703,120.81682586669922,4.638396739959717,16.5086669921875
2019-04-26,48.681541442871094,97.53150177001953,63.347434997558594,189.99900817871094,121.50907135009766,4.419519424438477,15.675999641418457
2019-04-29,48.755409240722656,96.92150115966797,64.27873229980469,193.26336669921875,121.3968276977539,4.450290203094482,16.097999572753906
2019-04-30,47.81657409667969,96.32599639892578,59.45659637451172,191.89413452148438,122.17325592041016,4.491733074188232,15.912667274475098
2019-05-01,50.16367721557617,95.57599639892578,58.18510055541992,191.52699279785156,119.6287612915039,4.478581428527832,15.600666999816895
2019-05-02,49.83721923828125,95.04100036621094,57.847389221191406,191.03086853027344,118.06651306152344,4.546082496643066,16.273332595825195
2019-05-03,50.45676040649414,98.12300109863281,58.98994445800781,193.947998046875,120.58296966552734,4.541614055633545,17.00200080871582
2019-05-06,49.67757797241211,97.52749633789062,59.18384552001953,192.37039184570312,119.88135528564453,4.463193893432617,17.022666931152344
2019-05-07,48.338409423828125,96.05000305175781,58.459835052490234,188.29237365722656,117.4210433959961,4.295933246612549,16.470666885375977
2019-05-08,48.34793472290039,95.88849639892578,58.059146881103516,188.06417846679688,117.41168212890625,4.316035270690918,16.32266616821289
2019-05-09,47.82848358154297,94.99349975585938,57.9197883605957,187.1810760498047,117.40234375,4.223471164703369,16.131999969482422
2019-05-10,47.165897369384766,94.4990005493164,57.90342712402344,186.8734893798828,118.92716217041016,4.18947172164917,15.968000411987305
2019-05-13,44.424644470214844,91.13400268554688,56.363651275634766,180.12646484375,115.39104461669922,3.9321281909942627,15.133999824523926
2019-05-14,45.12788772583008,92.00599670410156,55.781959533691406,179.32276916503906,116.68202209472656,4.021217346191406,15.487333297729492
2019-05-15,45.668495178222656,93.55750274658203,58.06013870239258,184.81964111328125,118.32514953613281,3.960170269012451,15.463333129882812
2019-05-16,45.467559814453125,95.37850189208984,58.73951721191406,185.53404235839844,121.0574722290039,3.9753079414367676,15.222000122070312
2019-05-17,45.2092170715332,93.44999694824219,57.9599609375,183.857177734375,120.25000762939453,3.8844809532165527,14.0686674118042
2019-05-20,43.795536041259766,92.94850158691406,56.763851165771484,181.29727172851562,118.51293182373047,3.765859603881836,13.690667152404785
2019-05-21,44.635128021240234,92.8759994506836,57.248836517333984,183.38092041015625,119.15142822265625,3.848001003265381,13.67199993133545
2019-05-22,43.72138214111328,92.98400115966797,57.318756103515625,183.87701416015625,119.87439727783203,3.777027130126953,12.84866714477539
2019-05-23,42.975074768066406,90.77400207519531,56.797569274902344,179.461669921875,118.47539520263672,3.655923366546631,13.03266716003418
2019-05-24,42.81002426147461,91.16400146484375,56.46382522583008,179.6501922607422,118.53173065185547,3.6020729541778564,12.708666801452637
2019-05-28,42.63301467895508,91.82150268554688,56.51094055175781,182.87490844726562,118.45661926269531,3.5569064617156982,12.579999923706055
2019-05-29,42.4296989440918,90.95950317382812,55.53797912597656,180.77139282226562,117.31110382080078,3.4827065467834473,12.657333374023438
2019-05-30,42.649757385253906,90.81600189208984,55.61087417602539,181.58502197265625,118.05286407470703,3.456122875213623,12.54800033569336
2019-05-31,41.87713623046875,88.75350189208984,54.87149429321289,176.08815002441406,116.1280288696289,3.3654401302337646,12.343999862670898
2019-06-03,41.453739166259766,84.6344985961914,51.51125717163086,162.8718719482422,112.52249145507812,3.3237016201019287,11.9313325881958
2019-06-04,42.970279693603516,86.47799682617188,52.292301177978516,166.19578552246094,115.6397705078125,3.5527687072753906,12.90666675567627
2019-06-05,43.66397476196289,86.92500305175781,51.80384063720703,166.8605499267578,118.14677429199219,3.510035514831543,13.105999946594238
2019-06-06,44.30503845214844,87.71800231933594,51.95856475830078,167.01931762695312,120.01525115966797,3.5721471309661865,13.729999542236328
2019-06-07,45.48430633544922,90.20149993896484,52.98061752319336,172.00022888183594,123.37664794921875,3.614879846572876,13.633333206176758
2019-06-10,46.06556701660156,93.03150177001953,53.6942138671875,173.45877075195312,124.50338745117188,3.6876747608184814,14.192000389099121
2019-06-11,46.598995208740234,93.18499755859375,53.60892105102539,176.71327209472656,124.03392028808594,3.7453136444091797,14.473333358764648
2019-06-12,46.450687408447266,92.76599884033203,53.51272201538086,173.67706298828125,123.46116638183594,3.6322708129882812,13.950667381286621
2019-06-13,46.44110107421875,93.51499938964844,54.103336334228516,176.08815002441406,124.24048614501953,3.6834511756896973,14.260666847229004
2019-06-14,46.10383224487305,93.4834976196289,53.86976623535156,179.91810607910156,124.36253356933594,3.593513250350952,14.32800006866455
2019-06-17,46.37892532348633,94.30149841308594,54.24615478515625,187.5382843017578,124.73809814453125,3.603203058242798,15.001999855041504
2019-06-18,47.46967697143555,95.06849670410156,54.80900573730469,187.0025177001953,126.90705871582031,3.798232078552246,14.982666969299316
2019-06-19,47.33094024658203,95.43949890136719,54.77280044555664,186.02020263671875,127.40467834472656,3.8041954040527344,15.095333099365234
2019-06-20,47.71126937866211,95.90950012207031,55.20374298095703,188.0542449951172,128.58775329589844,3.828542470932007,14.641332626342773
2019-06-21,47.548622131347656,95.56500244140625,55.80725860595703,189.65171813964844,128.60658264160156,3.7704057693481445,14.790666580200195
2019-06-24,47.500789642333984,95.69499969482422,55.37731170654297,191.10035705566406,129.3671112060547,3.7927663326263428,14.909333229064941
2019-06-25,46.78078079223633,93.91349792480469,53.93324279785156,187.36959838867188,125.28268432617188,3.7634503841400146,14.650667190551758
2019-06-26,47.792598724365234,94.8915023803711,53.57322311401367,186.19879150390625,125.75215911865234,3.956740140914917,14.618000030517578
2019-06-27,47.778255462646484,95.21399688720703,53.39023208618164,188.02447509765625,125.95873260498047,4.055374622344971,14.855999946594238
2019-06-28,47.34291076660156,94.68150329589844,53.69620895385742,191.49725341796875,125.78034210205078,4.080217361450195,14.897333145141602
2019-07-01,48.211219787597656,96.1094970703125,54.54914474487305,191.49725341796875,127.39527130126953,4.128415584564209,15.14466667175293
2019-07-02,48.49346160888672,96.71549987792969,55.17399215698242,193.48162841796875,128.2404022216797,4.0305280685424805,14.970000267028809
2019-07-03,48.89533615112305,96.94999694824219,55.689231872558594,195.6645050048828,129.06663513183594,4.0434489250183105,15.65999984741211
2019-07-05,48.852264404296875,97.14550018310547,56.16926574707031,194.87075805664062,128.6910858154297,3.980839967727661,15.539999961853027
2019-07-08,47.845218658447266,97.61599731445312,55.38176727294922,194.23573303222656,128.59716796875,3.9058096408843994,15.355999946594238
2019-07-09,48.13705825805664,99.41500091552734,55.75369644165039,197.6588897705078,128.12770080566406,3.9082932472229004,15.337332725524902
2019-07-10,48.613075256347656,100.87049865722656,56.577884674072266,201.1514434814453,129.43283081054688,3.976616144180298,15.928000450134277
2019-07-11,48.25904846191406,100.05349731445312,56.735084533691406,199.6631317138672,129.94921875,4.131150722503662,15.90666675567627
2019-07-12,48.62981414794922,100.55000305175781,56.797569274902344,203.2747802734375,130.41871643066406,4.164193630218506,16.338666915893555
2019-07-15,49.08669662475586,101.04949951171875,57.053951263427734,202.32225036621094,130.41871643066406,4.155744552612305,16.899999618530273
2019-07-16,48.9168586730957,100.49500274658203,57.20024108886719,202.25282287597656,128.70982360839844,4.151024341583252,16.825332641601562
2019-07-17,48.64177322387695,99.60150146484375,56.86699676513672,200.2287139892578,127.94928741455078,4.216365337371826,16.99066734313965
2019-07-18,49.1943244934082,98.8949966430664,56.89179229736328,199.21664428710938,128.09010314941406,4.2280426025390625,16.902666091918945
2019-07-19,48.45998001098633,98.22599792480469,56.11372375488281,196.8155059814453,128.27793884277344,4.184813022613525,17.211999893188477
2019-07-22,49.567481994628906,99.28150177001953,56.49358367919922,200.7446746826172,129.9774169921875,4.256364822387695,17.045333862304688
2019-07-23,49.95499038696289,99.72450256347656,56.93195724487305,200.78433227539062,130.784912109375,4.364190101623535,17.344667434692383
2019-07-24,49.914337158203125,100.04049682617188,56.51936721801758,203.0664520263672,132.12759399414062,4.438724040985107,17.658666610717773
2019-07-25,49.5196418762207,98.69100189208984,56.3314208984375,199.14720153808594,131.62991333007812,4.307545185089111,15.254667282104492
2019-07-26,49.69186019897461,97.15249633789062,61.750633239746094,198.19467163085938,132.70970153808594,4.349532604217529,15.202667236328125
2019-07-29,50.15592575073242,95.62249755859375,61.58301544189453,194.41433715820312,132.4186248779297,4.343321800231934,15.718000411987305
2019-07-30,49.940635681152344,94.92649841308594,60.896690368652344,195.50576782226562,131.78016662597656,4.358973026275635,16.150667190551758
2019-07-31,50.95963668823242,93.33899688720703,60.41070556640625,192.71763610839844,127.94928741455078,4.191771030426025,16.107332229614258
2019-08-01,49.85691452026367,92.76599884033203,60.09233856201172,191.2293243408203,129.62998962402344,4.0973615646362305,15.59000015258789
2019-08-02,48.802032470703125,91.16200256347656,59.32567596435547,187.54824829101562,128.54083251953125,4.0046892166137695,15.62266731262207
2019-08-05,46.24736404418945,88.25650024414062,57.26421356201172,180.31500244140625,124.13720703125,3.746306896209717,15.221332550048828
2019-08-06,47.122833251953125,89.3915023803711,58.07402038574219,183.07334899902344,126.46575927734375,3.785064458847046,15.383333206176758
2019-08-07,47.61080551147461,89.66999816894531,58.313541412353516,183.70834350585938,127.01972961425781,3.823324680328369,15.561332702636719
2019-08-08,48.66090393066406,91.64450073242188,59.81512451171875,188.67935180664062,130.4093017578125,3.9318957328796387,15.886667251586914
2019-08-09,48.25992965698242,90.37899780273438,58.95771789550781,186.38734436035156,129.3013458251953,3.8305306434631348,15.667332649230957
2019-08-12,48.13746643066406,89.24600219726562,58.243614196777344,183.9266357421875,127.49859619140625,3.7627041339874268,15.267333030700684
2019-08-13,50.17600631713867,91.21700286865234,59.34600067138672,186.98265075683594,130.13699340820312,3.8769891262054443,15.666666984558105
2019-08-14,48.68251037597656,88.14800262451172,57.73532485961914,178.31072998046875,126.21804809570312,3.728419542312622,14.641332626342773
2019-08-15,48.440006256103516,88.80599975585938,57.98674392700195,181.1682891845703,125.93541717529297,3.6961214542388916,14.37600040435791
2019-08-16,49.58292770385742,89.62850189208984,58.47718048095703,182.26963806152344,128.2434844970703,3.9641940593719482,14.662667274475098
2019-08-19,50.507362365722656,90.80599975585938,59.52998352050781,184.72042846679688,130.39138793945312,4.242948055267334,15.121999740600586
2019-08-20,50.509765625,90.06900024414062,58.69141387939453,182.37876892089844,129.3079833984375,4.170651435852051,15.057332992553711
2019-08-21,51.05720901489258,91.177001953125,59.09061813354492,182.1208038330078,130.74937438964844,4.254128932952881,14.722000122070312
2019-08-22,51.013999938964844,90.23300170898438,59.08763885498047,180.62254333496094,129.79788208007812,4.260340213775635,14.8100004196167
2019-08-23,48.6561164855957,87.48100280761719,57.20619583129883,176.365966796875,125.6622085571289,4.035745620727539,14.09333324432373
2019-08-26,49.580543518066406,88.44349670410156,58.0789794921875,178.95565795898438,127.60285949707031,4.110528945922852,14.333333015441895
2019-08-27,49.02106475830078,88.09149932861328,58.061126708984375,179.88833618164062,127.87605285644531,4.019845008850098,14.272000312805176
2019-08-28,49.35002517700195,88.2125015258789,58.20642852783203,180.34474182128906,127.70646667480469,4.009400367736816,14.37266731262207
2019-08-29,50.18560791015625,89.31999969482422,59.22252655029297,184.12509155273438,130.11822509765625,4.153144836425781,14.780667304992676
2019-08-30,50.12077713012695,88.81449890136719,59.03854751586914,184.22430419921875,129.8732452392578,4.165827751159668,15.040666580200195
2019-09-03,49.390846252441406,89.49199676513672,57.99814987182617,180.9698486328125,128.15869140625,4.082765102386475,15.000666618347168
2019-09-04,50.22883605957031,90.03099822998047,58.628929138183594,185.68284606933594,129.6565704345703,4.196913719177246,14.711999893188477
2019-09-05,51.21088409423828,92.03600311279297,60.112667083740234,189.41358947753906,131.93634033203125,4.469976902008057,15.305333137512207
2019-09-06,51.206085205078125,91.67549896240234,59.82157516479492,186.03013610839844,131.04141235351562,4.442868232727051,15.16333293914795
2019-09-09,51.42458724975586,91.56749725341797,59.76950454711914,187.2902374267578,129.55296325683594,4.488877296447754,15.452667236328125
2019-09-10,52.03206253051758,91.02749633789062,59.79083251953125,184.72042846679688,128.19639587402344,4.5555267333984375,15.702667236328125
2019-09-11,53.68642807006836,91.14949798583984,60.49997329711914,187.0223846435547,128.2340545654297,4.584125995635986,16.47333335876465
2019-09-12,53.56637954711914,92.17749786376953,61.242332458496094,186.01028442382812,129.55296325683594,4.5826334953308105,16.391332626342773
2019-09-13,52.524295806884766,91.96700286865234,61.493255615234375,185.73248291015625,129.36451721191406,4.524689197540283,16.34666633605957
2019-09-16,52.800418853759766,90.39199829101562,61.07670593261719,184.77001953125,128.43190002441406,4.48166561126709,16.187332153320312
2019-09-17,52.99251174926758,91.12750244140625,60.98991775512695,186.6155548095703,129.43045043945312,4.503052711486816,16.319332122802734
2019-09-18,53.489540100097656,90.87300109863281,61.127281188964844,186.67506408691406,130.4949951171875,4.475945472717285,16.232667922973633
2019-09-19,53.0549430847168,91.07499694824219,61.429779052734375,188.65948486328125,132.89727783203125,4.40034294128418,16.440000534057617
2019-09-20,52.27937316894531,89.70800018310547,60.987937927246094,188.4511260986328,131.36170959472656,4.29464864730835,16.041332244873047
2019-09-23,52.51709747314453,89.26499938964844,61.228450775146484,185.36534118652344,131.07907104492188,4.348117351531982,16.082000732421875
2019-09-24,52.267372131347656,87.08049774169922,60.41714859008789,179.8684844970703,129.42105102539062,4.290670871734619,14.880666732788086
2019-09-25,53.07174301147461,88.41649627685547,61.78634262084961,181.3766632080078,131.28634643554688,4.4324235916137695,15.24666690826416
2019-09-26,52.79802322387695,86.99199676513672,61.60533142089844,178.70762634277344,131.45591735839844,4.410290718078613,16.17066764831543
2019-09-27,52.54111099243164,86.27249908447266,60.79502868652344,175.7210235595703,129.750732421875,4.27152156829834,16.142000198364258
2019-09-30,53.77768325805664,86.79550170898438,60.55649948120117,176.6934051513672,130.97543334960938,4.328969478607178,16.058000564575195
2019-10-01,53.926544189453125,86.78250122070312,59.80570602416992,174.44110107421875,129.12901306152344,4.327228546142578,16.312667846679688
2019-10-02,52.5747184753418,85.6614990234375,58.41321563720703,173.240478515625,126.84918212890625,4.303354740142822,16.208667755126953
2019-10-03,53.02132034301758,86.22100067138672,58.9839973449707,177.98329162597656,128.38473510742188,4.5090227127075195,15.535332679748535
2019-10-04,54.50761032104492,86.98249816894531,60.05167770385742,179.0449676513672,130.11822509765625,4.525435447692871,15.428667068481445
2019-10-07,54.519615173339844,86.63300323486328,59.91727828979492,178.28091430664062,129.17608642578125,4.584125995635986,15.847999572753906
2019-10-08,53.880924224853516,85.27549743652344,59.018707275390625,176.365966796875,127.8100814819336,4.407555103302002,16.003332138061523
2019-10-09,54.51240921020508,86.09950256347656,59.62718200683594,178.4496307373047,130.23121643066406,4.494100093841553,16.302000045776367
2019-10-10,55.24715042114258,86.01300048828125,59.977779388427734,178.62823486328125,131.04141235351562,4.551796913146973,16.31599998474121
2019-10-11,56.71663284301758,86.59600067138672,60.28722381591797,182.75584411621094,131.58778381347656,4.625409126281738,16.525999069213867
2019-10-14,56.63498306274414,86.82150268554688,60.389381408691406,181.8529052734375,131.4652862548828,4.638838291168213,17.130666732788086
2019-10-15,56.502933502197266,88.36900329589844,61.602848052978516,187.4192352294922,133.36834716796875,4.883549213409424,17.19266700744629
2019-10-16,56.27483367919922,88.87149810791016,61.64054489135742,188.07408142089844,132.27548217773438,4.829833507537842,17.316667556762695
2019-10-17,56.49333190917969,89.3740005493164,62.126529693603516,188.9075469970703,131.5972442626953,4.831823825836182,17.46466636657715
2019-10-18,56.764652252197266,87.87550354003906,61.71046447753906,184.4029083251953,129.44931030273438,4.7373199462890625,17.1299991607666
2019-10-21,57.749107360839844,89.28299713134766,61.704017639160156,188.28245544433594,130.4102325439453,4.874598503112793,16.899999618530273
2019-10-22,57.617061614990234,88.2864990234375,61.55128479003906,180.92022705078125,128.4695587158203,4.864649772644043,17.038667678833008
2019-10-23,58.39020538330078,88.1084976196289,62.36604309082031,184.70057678222656,129.2891082763672,4.851719856262207,16.978666305541992
2019-10-24,58.486244201660156,89.03900146484375,62.4394416809082,184.92877197265625,131.83277893066406,4.895735740661621,19.978666305541992
2019-10-25,59.20658874511719,88.06649780273438,62.69681167602539,186.427001953125,132.5769805908203,5.086731910705566,21.875333786010742
2019-10-28,59.79966354370117,88.85399627685547,63.92069625854492,187.92526245117188,135.83651733398438,5.14268684387207,21.847333908081055
2019-10-29,58.41661834716797,88.135498046875,62.51631164550781,187.83596801757812,134.5552978515625,5.046442985534668,21.08133316040039
2019-10-30,58.40940856933594,88.99949645996094,62.518287658691406,186.78421020507812,136.23220825195312,5.048433303833008,21.000667572021484
2019-10-31,59.73002624511719,88.83300018310547,62.42405700683594,190.1577606201172,135.0640106201172,4.999190807342529,20.994667053222656
2019-11-01,61.42521286010742,89.5719985961914,63.09105682373047,192.1123809814453,135.3937530517578,5.038237571716309,20.887332916259766
2019-11-04,61.82859420776367,90.23300170898438,63.951942443847656,193.20387268066406,136.17567443847656,5.234950065612793,21.1646671295166
2019-11-05,61.73975372314453,90.08550262451172,64.04267883300781,192.8069610595703,136.0908660888672,5.212817668914795,21.148000717163086
2019-11-06,61.766170501708984,89.78849792480469,64.02136993408203,190.0585174560547,135.7140655517578,5.163577079772949,21.77199935913086
2019-11-07,62.47901916503906,89.41000366210938,64.81133270263672,188.9373321533203,135.90249633789062,5.1812334060668945,22.369333267211914
2019-11-08,62.650020599365234,89.29399871826172,64.91349029541016,189.35401916503906,137.5039825439453,5.167306423187256,22.47599983215332
2019-11-11,63.14613342285156,88.5824966430664,64.38189697265625,188.13363647460938,137.64532470703125,5.177256107330322,23.006000518798828
2019-11-12,63.08831787109375,88.9000015258789,64.32882690429688,192.95578002929688,138.5496826171875,5.212817668914795,23.32866668701172
2019-11-13,63.69281768798828,87.65550231933594,64.27774047851562,191.68572998046875,138.7757568359375,5.186953067779541,23.073999404907227
2019-11-14,63.252113342285156,87.7300033569336,64.92092895507812,191.64605712890625,139.48231506347656,5.217294692993164,23.290000915527344
2019-11-15,64.00348663330078,86.97450256347656,66.13042449951172,193.58087158203125,141.28163146972656,5.078025817871094,23.47800064086914
2019-11-18,64.32622528076172,87.62650299072266,65.45104217529297,195.86297607421875,141.6302032470703,5.2792181968688965,23.332666397094727
2019-11-19,64.13113403320312,87.6395034790039,65.09152221679688,197.76803588867188,141.6773223876953,5.172530174255371,23.968000411987305
2019-11-20,63.38454055786133,87.27649688720703,64.55941772460938,195.97210693359375,141.4315185546875,5.251862525939941,23.481332778930664
2019-11-21,63.100372314453125,86.7354965209961,64.47412872314453,196.3888397216797,141.29920959472656,5.226992607116699,23.655332565307617
2019-11-22,63.04498291015625,87.28600311279297,64.15328216552734,197.2719268798828,141.40321350097656,5.244650840759277,22.202667236328125
2019-11-25,64.15039825439453,88.69200134277344,64.74687194824219,198.23435974121094,142.95343017578125,5.50130033493042,22.422666549682617
2019-11-26,63.64945983886719,89.84700012207031,65.1118392944336,197.4207305908203,143.70970153808594,5.396598815917969,21.92799949645996
2019-11-27,64.50443267822266,90.92549896240234,65.0687026977539,200.42715454101562,143.98377990722656,5.4314422607421875,22.086000442504883
2019-11-29,64.3623275756836,90.04000091552734,64.66999053955078,200.06997680664062,143.09523010253906,5.394111633300781,21.996000289916992
2019-12-02,63.61818313598633,89.08000183105469,63.91474914550781,198.14508056640625,141.36538696289062,5.207704067230225,22.32466697692871
2019-12-03,62.48384094238281,88.49800109863281,64.20632934570312,197.2719268798828,141.1385498046875,5.16813325881958,22.413333892822266
2019-12-04,63.03535461425781,88.03450012207031,65.40642547607422,197.16278076171875,141.64901733398438,5.211933612823486,22.20199966430664
2019-12-05,63.96013641357422,87.02400207519531,65.80413055419922,197.80770874023438,141.72457885742188,5.195012092590332,22.024667739868164
2019-12-06,65.19561004638672,87.58000183105469,66.42051696777344,199.48455810546875,143.4449920654297,5.2803754806518555,22.392667770385742
2019-12-09,64.28285217285156,87.47550201416016,66.59906005859375,199.77227783203125,143.07635498046875,5.2803754806518555,22.635332107543945
2019-12-10,64.65856170654297,86.96050262451172,66.59410095214844,199.3059539794922,142.8589324951172,5.325422286987305,23.256000518798828
2019-12-11,65.21005249023438,87.43599700927734,66.66154479980469,200.6851348876953,143.397705078125,5.409043788909912,23.51333236694336
2019-12-12,65.37623596191406,88.0165023803711,66.87181091308594,195.218017578125,144.8534698486328,5.576537132263184,23.978666305541992
2019-12-13,66.26490783691406,88.0469970703125,66.79146575927734,192.59857177734375,146.0728302001953,5.574545860290527,23.892667770385742
2019-12-16,67.39921569824219,88.46050262451172,67.47730255126953,196.37890625,147.0181427001953,5.603416442871094,25.433332443237305
2019-12-17,67.53170776367188,89.53299713134766,67.18917846679688,196.84524536132812,146.22410583496094,5.681563377380371,25.266000747680664
2019-12-18,67.37032318115234,89.20149993896484,67.04139709472656,200.92323303222656,145.9215850830078,5.711925506591797,26.209999084472656
2019-12-19,67.43773651123047,89.61399841308594,67.26603698730469,204.4555206298828,147.18826293945312,5.860004425048828,26.93600082397461
2019-12-20,67.29808044433594,89.32499694824219,67.0071792602539,204.6936492919922,148.7952423095703,5.957315444946289,27.03933334350586
2019-12-23,68.39627838134766,89.6500015258789,66.97793579101562,204.57460021972656,148.7952423095703,5.943627834320068,27.947999954223633
2019-12-24,68.46128845214844,89.46050262451172,66.67045593261719,203.52284240722656,148.76690673828125,5.938649654388428,28.350000381469727
2019-12-26,69.81959533691406,93.4384994506836,67.56507110595703,206.1720733642578,149.98629760742188,5.952834606170654,28.729333877563477
2019-12-27,69.7930908203125,93.48999786376953,67.17679595947266,206.47967529296875,150.2604217529297,5.895097255706787,28.691999435424805
2019-12-30,70.20734405517578,92.34449768066406,66.4364013671875,202.81838989257812,148.9653778076172,5.781858444213867,27.64666748046875
2019-12-31,70.72029876708984,92.39199829101562,66.42051696777344,203.65184020996094,149.06932067871094,5.85602331161499,27.8886661529541
2020-01-02,72.3338851928711,94.90049743652344,67.8730239868164,208.14659118652344,151.8295135498047,5.970754623413086,28.68400001525879
2020-01-03,71.63063049316406,93.74849700927734,67.51797485351562,207.04519653320312,149.93896484375,5.875187397003174,29.534000396728516
2020-01-06,72.20140838623047,95.14399719238281,69.31758880615234,210.9446258544922,150.32659912109375,5.899824142456055,30.1026668548584
2020-01-07,71.86183166503906,95.34300231933594,69.18370819091797,211.40101623535156,148.95594787597656,5.971252918243408,31.270666122436523
2020-01-08,73.01783752441406,94.59850311279297,69.6761245727539,213.54421997070312,151.3285369873047,5.982451915740967,32.80933380126953
2020-01-09,74.56880187988281,95.05249786376953,70.40757751464844,216.60025024414062,153.21913146972656,6.048155307769775,32.089332580566406
2020-01-10,74.73737335205078,94.15799713134766,70.86231994628906,216.3621063232422,152.51014709472656,6.080508232116699,31.876667022705078
2020-01-13,76.33407592773438,94.56500244140625,71.41128540039062,220.18212890625,154.34397888183594,6.271146774291992,34.990665435791016
2020-01-14,75.30330657958984,93.47200012207031,70.94316101074219,217.3543243408203,153.25692749023438,6.154173851013184,35.861331939697266
2020-01-15,74.98063659667969,93.10099792480469,71.37012481689453,219.42803955078125,154.2494659423828,6.111617565155029,34.56666564941406
2020-01-16,75.91986846923828,93.89700317382812,71.91363525390625,220.04322814941406,157.0758056640625,6.195240020751953,34.232666015625
2020-01-17,76.76038360595703,93.23600006103516,73.3696060180664,220.41030883789062,157.9549102783203,6.203949928283691,34.03333282470703
2020-01-21,76.24018096923828,94.5999984741211,73.5049819946289,219.71578979492188,157.3877716064453,6.170600891113281,36.47999954223633
2020-01-22,76.51229858398438,94.37300109863281,73.58531188964844,219.59671020507812,156.6315460205078,6.224606037139893,37.97066879272461
2020-01-23,76.88079071044922,94.22899627685547,73.6259765625,218.0488739013672,157.595703125,6.2930474281311035,38.14666748046875
2020-01-24,76.6592025756836,93.08200073242188,72.70758819580078,216.24302673339844,156.0076141357422,6.233814716339111,37.654666900634766
2020-01-27,74.40501403808594,91.41699981689453,70.99968719482422,213.1969451904297,153.3987274169922,5.9779744148254395,37.201332092285156
2020-01-28,76.50990295410156,92.6624984741211,71.93050384521484,216.09417724609375,156.40469360351562,6.1713480949401855,37.793331146240234
2020-01-29,78.11143493652344,92.9000015258789,72.23795318603516,221.49183654785156,158.84347534179688,6.110872268676758,38.732666015625
2020-01-30,77.99824523925781,93.53399658203125,72.11646270751953,207.89849853515625,163.3240203857422,6.117590427398682,42.72066879272461
2020-01-31,74.53988647460938,100.43599700927734,71.0517578125,200.33782958984375,160.91360473632812,5.884146213531494,43.371334075927734
2020-02-03,74.33517456054688,100.20999908447266,73.5223388671875,202.60011291503906,164.83648681640625,5.98120641708374,52.0
2020-02-04,76.78926849365234,102.4834976196289,71.67808532714844,208.19618225097656,170.26234436035156,6.150442123413086,59.137332916259766
2020-02-05,77.41545104980469,101.99349975585938,71.70983123779297,208.47401428222656,170.0543975830078,6.240783214569092,48.97999954223633
2020-02-06,78.32097625732422,102.5114974975586,73.19355773925781,209.20826721191406,173.58026123046875,6.327640533447266,49.930667877197266
2020-02-07,77.25637817382812,103.96399688720703,73.3492660522461,210.67674255371094,173.82601928710938,6.261441230773926,49.871334075927734
2020-02-10,77.623291015625,106.69550323486328,74.81465148925781,211.40101623535156,178.37277221679688,6.5446600914001465,51.41866683959961
2020-02-11,77.15496063232422,107.54000091552734,74.88408660888672,205.5767364501953,174.34597778320312,6.667106628417969,51.62533187866211
2020-02-12,78.98722839355469,108.0,75.30906677246094,209.1189422607422,174.60118103027344,6.782832622528076,51.15266799926758
2020-02-13,78.42474365234375,107.49349975585938,75.0492172241211,211.48040771484375,173.65589904785156,6.739030361175537,53.599998474121094
2020-02-14,78.44406127929688,106.74349975585938,75.31403350830078,212.5123291015625,175.20614624023438,7.212141990661621,53.33533477783203
2020-02-18,77.00772857666016,107.78350067138672,75.3492431640625,216.1041259765625,176.98321533203125,7.380878448486328,57.22666549682617
2020-02-19,78.12301635742188,108.51100158691406,75.61852264404297,215.7965545654297,177.51402282714844,7.832088947296143,61.16133117675781
2020-02-20,77.32154083251953,107.65499877929688,75.22773742675781,212.9092254638672,174.80316162109375,7.682764530181885,59.96066665649414
2020-02-21,75.57135009765625,104.79850006103516,73.56498718261719,208.54344177246094,169.27716064453125,7.318660736083984,60.06666564941406
2020-02-24,71.9817123413086,100.4645004272461,70.41104888916016,199.15713500976562,161.9787139892578,6.801247596740723,55.58599853515625
2020-02-25,69.54354095458984,98.63700103759766,68.74781036376953,195.2378692626953,159.30577087402344,6.521763324737549,53.32733154296875
2020-02-26,70.646728515625,98.97949981689453,68.9535903930664,195.6645050048828,161.29629516601562,6.6611328125,51.91999816894531
2020-02-27,66.02867889404297,94.21499633789062,65.20854187011719,188.2725067138672,149.9315185546875,6.290338039398193,45.266666412353516
2020-02-28,65.99006652832031,94.1875,66.41358184814453,190.97134399414062,153.56175231933594,6.725379943847656,44.53266525268555
2020-03-02,72.13380432128906,97.69750213623047,68.74781036376953,194.91046142578125,163.7796630859375,6.883759498596191,49.574668884277344
2020-03-03,69.84285736083984,95.44950103759766,66.33772277832031,184.44261169433594,155.93136596679688,6.621287822723389,49.70066833496094
2020-03-04,73.08248138427734,98.79149627685547,68.51373291015625,190.2668914794922,161.65643310546875,7.084972381591797,49.96666717529297
2020-03-05,70.7119140625,96.20149993896484,65.19912719726562,183.72821044921875,157.59963989257812,6.805566310882568,48.30266571044922
2020-03-06,69.77286529541016,95.05449676513672,64.25593566894531,179.6799774169922,153.14471435546875,6.625024318695068,46.89866638183594
2020-03-09,64.2543716430664,90.03050231933594,60.29119110107422,168.18019104003906,142.76571655273438,6.112035751342773,40.53333282470703
2020-03-10,68.88208770751953,94.59100341796875,63.23585891723633,176.80255126953125,152.52854919433594,6.501508712768555,43.02199935913086
2020-03-11,66.4897689819336,91.04299926757812,60.0486946105957,168.91445922851562,145.6187744140625,6.137685298919678,42.28200149536133
2020-03-12,59.92359924316406,83.83049774169922,55.12191390991211,153.2672576904297,131.80853271484375,5.386631011962891,37.369998931884766
2020-03-13,67.10295104980469,89.25,60.2158203125,168.95411682128906,150.54759216308594,5.9974846839904785,36.44133377075195
2020-03-16,58.47034454345703,84.4574966430664,53.21022033691406,144.8731231689453,128.3583221435547,4.890823841094971,29.67133331298828
2020-03-17,61.04129409790039,90.39199829101562,55.44474411010742,148.2565460205078,138.9269256591797,5.410534858703613,28.68000030517578
2020-03-18,59.54700469970703,91.5,54.11226272583008,145.81570434570312,133.0786590576172,5.050695896148682,24.08133316040039
2020-03-19,59.09075164794922,94.04650115966797,55.12786865234375,151.9376983642578,135.2682342529297,5.3034563064575195,28.50933265686035
2020-03-20,55.33933639526367,92.30449676513672,52.972686767578125,148.5641326904297,130.18771362304688,5.123661041259766,28.50200080871582
2020-03-23,54.16370391845703,95.1415023803711,52.27445602416992,146.94683837890625,128.88916015625,5.296482563018799,28.952667236328125
2020-03-24,59.59769058227539,97.00499725341797,56.037349700927734,159.72653198242188,140.60464477539062,6.20517110824585,33.66666793823242
2020-03-25,59.26939392089844,94.29199981689453,54.62948226928711,154.9936981201172,139.25868225097656,6.116518497467041,35.95000076293945
2020-03-26,62.38832092285156,97.77449798583984,57.66936492919922,162.0681610107422,147.96945190429688,6.405884265899658,35.21066665649414
2020-03-27,59.8053092956543,95.00499725341797,55.05794906616211,155.56918334960938,141.8937225341797,6.29357385635376,34.29066848754883
2020-03-30,61.51203155517578,98.19750213623047,56.845672607421875,164.65785217285156,151.87457275390625,6.613818168640137,33.47533416748047
2020-03-31,61.38650131225586,97.48600006103516,57.62126159667969,165.50123596191406,149.4860076904297,6.564263820648193,34.93333435058594
2020-04-01,58.156517028808594,95.38500213623047,54.653289794921875,158.35728454589844,144.17799377441406,6.05301570892334,32.104000091552734
2020-04-02,59.126953125,95.94149780273438,55.3936767578125,156.958251953125,147.1637725830078,6.3618059158325195,30.29800033569336
2020-04-03,58.277217864990234,95.32949829101562,54.18714141845703,152.97950744628906,145.80833435058594,6.073936462402344,32.000667572021484
2020-04-06,63.36117935180664,99.87950134277344,58.674556732177734,164.26100158691406,156.65176391601562,6.683794021606445,34.41600036621094
2020-04-07,62.62730026245117,100.58000183105469,58.643310546875,167.5154266357422,154.964599609375,6.4504594802856445,36.36333465576172
2020-04-08,64.2302474975586,102.1500015258789,59.85529708862305,172.92298889160156,156.51905822753906,6.6476850509643555,36.589332580566406
2020-04-09,64.69374084472656,102.13800048828125,59.8339729309082,173.82589721679688,156.52854919433594,6.548077583312988,38.20000076293945
2020-04-13,65.96350860595703,108.44349670410156,60.02439880371094,173.4290008544922,156.87928771972656,6.719902992248535,43.39666748046875
2020-04-14,69.29488372802734,114.16600036621094,62.74292755126953,176.78271484375,164.6421661376953,7.071025848388672,47.32600021362305
2020-04-15,68.66239166259766,115.38400268554688,62.34968566894531,175.59205627441406,162.91709899902344,6.993579387664795,48.65533447265625
2020-04-16,69.20797729492188,120.40950012207031,62.35612869262695,174.87765502929688,167.80799865722656,7.338726997375488,49.680667877197266
2020-04-17,68.26891326904297,118.75,63.42578887939453,177.84439086914062,169.2866973876953,7.279458522796631,50.259334564208984
2020-04-20,66.85188293457031,119.68049621582031,62.54059982299805,176.8521728515625,165.93125915527344,7.148223876953125,49.75733184814453
2020-04-21,64.78546142578125,116.40599822998047,60.11118698120117,169.4700927734375,159.06883239746094,6.711434841156006,45.781333923339844
2020-04-22,66.65151977539062,118.17449951171875,62.404727935791016,180.86070251464844,164.47157287597656,7.125812530517578,48.807334899902344
2020-04-23,66.39320373535156,119.97250366210938,63.03749465942383,183.6885223388672,162.48110961914062,7.072519302368164,47.04199981689453
2020-04-24,68.3099594116211,120.51100158691406,63.30677032470703,188.59005737304688,165.44784545898438,7.2114763259887695,48.34333419799805
2020-04-27,68.35823059082031,118.80000305175781,63.022125244140625,186.0400390625,164.9739532470703,7.3979949951171875,53.25
2020-04-28,67.25018310546875,115.7040023803711,61.124305725097656,181.4857940673828,160.9550323486328,7.255551815032959,51.27466583251953
2020-04-29,69.45903015136719,118.635498046875,66.55889129638672,192.67796325683594,168.17767333984375,7.43235969543457,53.367332458496094
2020-04-30,70.92436981201172,123.69999694824219,66.78303527832031,203.11605834960938,169.86485290527344,7.2784624099731445,52.12533187866211
2020-05-01,69.78251647949219,114.302001953125,65.32608032226562,200.69503784179688,165.46682739257812,7.041890621185303,46.75466537475586
2020-05-04,70.76985168457031,115.79949951171875,65.602783203125,203.66177368164062,169.5142059326172,7.253808498382568,50.74599838256836
2020-05-05,71.83202362060547,115.88999938964844,66.89808654785156,205.45765686035156,171.3340606689453,7.314820766448975,51.2140007019043
2020-05-06,72.57312774658203,117.56300354003906,66.72006225585938,206.84678649902344,173.02122497558594,7.415674209594727,52.172000885009766
2020-05-07,73.32389831542969,118.38050079345703,67.90278625488281,209.6150360107422,174.0259246826172,7.591982841491699,52.00266647338867
2020-05-08,75.06914520263672,118.98049926757812,68.64962005615234,210.6965789794922,175.04957580566406,7.781988620758057,54.62799835205078
2020-05-11,76.2503890991211,120.44999694824219,69.60420989990234,211.5200958251953,177.00218200683594,8.033998489379883,54.08599853515625
2020-05-12,75.37896728515625,117.84750366210938,68.19537353515625,208.46409606933594,172.99278259277344,7.772027015686035,53.96066665649414
2020-05-13,74.46881866455078,118.39600372314453,66.86387634277344,203.50302124023438,170.37669372558594,7.749616622924805,52.73066711425781
2020-05-14,74.92634582519531,119.44249725341797,67.286865234375,205.19972229003906,171.11599731445312,7.999136924743652,53.55533218383789
2020-05-15,74.48334503173828,120.48899841308594,68.09024047851562,209.23802185058594,173.60887145996094,8.457589149475098,53.27799987792969
2020-05-18,76.23823547363281,121.31300354003906,68.69127655029297,211.530029296875,175.26760864257812,8.716075897216797,54.242000579833984
2020-05-19,75.79773712158203,122.46649932861328,68.15669250488281,215.19129943847656,174.0543670654297,8.771110534667969,53.867332458496094
2020-05-20,77.27184295654297,124.89700317382812,69.88045501708984,228.17938232421875,176.46864318847656,8.934967041015625,54.37066650390625
2020-05-21,76.69576263427734,122.33699798583984,69.76094055175781,229.5883026123047,174.34901428222656,8.74097728729248,55.17333221435547
2020-05-22,77.1895523071289,121.84400177001953,70.082763671875,233.08090209960938,174.42503356933594,8.990997314453125,54.45866775512695
2020-05-26,76.66671752929688,121.09300231933594,70.4859390258789,230.39198303222656,172.5811004638672,8.68370246887207,54.591331481933594
2020-05-27,77.00074768066406,120.51950073242188,70.43186950683594,227.3558349609375,172.80921936035156,8.491954803466797,54.68199920654297
2020-05-28,77.03462982177734,120.05500030517578,70.3307113647461,223.70448303222656,172.4195098876953,8.453852653503418,53.72066879272461
2020-05-29,76.9596176147461,122.11849975585938,71.08846282958984,223.3373565673828,174.17794799804688,8.840834617614746,55.66666793823242
2020-06-01,77.90603637695312,123.552001953125,71.15540313720703,230.10426330566406,173.77870178222656,8.771859169006348,59.87333297729492
2020-06-02,78.26667785644531,123.62049865722656,71.52434539794922,230.907958984375,175.75576782226562,8.790782928466797,58.770668029785156
2020-06-03,78.69756317138672,123.91999816894531,71.37259674072266,228.36790466308594,176.1834716796875,8.735248565673828,58.86399841308594
2020-06-04,78.01980590820312,123.02999877929688,70.13532257080078,224.5279998779297,173.86427307128906,8.736246109008789,57.62533187866211
2020-06-05,80.24186706542969,124.1500015258789,71.4107894897461,228.97311401367188,177.93235778808594,8.889217376708984,59.04399871826172
2020-06-08,80.71631622314453,126.2030029296875,71.80850982666016,229.5982208251953,179.03492736816406,8.774614334106445,63.327999114990234
2020-06-09,83.2651596069336,130.04299926757812,72.00883483886719,236.81163024902344,180.4036407470703,9.014782905578613,62.711334228515625
2020-06-10,85.40739440917969,132.37249755859375,72.63467407226562,234.88673400878906,187.0951385498047,9.334424018859863,68.336669921875
2020-06-11,81.30693054199219,127.89800262451172,69.52042388916016,222.68247985839844,177.04847717285156,8.765893936157227,64.85600280761719
2020-06-12,82.00891876220703,127.2509994506836,70.06690979003906,226.80020141601562,178.44566345214844,8.901674270629883,62.35200119018555
2020-06-15,83.02311706542969,128.63400268554688,70.4546890258789,230.6896514892578,179.58624267578125,9.142090797424316,66.05999755859375
2020-06-16,85.2234115600586,130.7635040283203,71.73065948486328,233.8151397705078,183.9870147705078,9.03720474243164,65.47533416748047
2020-06-17,85.10478210449219,132.0489959716797,72.03166198730469,233.69610595703125,184.6238555908203,9.204130172729492,66.11933135986328
2020-06-18,85.13867950439453,132.69900512695312,71.11820220947266,234.10287475585938,186.6009063720703,9.186189651489258,66.9306640625
2020-06-19,84.65216064453125,133.75050354003906,70.64810180664062,236.93067932128906,185.48878479003906,9.229290962219238,66.72666931152344
2020-06-22,86.86699676513672,135.6909942626953,71.93842315673828,237.3573760986328,190.64048767089844,9.49387264251709,66.28800201416016
2020-06-23,88.7211685180664,138.2205047607422,72.59896850585938,240.3538360595703,191.9141845703125,9.417388916015625,66.78533172607422
2020-06-24,87.15503692626953,136.72000122070312,71.04779052734375,232.19784545898438,188.0456085205078,9.203630447387695,64.0566635131836
2020-06-25,88.31205749511719,137.72900390625,71.46436309814453,233.84487915039062,190.42189025878906,9.457250595092773,65.73200225830078
2020-06-26,85.59857177734375,134.64349365234375,67.56855010986328,214.39752197265625,186.61038208007812,9.123406410217285,63.982666015625
2020-06-29,87.57135009765625,134.0189971923828,69.28585815429688,218.92198181152344,188.6159210205078,9.16825008392334,67.29000091552734
2020-06-30,88.30236053466797,137.9409942626953,70.32129669189453,225.30197143554688,193.4348907470703,9.464974403381348,71.98733520507812
2020-07-01,88.13536834716797,143.93499755859375,71.50897216796875,235.70034790039062,194.56602478027344,9.497111320495605,74.64199829101562
2020-07-02,88.13536834716797,144.51499938964844,72.89402770996094,231.60250854492188,196.0487823486328,9.579078674316406,80.57733154296875
2020-07-06,90.49298858642578,152.8520050048828,74.36784362792969,238.40908813476562,200.26898193359375,9.805296897888184,91.43866729736328
2020-07-07,90.21221160888672,150.00599670410156,73.88534545898438,238.98458862304688,197.94024658203125,9.83768367767334,92.65733337402344
2020-07-08,92.3132553100586,154.0554962158203,74.56372833251953,241.6833953857422,202.29356384277344,10.180747032165527,91.05867004394531
2020-07-09,92.71025085449219,159.13150024414062,75.31055450439453,242.59622192382812,203.70974731445312,10.472735404968262,92.9520034790039
2020-07-10,92.8724136352539,160.0,76.31971740722656,243.1618194580078,203.0919647216797,10.443085670471191,102.97666931152344
2020-07-13,92.44397735595703,155.1999969482422,74.99170684814453,237.13905334472656,196.8186798095703,10.017560005187988,99.80400085449219
2020-07-14,93.9737777709961,154.1999969482422,75.41966247558594,237.86337280273438,198.0353240966797,10.341188430786133,101.12000274658203
2020-07-15,94.62006378173828,150.44349670410156,75.2222900390625,238.40908813476562,197.7406463623047,10.1919584274292,103.06732940673828
2020-07-16,93.45578002929688,149.9949951171875,75.12509155273438,239.05401611328125,193.8246612548828,10.099777221679688,100.04266357421875
2020-07-17,93.26696014404297,148.09849548339844,75.22079467773438,240.14547729492188,192.83612060546875,10.16629409790039,100.05599975585938
2020-07-20,95.23247528076172,159.8419952392578,77.5510482788086,243.50906372070312,201.12440490722656,10.474475860595703,109.53333282470703
2020-07-21,93.9181137084961,156.9145050048828,77.15828704833984,239.8676300048828,198.41554260253906,10.29285717010498,104.55733489990234
2020-07-22,94.18193817138672,154.99549865722656,77.60112762451172,238.0022735595703,201.26695251464844,10.402728080749512,106.15533447265625
2020-07-23,89.89513397216797,149.32749938964844,75.2158432006836,230.7888946533203,192.51295471191406,10.094794273376465,100.87133026123047
2020-07-24,89.67243957519531,150.44549560546875,74.79234313964844,228.91360473632812,191.33436584472656,10.159320831298828,94.46666717529297
2020-07-27,91.79769134521484,152.760498046875,75.84463500976562,231.68186950683594,193.75811767578125,10.385536193847656,102.63999938964844
2020-07-28,90.28968048095703,150.01649475097656,74.56620788574219,228.3282012939453,192.01870727539062,10.18024730682373,98.43267059326172
2020-07-29,92.02039337158203,151.67649841308594,75.55107879638672,231.47348022460938,193.95770263671875,10.429381370544434,99.94066619873047
2020-07-30,93.13385009765625,152.593994140625,76.2879867553711,232.67408752441406,193.80560302734375,10.577372550964355,99.16600036621094
2020-07-31,102.8838882446289,158.23399353027344,73.78764343261719,251.69485473632812,194.8606719970703,10.578118324279785,95.38400268554688
2020-08-03,105.476318359375,155.59449768066406,73.5302734375,249.9981231689453,205.81983947753906,10.97225284576416,99.0
2020-08-04,106.18069458007812,156.94149780273438,73.06114959716797,247.8847198486328,202.73077392578125,11.189005851745605,99.13333129882812
2020-08-05,106.56558227539062,160.25149536132812,73.3482894897461,247.18026733398438,202.3981170654297,11.24779987335205,99.00133514404297
2020-08-06,110.2835693359375,161.25,74.63068389892578,263.2144470214844,205.63929748535156,11.296384811401367,99.30533599853516
2020-08-07,107.77621459960938,158.3730010986328,74.30438232421875,266.3498229980469,201.9608612060547,11.160850524902344,96.84733581542969
2020-08-10,109.34271240234375,157.4080047607422,74.22750854492188,260.9521789550781,197.94024658203125,11.126468658447266,94.57133483886719
2020-08-11,106.09087371826172,154.0334930419922,73.42019653320312,254.13568115234375,193.31137084960938,10.812559127807617,91.6259994506836
2020-08-12,109.61672973632812,158.11199951171875,74.7442398071289,257.866455078125,198.83372497558594,11.40077018737793,103.65066528320312
2020-08-13,111.55665588378906,158.05099487304688,75.21087646484375,259.2654113769531,198.3679656982422,11.403511047363281,108.06666564941406
2020-08-14,111.45726013183594,157.4010009765625,74.61481475830078,259.2058410644531,198.55812072753906,11.524091720581055,110.04733276367188
2020-08-17,111.166259765625,159.12049865722656,75.1905517578125,259.1265563964844,199.86978149414062,12.294425964355469,122.3759994506836
2020-08-18,112.09257507324219,165.62449645996094,77.15133666992188,260.2973327636719,201.01988220214844,12.218439102172852,125.80599975585938
2020-08-19,112.23322296142578,163.0240020751953,76.59741973876953,260.54534912109375,199.80027770996094,12.096610069274902,125.23533630371094
2020-08-20,114.72364044189453,164.86849975585938,78.16645050048828,266.9153747558594,204.449951171875,12.099101066589355,133.45533752441406
2020-08-21,120.63561248779297,164.23599243164062,78.13273620605469,264.9309997558594,202.9635467529297,12.639730453491211,136.6653289794922
2020-08-24,122.07845306396484,165.3730010986328,78.60781860351562,269.27685546875,203.60189819335938,12.67635440826416,134.27999877929688
2020-08-25,121.07697296142578,167.32449340820312,79.63432312011719,278.6333923339844,206.2506866455078,12.705999374389648,134.8893280029297
2020-08-26,122.72348022460938,172.09249877929688,81.53263092041016,301.5436096191406,210.7097930908203,12.728919982910156,143.54466247558594
2020-08-27,121.25641632080078,170.0,80.75853729248047,290.9369201660156,215.88340759277344,12.584672927856445,149.25
2020-08-28,121.06001281738281,170.08999633789062,81.29955291748047,291.3734436035156,218.10340881347656,13.102378845214844,147.55999755859375
2020-08-31,125.16541290283203,172.54800415039062,80.80860900878906,290.91705322265625,214.88296508789062,13.32834529876709,166.10667419433594
2020-09-01,130.1510467529297,174.95599365234375,82.07563781738281,293.13958740234375,216.54086303710938,13.777424812316895,158.35000610351562
2020-09-02,127.45454406738281,176.57249450683594,85.16561126708984,300.1446228027344,220.7140655517578,14.301268577575684,149.1233367919922
2020-09-03,117.25041198730469,168.39999389648438,80.80762481689453,288.8532409667969,207.04148864746094,12.974465370178223,135.6666717529297
2020-09-04,117.32801818847656,164.7310028076172,78.41242980957031,280.528564453125,204.13552856445312,12.582701683044434,139.44000244140625
2020-09-08,109.43242645263672,157.49200439453125,75.55553436279297,269.0486755371094,193.09266662597656,11.875438690185547,110.06999969482422
2020-09-09,113.79730987548828,163.4304962158203,76.72735595703125,271.5887756347656,201.3152313232422,12.67491340637207,122.09333038330078
2020-09-10,110.08231353759766,158.7554931640625,75.67703247070312,266.0025329589844,195.6747283935547,12.272934913635254,123.77999877929688
2020-09-11,108.6370620727539,155.81100463867188,75.16675567626953,264.5340270996094,194.39797973632812,12.126151084899902,124.23999786376953
2020-09-14,111.89616394042969,155.14849853515625,74.82308197021484,264.0776062011719,195.71282958984375,12.831666946411133,139.8733367919922
2020-09-15,112.07077026367188,157.80650329589844,76.1268081665039,270.2988586425781,198.9237060546875,12.950042724609375,149.9199981689453
2020-09-16,108.76311492919922,153.90499877929688,74.98475646972656,261.4681091308594,195.36984252929688,12.475045204162598,147.25332641601562
2020-09-17,107.02689361572266,150.43649291992188,73.74251556396484,252.83587646484375,193.33082580566406,12.424206733703613,141.14332580566406
2020-09-18,103.63198852539062,147.74549865722656,71.95974731445312,250.563720703125,190.92982482910156,12.1508207321167,147.38333129882812
2020-09-21,106.77468872070312,148.02349853515625,70.92083740234375,246.2178192138672,192.97830200195312,12.477787971496582,149.79666137695312
2020-09-22,108.4527587890625,156.44949340820312,72.39266967773438,252.76641845703125,197.62794494628906,12.597907066345215,141.41000366210938
2020-09-23,103.90359497070312,149.9929962158203,69.891845703125,247.08103942871094,191.120361328125,12.085524559020996,126.78666687011719
2020-09-24,104.97053527832031,150.989501953125,70.55982208251953,247.58706665039062,193.59767150878906,12.309067726135254,129.26333618164062
2020-09-25,108.90866088867188,154.75650024414062,71.36318969726562,252.83587646484375,198.009033203125,12.833162307739258,135.77999877929688
2020-09-28,111.5081558227539,158.70249938964844,72.33515167236328,254.82029724121094,199.55262756347656,12.993903160095215,140.39999389648438
2020-09-29,110.66429138183594,157.24400329589844,72.70013427734375,259.7515869140625,197.4755096435547,13.184052467346191,139.69000244140625
2020-09-30,112.33264923095703,157.43649291992188,72.67930603027344,259.86077880859375,200.40057373046875,13.487842559814453,143.00332641601562
2020-10-01,113.28321838378906,161.06300354003906,73.78515625,264.553955078125,202.43003845214844,13.571577072143555,149.3866729736328
2020-10-02,109.62641906738281,156.25,72.18341064453125,257.9160461425781,196.45599365234375,13.021069526672363,138.3633270263672
2020-10-05,113.00194549560547,159.9600067138672,73.53374481201172,262.5893249511719,200.44822692871094,13.599488258361816,141.89332580566406
2020-10-06,109.76219940185547,154.9980010986328,71.9562759399414,256.64593505859375,196.189208984375,13.693192481994629,137.9933319091797
2020-10-07,111.62457275390625,159.7845001220703,72.35895538330078,256.11016845703125,199.9241943359375,13.919975280761719,141.76666259765625
2020-10-08,111.51786041259766,159.52749633789062,73.5634994506836,261.7062683105469,200.63876342773438,13.795119285583496,141.97332763671875
2020-10-09,113.45783233642578,164.33250427246094,74.9034194946289,262.3908996582031,205.621826171875,13.719358444213867,144.6666717529297
2020-10-12,120.66472625732422,172.14649963378906,77.58824157714844,273.6029052734375,210.94796752929688,14.181150436401367,147.43333435058594
2020-10-13,117.46382141113281,172.18150329589844,77.71121215820312,273.9898376464844,212.3390350341797,14.203329086303711,148.88333129882812
2020-10-14,117.55110931396484,168.1855010986328,77.53121185302734,269.7035217285156,210.43341064453125,14.050810813903809,153.76666259765625
2020-10-15,117.08551788330078,166.9324951171875,77.13597869873047,264.64324951171875,209.29005432128906,13.925954818725586,149.6266632080078
2020-10-16,115.44625854492188,163.635498046875,77.74246978759766,263.8593444824219,209.29005432128906,13.767955780029297,146.55667114257812
2020-10-19,112.49755096435547,160.36050415039062,75.87042999267578,259.3646545410156,204.10690307617188,13.455195426940918,143.61000061035156
2020-10-20,113.98160552978516,160.85049438476562,76.91826629638672,265.4766540527344,204.51661682128906,13.602478981018066,140.64666748046875
2020-10-21,113.36083984375,159.2469940185547,78.64945220947266,276.5597229003906,204.65956115722656,13.482108116149902,140.8800048828125
2020-10-22,112.27444458007812,158.82000732421875,79.67448425292969,275.9544982910156,204.74526977539062,13.318873405456543,141.92999267578125
2020-10-23,111.58577728271484,160.22000122070312,80.97970581054688,282.57257080078125,206.02200317382812,13.547403335571289,140.2100067138672
2020-10-26,111.59547424316406,160.3520050048828,78.5651626586914,274.9523010253906,200.16238403320312,13.09981632232666,140.0933380126953
2020-10-27,113.09892272949219,164.31649780273438,79.28868103027344,281.084228515625,203.1826934814453,13.354512214660645,141.55999755859375
2020-10-28,107.86106872558594,158.13900756835938,74.9207763671875,265.5858459472656,193.11167907714844,12.587188720703125,135.33999633789062
2020-10-29,111.85736083984375,160.55050659179688,77.20589447021484,278.6433410644531,195.05538940429688,12.982940673828125,136.94332885742188
2020-10-30,105.59131622314453,151.8074951171875,80.14311218261719,261.0613098144531,192.91163635253906,12.494484901428223,129.34666442871094
2020-11-02,105.5040283203125,150.2239990234375,80.55026245117188,259.324951171875,192.77825927734375,12.541086196899414,133.50332641601562
2020-11-03,107.12386322021484,152.42050170898438,81.60850524902344,263.2342529296875,196.6846466064453,12.9784517288208,141.3000030517578
2020-11-04,111.49845886230469,162.05799865722656,86.57695770263672,285.1423645019531,206.1744842529297,13.750758171081543,140.32666015625
2020-11-05,115.45597076416016,166.10000610351562,87.4026107788086,292.385498046875,212.7487335205078,14.115358352661133,146.02999877929688
2020-11-06,115.32479858398438,165.56849670410156,87.26525115966797,291.1253356933594,213.15843200683594,14.516091346740723,143.31666564941406
2020-11-09,113.0219955444336,157.18699645996094,87.34906005859375,276.5993957519531,208.08009338378906,13.587775230407715,140.4199981689453
2020-11-10,112.68191528320312,151.75100708007812,86.17376708984375,270.3087158203125,201.04843139648438,12.729741096496582,136.7866668701172
2020-11-11,116.10210418701172,156.8695068359375,86.6453857421875,274.3272399902344,206.326904296875,13.375697135925293,139.0433349609375
2020-11-12,115.83003234863281,155.51400756835938,86.42668151855469,272.9381408691406,205.269287109375,13.414321899414062,137.25332641601562
2020-11-13,115.87863159179688,156.4405059814453,87.88662719726562,274.79364013671875,206.28878784179688,13.255075454711914,136.1666717529297
2020-11-16,116.88915252685547,156.55299377441406,87.9743881225586,276.7878723144531,206.97482299804688,13.472639083862305,136.02999877929688
2020-11-17,116.00493621826172,156.7830047607422,87.3609619140625,272.8587646484375,204.33558654785156,13.379932403564453,147.20333862304688
2020-11-18,114.68351745605469,155.2729949951172,86.31856536865234,269.85235595703125,201.64170837402344,13.386414527893066,162.2133331298828
2020-11-19,115.27621459960938,155.8509979248047,87.20772552490234,270.8147888183594,202.9217529296875,13.397876739501953,166.42333984375
2020-11-20,114.0130615234375,154.97000122070312,86.1073226928711,267.6000061035156,200.9824981689453,13.046485900878906,163.20333862304688
2020-11-23,110.62202453613281,154.91949462890625,85.66993713378906,266.33990478515625,200.7150421142578,13.09857177734375,173.9499969482422
2020-11-24,111.90460968017578,155.9029998779297,87.4720458984375,274.76385498046875,204.29737854003906,12.916900634765625,185.1266632080078
2020-11-25,112.74021911621094,159.2534942626953,87.48345184326172,273.44415283203125,204.3069305419922,13.193024635314941,191.3333282470703
2020-11-27,113.2843246459961,159.76699829101562,88.61856842041016,275.6468811035156,205.60609436035156,13.219440460205078,195.25332641601562
2020-11-30,115.6745834350586,158.40199279785156,87.00093841552734,274.8133544921875,204.4980010986328,13.359247207641602,189.1999969482422
2020-12-01,119.24053192138672,161.00399780273438,89.03215789794922,284.31878662109375,206.5423126220703,13.347783088684082,194.9199981689453
2020-12-02,119.59033966064453,160.17649841308594,90.50051879882812,285.28125,205.73983764648438,13.501795768737793,189.60667419433594
2020-12-03,119.45429992675781,159.3365020751953,90.34529113769531,279.6554260253906,204.660400390625,13.357709884643555,197.7933349609375
2020-12-04,118.78384399414062,158.12899780273438,90.44052124023438,277.52215576171875,204.77500915527344,13.51949691772461,199.67999267578125
2020-12-07,120.2413330078125,157.89999389648438,90.10675811767578,283.3563537597656,204.70811462402344,13.567858695983887,213.9199981689453
2020-12-08,120.85346221923828,158.864501953125,89.82410430908203,281.193359375,206.35125732421875,13.31184196472168,216.6266632080078
2020-12-09,118.3271713256836,155.2100067138672,88.16431427001953,275.75604248046875,202.32949829101562,12.893789291381836,201.4933319091797
2020-12-10,119.74578094482422,155.07449340820312,87.65801239013672,274.9622497558594,201.10675048828125,12.93517017364502,209.02333068847656
2020-12-11,118.93931579589844,155.8209991455078,88.0125732421875,271.4200439453125,203.72421264648438,12.976054191589355,203.3300018310547
2020-12-14,118.3271713256836,157.84849548339844,86.89480590820312,272.0550231933594,204.62220764160156,13.270710945129395,213.27667236328125
2020-12-15,124.25424194335938,158.25599670410156,87.33221435546875,273.4044189453125,204.5552978515625,13.322311401367188,211.0833282470703
2020-12-16,124.18620300292969,162.04800415039062,87.1392822265625,273.5235595703125,209.4750213623047,13.204651832580566,207.58999633789062
2020-12-17,125.05097961425781,161.8040008544922,86.31211853027344,272.34283447265625,209.60874938964844,13.303116798400879,218.63333129882812
2020-12-18,123.0688247680664,160.08250427246094,85.6034927368164,274.24786376953125,208.81588745117188,13.234064102172852,231.6666717529297
2020-12-21,124.59430694580078,160.3090057373047,86.0170669555664,270.66595458984375,212.6370086669922,13.29414176940918,216.6199951171875
2020-12-22,128.1408233642578,160.3260040283203,85.30595397949219,265.0103454589844,213.9266357421875,13.240299224853516,213.44667053222656
2020-12-23,127.24691772460938,159.2635040283203,85.70317077636719,266.02239990234375,211.13723754882812,12.972064971923828,215.32666015625
2020-12-24,128.22825622558594,158.63450622558594,85.99723052978516,265.3179016113281,212.7898406982422,12.956609725952148,220.58999633789062
2020-12-28,132.81443786621094,164.197998046875,87.97091674804688,274.8431701660156,214.90106201171875,12.863129615783691,221.22999572753906
2020-12-29,131.0460205078125,166.10000610351562,87.16756439208984,274.6248779296875,214.1272735595703,12.906255722045898,221.99667358398438
2020-12-30,129.92864990234375,164.29249572753906,86.10087585449219,269.7530822753906,211.76771545410156,13.108175277709961,231.5933380126953
2020-12-31,128.92787170410156,162.84649658203125,86.91365814208984,271.0330505371094,212.47463989257812,13.017684936523438,235.22332763671875
2021-01-04,125.7408676147461,159.3314971923828,85.5990219116211,266.8459167480469,207.9561004638672,13.07601547241211,243.2566680908203
2021-01-05,127.29549407958984,160.92550659179688,86.2893295288086,268.8601379394531,208.15670776367188,13.366436004638672,245.0366668701172
2021-01-06,123.0105209350586,156.91900634765625,85.43785858154297,261.259765625,202.7593536376953,12.578445434570312,251.9933319091797
2021-01-07,127.20806121826172,158.10800170898438,87.98976135253906,266.6474914550781,208.52928161621094,13.305859565734863,272.0133361816406
2021-01-08,128.30596923828125,159.13499450683594,89.15463256835938,265.4866027832031,209.79981994628906,13.238801002502441,293.3399963378906
2021-01-11,125.32303619384766,155.7104949951172,87.09467315673828,254.840087890625,207.7650909423828,13.582568168640137,270.39666748046875
2021-01-12,125.14815521240234,156.04150390625,86.15938568115234,249.13491821289062,205.3195037841797,13.446206092834473,283.14666748046875
2021-01-13,127.17886352539062,158.29449462890625,86.64637756347656,249.6806182861328,206.66648864746094,13.493071556091309,284.8033447265625
2021-01-14,125.2550277709961,156.37350463867188,85.83655548095703,243.72735595703125,203.4949493408203,13.162520408630371,281.6666564941406
2021-01-15,123.53521728515625,155.21249389648438,85.67291259765625,249.40280151367188,203.14144897460938,12.822742462158203,275.38665771484375
2021-01-19,124.20565032958984,156.03799438476562,88.49211883544922,259.0670166015625,206.76205444335938,12.988022804260254,281.51666259765625
2021-01-20,128.2865753173828,163.16900634765625,93.23294067382812,265.3973083496094,214.3087615966797,13.32754898071289,283.48333740234375
2021-01-21,132.98936462402344,165.34950256347656,93.43524932861328,270.74530029296875,214.91064453125,13.827864646911621,281.663330078125
2021-01-22,135.12693786621094,164.6114959716797,93.85232543945312,272.3626403808594,215.84681701660156,13.673307418823242,282.21331787109375
2021-01-25,138.86781311035156,164.6999969482422,93.93760681152344,275.8453369140625,219.26670837402344,13.614224433898926,293.6000061035156
2021-01-26,139.10098266601562,166.30650329589844,94.61550903320312,279.8538513183594,221.9415283203125,13.396848678588867,294.36334228515625
2021-01-27,138.0321807861328,161.62899780273438,90.20148468017578,270.0210876464844,222.4860076904297,12.880826950073242,288.0533447265625
2021-01-28,133.2030792236328,161.88099670410156,91.90045166015625,262.9366455078125,228.24636840820312,13.01369571685791,278.4766540527344
2021-01-29,128.21853637695312,160.30999755859375,90.61903381347656,256.31854248046875,221.5880584716797,12.952621459960938,264.510009765625
2021-02-01,130.3367462158203,167.1439971923828,93.87760925292969,259.9698791503906,228.93418884277344,13.199167251586914,279.9366760253906
2021-02-02,131.16265869140625,169.0,95.16942596435547,265.0003967285156,228.8004608154297,13.518001556396484,290.92999267578125
2021-02-03,130.1423797607422,165.62649536132812,102.10015869140625,264.5736999511719,232.1343994140625,13.491826057434082,284.89666748046875
2021-02-04,133.49461364746094,166.5500030517578,101.83980560302734,264.4150085449219,231.18862915039062,13.625192642211914,283.3299865722656
2021-02-05,133.0810089111328,167.6074981689453,103.58536529541016,266.0124816894531,231.37017822265625,13.552154541015625,284.07666015625
2021-02-08,133.2269744873047,166.14700317382812,103.37162780761719,264.5042724609375,231.62808227539062,14.397480964660645,287.8066711425781
2021-02-09,132.35118103027344,165.25,102.91887664794922,267.3520202636719,232.86997985839844,14.22248363494873,283.1533203125
2021-02-10,131.74789428710938,164.32899475097656,103.46883392333984,269.7530822753906,231.96246337890625,14.722050666809082,268.2733459472656
2021-02-11,131.494873046875,163.10650634765625,103.58140563964844,268.28466796875,233.55780029296875,15.207157135009766,270.5533447265625
2021-02-12,131.7283935546875,163.885498046875,103.892822265625,268.393798828125,234.03543090820312,14.918486595153809,272.0400085449219
2021-02-16,129.60707092285156,163.44749450683594,104.66990661621094,271.8367614746094,232.80311584472656,15.286432266235352,265.40667724609375
2021-02-17,127.32029724121094,165.4320068359375,105.06266021728516,271.43988037109375,233.8180389404297,14.863394737243652,266.04998779296875
2021-02-18,126.2206802368164,166.4114990234375,104.42740631103516,267.29248046875,233.42544555664062,14.786615371704102,262.4599914550781
2021-02-19,126.37638854980469,162.4949951171875,103.5843734741211,259.52337646484375,230.72532653808594,14.883834838867188,260.4333190917969
2021-02-22,122.61048889160156,159.03700256347656,101.87104034423828,258.3029479980469,224.54002380371094,14.314717292785645,238.1666717529297
2021-02-23,122.47423553466797,159.72500610351562,102.16162872314453,263.7898864746094,223.35267639160156,14.101579666137695,232.94667053222656
2021-02-24,121.97795867919922,157.97650146484375,103.33642578125,262.2519836425781,224.57830810546875,14.457555770874023,247.33999633789062
2021-02-25,117.73524475097656,152.85800170898438,99.97123718261719,252.70687866210938,219.2547149658203,13.269462585449219,227.4066619873047
2021-02-26,117.99800109863281,154.64649963378906,100.26679229736328,255.61410522460938,222.50050354003906,13.675301551818848,225.1666717529297
2021-03-01,124.35233306884766,157.3070068359375,102.63471984863281,262.8472900390625,226.86669921875,13.802186965942383,239.47666931152344
2021-03-02,121.754150390625,154.72650146484375,102.37784576416016,256.98333740234375,223.92721557617188,13.36793041229248,228.81333923339844
2021-03-03,118.77648162841797,150.25,99.74610137939453,253.42127990722656,217.88546752929688,12.76815128326416,217.73333740234375
2021-03-04,116.89837646484375,148.8784942626953,100.86286926269531,255.63392639160156,217.0907440185547,12.334893226623535,207.14666748046875
2021-03-05,118.15367889404297,150.0229949951172,103.99398803710938,262.22222900390625,221.7537078857422,12.425881385803223,199.31666564941406
2021-03-08,113.22980499267578,147.59750366210938,99.55220031738281,253.3220672607422,217.72267150878906,11.560111999511719,187.6666717529297
2021-03-09,117.83255767822266,153.1425018310547,101.18173217773438,263.67083740234375,223.84103393554688,12.488774299621582,224.52667236328125
2021-03-10,116.7524185180664,152.8820037841797,100.97496032714844,262.83740234375,222.5388641357422,12.436904907226562,222.68666076660156
2021-03-11,118.67916107177734,155.67950439453125,104.16606903076172,271.7474670410156,227.04864501953125,12.960833549499512,233.1999969482422
2021-03-12,117.77416229248047,154.47450256347656,101.6597900390625,266.3100891113281,225.72727966308594,12.82367992401123,231.2433319091797
2021-03-15,120.65454864501953,154.08399963378906,101.87997436523438,271.6184997558594,224.82723999023438,13.158084869384766,235.97999572753906
2021-03-16,122.19202423095703,154.59300231933594,103.34039306640625,277.1053771972656,227.60394287109375,13.25783634185791,225.6266632080078
2021-03-17,121.40385437011719,156.7864990234375,103.25757598876953,281.798583984375,226.96241760253906,13.307711601257324,233.93666076660156
2021-03-18,117.2876205444336,151.39950561523438,100.23853302001953,276.4505920410156,220.91111755371094,12.690516471862793,217.72000122070312
2021-03-19,116.76216888427734,153.7480010986328,100.51721954345703,287.8511047363281,220.5568389892578,12.813456535339355,218.2899932861328
2021-03-22,120.07068634033203,155.5435028076172,100.70220184326172,291.25439453125,225.9570770263672,13.153098106384277,223.3333282470703
2021-03-23,119.2435531616211,156.875,101.22982788085938,288.3670654296875,227.47946166992188,13.037890434265137,220.72000122070312
2021-03-24,116.85946655273438,154.35350036621094,100.7934341430664,279.9431457519531,225.44960021972656,12.611212730407715,210.08999633789062
2021-03-25,117.34600067138672,152.31300354003906,100.78997802734375,276.56964111328125,222.4622344970703,12.503734588623047,213.4633331298828
2021-03-26,117.94934844970703,152.60150146484375,100.40665435791016,280.8163146972656,226.4262237548828,12.80696964263916,206.23666381835938
2021-03-29,118.12449645996094,153.7864990234375,101.45101165771484,288.5555725097656,225.23899841308594,12.915698051452637,203.76333618164062
2021-03-30,116.67459869384766,152.76449584960938,101.4847183227539,285.7575378417969,221.99310302734375,12.839387893676758,211.8733367919922
2021-03-31,118.86405181884766,154.70399475097656,102.28065490722656,292.2366943359375,225.7464141845703,13.314689636230469,222.64332580566406
2021-04-01,119.69115447998047,158.0500030517578,105.6160659790039,296.33453369140625,232.04666137695312,13.777029037475586,220.5833282470703
2021-04-05,122.51317596435547,161.3365020751953,110.03852081298828,306.5047607421875,238.4810028076172,13.952335357666016,230.35000610351562
2021-04-06,122.81482696533203,161.1909942626953,109.55750274658203,303.8753967285156,237.32240295410156,13.826650619506836,230.5399932861328
2021-04-07,124.45936584472656,163.96949768066406,111.03380584716797,310.65216064453125,239.27566528320312,14.107940673828125,223.6566619873047
2021-04-08,126.85319519042969,164.96499633789062,111.59912872314453,310.58270263671875,242.4832763671875,14.281005859375,227.93333435058594
2021-04-09,129.42214965820312,168.61000061035156,112.60283660888672,310.02703857421875,244.97276306152344,14.36379623413086,225.67333984375
2021-04-12,127.70954132080078,168.96949768066406,111.31101989746094,309.1142578125,245.0301971435547,15.170764923095703,233.9933319091797
2021-04-13,130.81370544433594,170.0,111.79749298095703,307.3481140136719,247.50047302246094,15.640080451965332,254.10667419433594
2021-04-14,128.47825622558594,166.64999389648438,111.17662811279297,300.462158203125,244.72373962402344,15.238592147827148,244.07666015625
2021-04-15,130.8818359375,168.95449829101562,113.32586669921875,305.42315673828125,248.46755981445312,16.096681594848633,246.28334045410156
2021-04-16,130.5509796142578,169.9720001220703,113.20188903808594,303.79595947265625,249.6548614501953,15.8724946975708,246.5933380126953
2021-04-19,131.21266174316406,168.60049438476562,113.54952239990234,299.8866271972656,247.73988342285156,15.323125839233398,238.2100067138672
2021-04-20,129.5292205810547,166.7344970703125,113.01642608642578,300.29345703125,247.28028869628906,15.133108139038086,239.663330078125
2021-04-21,129.90870666503906,168.1009979248047,112.98368072509766,299.1225891113281,249.50164794921875,15.32188606262207,248.0399932861328
2021-04-22,128.3907012939453,165.45199584960938,111.70277404785156,294.2111511230469,246.2366180419922,14.812917709350586,239.89666748046875
2021-04-23,130.7066650390625,167.04400634765625,114.0538330078125,298.7853088378906,250.0474395751953,15.226871490478516,243.13333129882812
2021-04-26,131.09588623046875,170.4499969482422,114.54974365234375,300.6803894042969,250.4303741455078,15.439085960388184,246.06666564941406
2021-04-27,130.77476501464844,170.8715057373047,113.61001586914062,301.206298828125,250.8325653076172,15.343079566955566,234.913330078125
2021-04-28,129.986572265625,172.9250030517578,116.98513793945312,304.7088317871094,243.73756408691406,15.23834228515625,231.46665954589844
2021-04-29,129.88926696777344,173.5655059814453,118.65729522705078,326.9443359375,241.7747039794922,15.286223411560059,225.6666717529297
2021-04-30,127.92361450195312,173.37100219726562,116.71038055419922,322.5487976074219,241.4587860107422,14.97176456451416,236.47999572753906
2021-05-03,128.97454833984375,169.32449340820312,116.19366455078125,320.06829833984375,241.15237426757812,14.799449920654297,228.3000030517578
2021-05-04,124.41069793701172,165.593505859375,114.39603424072266,315.88116455078125,237.25540161132812,14.315169334411621,224.53334045410156
2021-05-05,124.65399932861328,163.52699279785156,114.78975677490234,312.5671081542969,235.99156188964844,14.422151565551758,223.64666748046875
2021-05-06,126.24983215332031,165.31849670410156,115.90950775146484,317.5281982421875,239.1129150390625,14.486489295959473,221.17999267578125
2021-05-07,126.92245483398438,164.58050537109375,116.63253784179688,316.5955505371094,241.72686767578125,14.775009155273438,224.1233367919922
2021-05-10,123.64727783203125,159.52450561523438,113.64820098876953,303.5876159667969,236.6713409423828,14.229884147644043,209.67999267578125
2021-05-11,122.73101043701172,161.19549560546875,112.57258605957031,304.1432800292969,235.76174926757812,14.270280838012695,205.73333740234375
2021-05-12,119.67030334472656,157.5970001220703,109.11070251464844,300.1941833496094,228.839111328125,13.723909378051758,196.6300048828125
2021-05-13,121.81475067138672,158.07350158691406,110.53839874267578,302.88311767578125,232.69773864746094,13.63089370727539,190.56333923339844
2021-05-14,124.23213195800781,161.14500427246094,112.98516845703125,313.47998046875,237.60008239746094,14.20719051361084,196.5800018310547
2021-05-17,123.08192443847656,163.51950073242188,113.50786590576172,313.0036926269531,234.75634765625,14.12988567352295,192.27667236328125
2021-05-18,121.69776916503906,161.61399841308594,112.19619750976562,307.5464782714844,232.7456512451172,13.980513572692871,192.6233367919922
2021-05-19,121.54181671142578,161.58999633789062,112.64401245117188,311.14825439453125,233.3214874267578,14.030387878417969,187.82000732421875
2021-05-20,124.09566497802734,162.38400268554688,114.40198516845703,316.1291809082031,236.5460662841797,14.575764656066895,195.5933380126953
2021-05-21,122.26312255859375,160.1540069580078,113.76622772216797,313.76776123046875,235.288818359375,14.954056739807129,193.6266632080078
2021-05-24,123.89097595214844,162.24949645996094,117.08430480957031,322.1023254394531,240.67276000976562,15.572751998901367,202.14666748046875
2021-05-25,123.69600677490234,162.95249938964844,117.175048828125,325.23773193359375,241.57484436035156,15.608410835266113,201.56333923339844
2021-05-26,123.64727783203125,163.25799560546875,118.03990173339844,325.1087341308594,241.3541259765625,15.660528182983398,206.3766632080078
2021-05-27,122.11693572998047,161.5054931640625,117.16563415527344,330.15911865234375,239.26199340820312,15.449063301086426,210.28334045410156
2021-05-28,121.46385192871094,161.15350341796875,116.87651824951172,326.1703186035156,239.61703491210938,16.203662872314453,208.4066619873047
2021-06-01,121.14214324951172,160.9324951171875,118.0830307006836,326.5672912597656,237.42898559570312,16.223608016967773,207.96665954589844
2021-06-02,121.90247344970703,161.69949340820312,117.55789184570312,326.58709716796875,237.3330078125,16.736066818237305,201.7066650390625
2021-06-03,120.42084503173828,159.35049438476562,116.41680908203125,323.5013732910156,235.80709838867188,16.92708396911621,190.94667053222656
2021-06-04,122.7115249633789,160.31100463867188,118.69745635986328,327.7778015136719,240.68231201171875,17.5340576171875,199.68333435058594
2021-06-07,122.72126770019531,159.90049743652344,119.13037872314453,333.959228515625,243.58062744140625,17.574705123901367,201.7100067138672
2021-06-08,123.5400619506836,163.20550537109375,118.93897247314453,331.08184814453125,242.39064025878906,17.41311264038086,201.19667053222656
2021-06-09,123.92020416259766,164.0574951171875,119.41007995605469,327.67852783203125,243.36949157714844,17.31857681274414,199.5933380126953
2021-06-10,122.92595672607422,167.4824981689453,120.75843048095703,329.8713073730469,246.87237548828125,17.385173797607422,203.3733367919922
2021-06-11,124.1346435546875,167.3415069580078,120.51395416259766,328.68072509765625,247.49624633789062,17.784509658813477,203.29666137695312
2021-06-14,127.18563079833984,169.19349670410156,121.4417953491211,334.14776611328125,249.41561889648438,17.977567672729492,205.89666748046875
2021-06-15,126.3668212890625,169.156494140625,120.42420196533203,334.1279602050781,247.9472198486328,17.747844696044922,199.7866668701172
2021-06-16,126.86397552490234,170.7624969482422,119.7824935913086,328.5020446777344,247.0067596435547,17.76954460144043,201.6233367919922
2021-06-17,128.46253967285156,174.46200561523438,120.74554443359375,333.8898010253906,250.3848419189453,18.614604949951172,205.53334045410156
2021-06-18,127.1661148071289,174.34500122070312,119.12642669677734,327.0931396484375,248.97412109375,18.59615135192871,207.77000427246094
2021-06-21,128.95970153808594,172.697998046875,120.81398010253906,329.7026672363281,252.04518127441406,18.385135650634766,206.94332885742188
2021-06-22,130.59727478027344,175.27200317382812,121.32772064208984,336.3902282714844,254.80914306640625,18.843584060668945,207.90333557128906
2021-06-23,130.3242950439453,175.1909942626953,121.12589263916016,337.93804931640625,254.57875061035156,19.01369285583496,218.85667419433594
2021-06-24,130.0416259765625,172.45399475097656,121.49583435058594,340.5078430175781,255.9414825439453,19.16160774230957,226.60667419433594
2021-06-25,129.74923706054688,170.072998046875,121.50426483154297,338.7119445800781,254.33876037597656,18.987504959106445,223.9566650390625
2021-06-28,131.37704467773438,172.1945037841797,121.53154754638672,352.870849609375,257.88970947265625,19.939321517944336,229.57333374023438
2021-06-29,132.887939453125,172.40699768066406,121.27021026611328,349.15008544921875,260.461669921875,19.980979919433594,226.9199981689453
2021-06-30,133.5020294189453,172.00799560546875,121.08869934082031,345.00262451171875,259.9818115234375,19.956785202026367,226.56666564941406
2021-07-01,133.80416870117188,171.64849853515625,121.4407958984375,351.63055419921875,260.6535949707031,20.165803909301758,225.97332763671875
2021-07-02,136.4263153076172,175.5489959716797,124.23072814941406,351.93817138671875,266.45977783203125,20.44017219543457,226.3000030517578
2021-07-06,138.4342803955078,183.78700256347656,125.15559387207031,350.0330810546875,266.4693603515625,20.65119171142578,219.86000061035156
2021-07-07,140.91989135742188,184.82899475097656,125.43726348876953,347.760986328125,268.6478576660156,20.325191497802734,214.88333129882812
2021-07-08,139.6234588623047,186.57049560546875,124.01898193359375,342.9586486816406,266.2391052246094,19.85725975036621,217.60333251953125
2021-07-09,141.4462432861328,185.9669952392578,124.48959350585938,347.6914978027344,266.7380676269531,20.004425048828125,218.98333740234375
2021-07-12,140.85166931152344,185.92750549316406,125.93465423583984,350.41015625,266.1431579589844,20.46562385559082,228.56666564941406
2021-07-13,141.9628448486328,183.8679962158203,126.29764556884766,349.34844970703125,269.6554870605469,20.203718185424805,222.84666442871094
2021-07-14,145.3842010498047,184.08399963378906,127.18579864501953,344.9232482910156,271.1239013671875,19.79615592956543,217.7933349609375
2021-07-15,144.73118591308594,181.55999755859375,125.96390533447266,341.7778625488281,269.70355224609375,18.922903060913086,216.86666870117188
2021-07-16,142.69393920898438,178.68150329589844,125.92919921875,338.50360107421875,269.4348449707031,18.119489669799805,214.74000549316406
2021-07-19,138.85340881347656,177.47950744628906,123.55680847167969,334.3263854980469,265.8456115722656,18.736827850341797,215.4066619873047
2021-07-20,142.45997619628906,178.6595001220703,125.17493438720703,338.999755859375,268.0624694824219,18.569459915161133,220.1666717529297
2021-07-21,141.72894287109375,179.25999450683594,126.50346374511719,343.53411865234375,270.0586242675781,19.36564064025879,218.42999267578125
2021-07-22,143.09356689453125,181.90150451660156,127.36878204345703,348.4554748535156,274.607666015625,19.549219131469727,216.4199981689453
2021-07-23,144.80917358398438,182.83200073242188,131.92465209960938,366.91070556640625,277.995361328125,19.5132999420166,214.4600067138672
2021-07-26,145.22828674316406,184.99099731445312,132.93629455566406,369.5598449707031,277.4002990722656,19.249906539916992,219.2066650390625
2021-07-27,143.06434631347656,181.3195037841797,130.8187713623047,364.9460754394531,274.99151611328125,19.16410255432129,214.92666625976562
2021-07-28,141.31951904296875,181.51600646972656,134.97840881347656,370.37347412109375,274.6843566894531,19.45842170715332,215.66000366210938
2021-07-29,141.9628448486328,179.99600219726562,134.66448974609375,355.5299987792969,274.953125,19.617067337036133,225.78334045410156
2021-07-30,142.17727661132812,166.37950134277344,133.62210083007812,353.52569580078125,273.42724609375,19.45443344116211,229.06666564941406
2021-08-02,141.8459014892578,166.57400512695312,133.74908447265625,349.20953369140625,273.34075927734375,19.70486068725586,236.55667114257812
2021-08-03,143.63943481445312,168.31199645996094,134.51820373535156,348.5050964355469,275.54803466796875,19.76971435546875,236.5800018310547
2021-08-04,143.23980712890625,167.73599243164062,134.01785278320312,356.1253356933594,274.96270751953125,20.227659225463867,236.97332763671875
2021-08-05,143.34703063964844,168.79949951171875,135.13461303710938,360.143798828125,277.85125732421875,20.589834213256836,238.2100067138672
2021-08-06,142.6636962890625,167.2469940185547,134.62579345703125,360.6795349121094,277.7938232421875,20.3194522857666,233.03334045410156
2021-08-09,142.6148223876953,167.093505859375,135.7906951904297,358.79437255859375,276.7093811035156,20.248615264892578,237.9199981689453
2021-08-10,142.1365203857422,166.03399658203125,135.68557739257812,358.318115234375,274.8954772949219,19.89043617248535,236.663330078125
2021-08-11,142.39035034179688,164.60549926757812,135.16189575195312,357.1572265625,275.3849792480469,19.653982162475586,235.94000244140625
2021-08-12,145.3482666015625,165.1750030517578,136.0693817138672,359.82623291015625,278.12969970703125,19.8595027923584,240.75
2021-08-13,145.5532684326172,164.69850158691406,136.59849548339844,360.35211181640625,281.04718017578125,20.141860961914062,239.05667114257812
2021-08-16,147.5252227783203,164.94949340820312,137.1757354736328,363.705810546875,282.7265930175781,19.90440559387207,228.72332763671875
2021-08-17,146.61732482910156,162.09800720214844,135.541259765625,355.6589660644531,281.2679138183594,19.413524627685547,221.90333557128906
2021-08-18,142.87844848632812,160.06100463867188,134.33871459960938,352.6823425292969,279.5467224121094,18.996492385864258,229.663330078125
2021-08-19,143.21035766601562,159.3874969482422,134.56781005859375,352.35491943359375,285.3544006347656,19.75275230407715,224.49000549316406
2021-08-20,144.66490173339844,159.99749755859375,136.30296325683594,356.57177734375,292.6524353027344,20.76842498779297,226.75332641601562
2021-08-23,146.1487579345703,163.2935028076172,138.89356994628906,360.5208435058594,292.93133544921875,21.90781593322754,235.43333435058594
2021-08-24,146.06089782714844,165.28900146484375,140.1035614013672,362.66400146484375,290.9794006347656,21.74319076538086,236.163330078125
2021-08-25,144.8308563232422,164.95899963378906,140.91433715820312,365.5216064453125,290.39288330078125,22.1622314453125,237.06666564941406
2021-08-26,144.03036499023438,165.8000030517578,140.2810821533203,361.54278564453125,287.5852355957031,22.01756477355957,233.72000122070312
2021-08-27,145.0651092529297,167.48150634765625,142.8235626220703,369.7285461425781,288.1910095214844,22.584266662597656,237.30667114257812
2021-08-30,149.47764587402344,171.07850646972656,143.40525817871094,377.6960754394531,291.9120178222656,22.63614845275879,243.6366729736328
2021-08-31,148.21829223632812,173.5395050048828,143.5113983154297,376.426025390625,290.2679138183594,22.337778091430664,245.24000549316406
2021-09-01,148.88214111328125,173.9499969482422,144.025146484375,379.0751953125,290.21978759765625,22.393657684326172,244.69667053222656
2021-09-02,149.9950408935547,173.156005859375,142.11245727539062,372.35791015625,289.5659484863281,22.348752975463867,244.1300048828125
2021-09-03,150.6295623779297,173.90249633789062,142.5612335205078,373.3302917480469,289.55633544921875,22.794809341430664,244.52333068847656
2021-09-07,152.9627227783203,175.46449279785156,143.09779357910156,379.2042236328125,288.6332702636719,22.61419677734375,250.97332763671875
2021-09-08,151.4203338623047,176.27499389648438,142.5131072998047,374.6300964355469,288.66217041015625,22.291873931884766,251.2899932861328
2021-09-09,150.40504455566406,174.20799255371094,142.3643798828125,375.0567626953125,285.8160095214844,22.13021469116211,251.6199951171875
2021-09-10,145.4263458251953,173.45750427246094,139.72122192382812,375.7413635253906,284.3351745605469,22.430578231811523,245.42333984375
2021-09-13,145.99256896972656,172.85850524902344,141.165771484375,373.5783386230469,285.56597900390625,22.105270385742188,247.6666717529297
2021-09-14,144.5965576171875,172.5,141.37600708007812,373.59820556640625,288.2582702636719,22.195077896118164,248.163330078125
2021-09-15,145.48492431640625,173.7895050048828,143.24559020996094,371.0085754394531,293.0947570800781,22.293872833251953,251.94332885742188
2021-09-16,145.25062561035156,174.41200256347656,142.4327850341797,370.1552734375,293.4793701171875,22.195077896118164,252.3300018310547
2021-09-17,142.5856170654297,173.12600708007812,139.6458282470703,361.88018798828125,288.3351745605469,21.853797912597656,253.163330078125
2021-09-20,139.53977966308594,167.7864990234375,137.5823516845703,352.9303894042969,282.9794616699219,21.06846809387207,243.38999938964844
2021-09-21,140.0181427001953,167.18150329589844,137.893310546875,354.696533203125,283.4601135253906,21.201183319091797,246.4600067138672
2021-09-22,142.3805694580078,169.00250244140625,139.13357543945312,340.53759765625,287.09478759765625,21.894710540771484,250.64666748046875
2021-09-23,143.33729553222656,170.8000030517578,140.05841064453125,343.2662353515625,288.0371398925781,22.434574127197266,251.2133331298828
2021-09-24,143.42510986328125,171.2760009765625,141.04920959472656,350.2117004394531,287.8351745605469,22.034414291381836,258.1300048828125
2021-09-27,141.9120330810547,170.2899932861328,139.9156036376953,350.826904296875,282.85455322265625,21.614303588867188,263.78668212890625
2021-09-28,138.53428649902344,165.79800415039062,134.71656799316406,337.99755859375,272.6141052246094,20.655332565307617,259.1866760253906
2021-09-29,139.43240356445312,165.05599975585938,133.25218200683594,336.96563720703125,273.0756530761719,20.473716735839844,260.4366760253906
2021-09-30,138.134033203125,164.2519989013672,132.58023071289062,336.7474060058594,271.07562255859375,20.672298431396484,258.49334716796875
2021-10-01,139.2566680908203,164.16299438476562,135.42373657226562,340.33917236328125,277.9794921875,20.6982479095459,258.40667724609375
2021-10-04,135.83018493652344,159.48899841308594,132.56385803222656,323.6898498535156,272.2198486328125,19.69037628173828,260.510009765625
2021-10-05,137.75331115722656,161.0500030517578,134.90798950195312,330.367431640625,277.65252685546875,20.40785789489746,260.1966552734375
2021-10-06,138.62217712402344,163.10049438476562,136.4373321533203,331.0421447753906,281.83514404296875,20.65633201599121,260.9166564941406
2021-10-07,139.88140869140625,165.1215057373047,138.08375549316406,326.65655517578125,283.5083312988281,21.03054428100586,264.53668212890625
2021-10-08,139.500732421875,164.43099975585938,138.63966369628906,327.4800720214844,283.5083312988281,20.787057876586914,261.8299865722656
2021-10-11,139.4128875732422,162.31500244140625,137.77529907226562,322.9159851074219,282.912109375,20.651342391967773,263.9800109863281
2021-10-12,138.14376831054688,162.3665008544922,135.33050537109375,321.2490234375,281.6141052246094,20.627395629882812,268.5733337402344
2021-10-13,137.55809020996094,164.21400451660156,136.4542236328125,322.0130310058594,284.9121398925781,20.894824981689453,270.3599853515625
2021-10-14,140.34030151367188,164.9929962158203,139.9939422607422,325.9719543457031,291.1044006347656,21.70012664794922,272.7733459472656
2021-10-15,141.3945770263672,170.4510040283203,140.20916748046875,322.2313537597656,292.5082092285156,21.81588363647461,281.010009765625
2021-10-18,143.06393432617188,172.33700561523438,141.6076202392578,332.7289123535156,295.4697570800781,22.17512321472168,290.03668212890625
2021-10-19,145.22134399414062,172.20750427246094,142.06288146972656,337.3427429199219,296.37359619140625,22.242979049682617,288.0899963378906
2021-10-20,145.70944213867188,170.7530059814453,140.60690307617188,338.1265869140625,295.585205078125,22.056365966796875,288.6000061035156
2021-10-21,145.92425537109375,171.75050354003906,140.72291564941406,339.218017578125,298.8063049316406,22.64413070678711,298.0
2021-10-22,145.1530303955078,166.77749633789062,136.43882751464844,322.08245849609375,297.2678527832031,22.678054809570312,303.2266540527344
2021-10-25,145.10421752929688,166.01849365234375,136.3203125,326.1307067871094,296.2774658203125,23.11713218688965,341.6199951171875
2021-10-26,145.76805114746094,168.80349731445312,138.16656494140625,313.3509826660156,298.18133544921875,24.66485595703125,339.4766540527344
2021-10-27,145.3092041015625,169.62449645996094,145.01893615722656,309.7889709472656,310.7389831542969,24.399417877197266,345.9533386230469
2021-10-28,148.94073486328125,172.32850646972656,144.6534423828125,314.452392578125,311.8735656738281,24.888385772705078,359.0133361816406
2021-10-29,146.23663330078125,168.6215057373047,146.83242797851562,321.0505676269531,318.8638916015625,25.5130615234375,371.3333435058594
2021-11-01,145.4165802001953,165.90550231933594,142.32070922851562,327.4106140136719,316.700439453125,25.77251625061035,402.86334228515625
2021-11-02,146.45138549804688,165.6374969482422,144.2403564453125,325.52545166015625,320.31585693359375,26.345306396484375,390.6666564941406
2021-11-03,147.8863983154297,169.1999969482422,145.3963165283203,329.0378723144531,321.1523742675781,26.54189109802246,404.6199951171875
2021-11-04,147.36900329589844,173.85000610351562,147.05213928222656,333.2349548339844,323.49847412109375,29.73813247680664,409.9700012207031
2021-11-05,147.89695739746094,175.94949340820312,147.6318359375,338.4738464355469,323.1331481933594,29.68923568725586,407.36334228515625
2021-11-08,147.07571411132812,174.44900512695312,147.80934143066406,335.9833679199219,324.0273742675781,30.73902130126953,387.64666748046875
2021-11-09,147.43743896484375,178.81149291992188,147.6977996826172,332.7586669921875,323.0273132324219,30.592321395874023,341.1666564941406
2021-11-10,144.612060546875,174.1024932861328,144.69757080078125,325.0888671875,318.07550048828125,29.396854400634766,355.98333740234375
2021-11-11,144.5631866455078,173.625,144.57162475585938,325.18804931640625,319.6427307128906,30.32589340209961,354.5033264160156
2021-11-12,146.6357879638672,176.25750732421875,147.45924377441406,338.2357482910156,323.7677001953125,30.32589340209961,344.47332763671875
2021-11-15,146.6455078125,177.28399658203125,147.235107421875,344.853759765625,323.1426696777344,29.9616641998291,337.7966613769531
2021-11-16,147.6231689453125,177.03500366210938,146.66383361816406,340.28955078125,326.45050048828125,30.139278411865234,351.57666015625
2021-11-17,150.0574951171875,177.4499969482422,146.83340454101562,338.1166076660156,326.6719665527344,29.19927215576172,363.0033264160156
2021-11-18,154.3395538330078,184.80299377441406,148.61024475097656,336.0528259277344,328.7430725097656,31.60817527770996,365.4599914550781
2021-11-19,156.95965576171875,183.82850646972656,147.7056884765625,342.6113586425781,330.5155029296875,32.91541290283203,379.0199890136719
2021-11-22,157.4191131591797,178.6284942626953,145.1027069091797,338.35479736328125,327.35589599609375,31.888586044311523,385.6233215332031
2021-11-23,157.80039978027344,179.0019989013672,144.58697509765625,334.6239929199219,325.28472900390625,31.679025650024414,369.6766662597656
2021-11-24,158.3185577392578,179.02049255371094,144.92221069335938,338.40435791015625,325.5063781738281,32.605064392089844,372.0
2021-11-26,153.3032684326172,175.22799682617188,141.01748657226562,330.5262145996094,317.5784606933594,31.436540603637695,360.6400146484375
2021-11-29,156.6565399169922,178.07850646972656,144.33753967285156,335.39801025390625,324.2733459472656,33.30559158325195,378.9966735839844
2021-11-30,161.60342407226562,175.35350036621094,140.73434448242188,321.93359375,318.45501708984375,32.60706329345703,381.586669921875
2021-12-01,161.0852508544922,172.18600463867188,139.89527893066406,308.1815490722656,317.9637145996094,31.372529983520508,365.0
2021-12-02,160.0978546142578,171.8679962158203,141.79408264160156,307.97320556640625,317.39544677734375,32.06216049194336,361.5333251953125
2021-12-03,158.22079467773438,169.489501953125,140.83746337890625,304.4508361816406,311.1532897949219,30.632003784179688,338.3233337402344
2021-12-06,161.6229705810547,171.36849975585938,141.9815216064453,315.3949890136719,314.21661376953125,29.977304458618164,336.336669921875
2021-12-07,167.3519287109375,176.1645050048828,146.06231689453125,320.2965087890625,322.62615966796875,32.362552642822266,350.5833435058594
2021-12-08,171.1646728515625,176.1580047607422,146.97178649902344,327.986083984375,322.67425537109375,31.762752532958984,356.32000732421875
2021-12-09,170.65634155273438,174.17100524902344,146.42828369140625,327.2519226074219,320.8729553222656,30.429401397705078,334.6000061035156
2021-12-10,175.43698120117188,172.21200561523438,146.78831481933594,327.18243408203125,329.9664611816406,30.137983322143555,339.010009765625
2021-12-13,171.80995178222656,169.5675048828125,144.63111877441406,331.88555908203125,326.9416809082031,28.10503387451172,322.13665771484375
2021-12-14,170.4314727783203,169.0915069580078,142.7273406982422,331.1413879394531,316.2877197265625,28.280683517456055,319.5033264160156
2021-12-15,175.2903289794922,173.31500244140625,145.24058532714844,338.999755859375,322.3659973144531,30.398469924926758,325.3299865722656
2021-12-16,168.4077606201172,168.87100219726562,143.26095581054688,332.2923278808594,312.9739074707031,28.330583572387695,308.97332763671875
2021-12-17,167.3128204345703,170.0175018310547,140.56324768066406,331.1909484863281,311.914306640625,27.745746612548828,310.8566589355469
2021-12-20,165.95388793945312,167.07899475097656,140.44619750976562,322.9159851074219,308.16705322265625,27.663917541503906,299.9800109863281
2021-12-21,169.12142944335938,170.41700744628906,142.2964324951172,331.5978088378906,315.27618408203125,29.0172176361084,312.84332275390625
2021-12-22,171.71214294433594,171.03700256347656,145.2147979736328,327.87701416015625,320.96923828125,29.341571807861328,336.2900085449219
2021-12-23,172.33787536621094,171.06849670410156,145.71218872070312,332.62969970703125,322.404541015625,29.58109474182129,355.6666564941406
2021-12-27,176.29730224609375,169.66949462890625,146.69407653808594,343.4844665527344,329.8797607421875,30.883502960205078,364.64666748046875
2021-12-28,175.28057861328125,170.66099548339844,145.48458862304688,343.52423095703125,328.7237243652344,30.261741638183594,362.8233337402344
2021-12-29,175.36851501464844,169.2010040283203,145.4528350830078,340.269775390625,329.3981018066406,29.941377639770508,362.0633239746094
2021-12-30,174.2149200439453,168.64450073242188,145.0020751953125,341.6786804199219,326.8646545410156,29.52720069885254,356.7799987792969
2021-12-31,173.59902954101562,166.7169952392578,143.66461181640625,333.7310485839844,323.9747619628906,29.352550506591797,352.260009765625
2022-01-03,177.9397430419922,170.4044952392578,143.802978515625,335.9040222167969,322.4623718261719,30.06113624572754,399.9266662597656
2022-01-04,175.68136596679688,167.52200317382812,143.2158203125,333.9096374511719,316.9330749511719,29.23179054260254,383.1966552734375
2022-01-05,171.00827026367188,164.35699462890625,136.6456298828125,321.6459045410156,304.7666931152344,27.54913902282715,362.7066650390625
2022-01-06,168.15359497070312,163.25399780273438,136.61834716796875,329.8713073730469,302.35845947265625,28.12200164794922,354.8999938964844
2022-01-07,168.3197479248047,162.5540008544922,135.89382934570312,329.2065734863281,302.5125732421875,27.192852020263672,342.32000732421875
2022-01-10,168.33934020996094,161.48599243164062,137.53277587890625,325.5155944824219,302.734130859375,27.34554672241211,352.7066650390625
2022-01-11,171.1646728515625,165.36199951171875,138.59056091308594,331.7664489746094,303.4181213378906,27.761716842651367,354.79998779296875
2022-01-12,171.6046142578125,165.20700073242188,140.27113342285156,330.6651306152344,306.5872802734375,27.943355560302734,368.739990234375
2022-01-13,168.33934020996094,161.21400451660156,137.45098876953125,323.9378967285156,293.6116638183594,26.522188186645508,343.85333251953125
2022-01-14,169.1996612548828,162.13800048828125,138.337158203125,329.3157043457031,298.8135070800781,26.88845443725586,349.8699951171875
2022-01-18,166.00279235839844,158.91749572753906,134.88319396972656,315.6727600097656,291.5406494140625,25.851520538330078,343.5033264160156
2022-01-19,162.5126190185547,156.2989959716797,134.00892639160156,317.10150146484375,292.19573974609375,25.017181396484375,331.8833312988281
2022-01-20,160.83103942871094,151.66749572753906,132.21473693847656,314.0951232910156,290.5292053222656,24.102001190185547,332.0899963378906
2022-01-21,158.77801513671875,142.64300537109375,129.28298950195312,300.8094177246094,285.16375732421875,23.327543258666992,314.6333312988281
2022-01-24,158.00567626953125,144.54400634765625,129.73178100585938,306.3062744140625,285.49114990234375,23.32554817199707,310.0
2022-01-25,156.20684814453125,139.98599243164062,125.89447784423828,297.8128967285156,277.9004211425781,22.279634475708008,306.1333312988281
2022-01-26,156.1188507080078,138.87249755859375,128.17364501953125,292.3359069824219,285.8186950683594,22.726743698120117,312.4700012207031
2022-01-27,155.6593475341797,139.6374969482422,127.94752502441406,292.3458251953125,288.8337707519531,21.900388717651367,276.3666687011719
2022-01-28,166.52093505859375,143.97799682617188,132.25787353515625,299.36077880859375,296.94476318359375,22.794607162475586,282.1166687011719
2022-01-31,170.8714141845703,149.57350158691406,134.19439697265625,310.8208923339844,299.56494140625,24.437335968017578,312.239990234375
2022-02-01,170.70523071289062,151.19349670410156,136.51568603515625,316.5160827636719,297.4263610839844,24.589040756225586,310.4166564941406
2022-02-02,171.90768432617188,150.6125030517578,146.7868194580078,320.4850158691406,301.953857421875,25.19183921813965,301.88665771484375
2022-02-03,169.033447265625,138.8455047607422,141.9170379638672,235.90872192382812,290.1920471191406,23.90040397644043,297.0466613769531
2022-02-04,168.7495880126953,157.63949584960938,142.11837768554688,235.2439422607422,294.70989990234375,24.27066993713379,307.7733459472656
2022-02-07,168.03497314453125,157.9355010986328,138.05992126464844,223.15875244140625,289.9030456542969,24.678863525390625,302.4466552734375
2022-02-08,171.1380615234375,161.4134979248047,138.2563018798828,218.46556091308594,293.38055419921875,25.05810546875,307.3333435058594
2022-02-09,172.55740356445312,161.1894989013672,140.43133544921875,230.19357299804688,299.7864685058594,26.65192985534668,310.6666564941406
2022-02-10,168.48524475097656,159.0034942626953,137.4836883544922,226.29415893554688,291.28057861328125,25.77267837524414,301.51666259765625
2022-02-11,165.07875061035156,153.2935028076172,133.1817626953125,217.84048461914062,284.2099609375,23.901403427124023,286.6666564941406
2022-02-14,165.313720703125,155.16700744628906,134.41505432128906,216.0048828125,284.1715087890625,24.218772888183594,291.9200134277344
2022-02-15,169.14112854003906,156.510498046875,135.48870849609375,219.27920532226562,289.4406433105469,26.44234275817871,307.4766540527344
2022-02-16,168.9061737060547,158.10049438476562,136.6089324951172,214.8539581298828,289.102783203125,26.458311080932617,307.7966613769531
2022-02-17,165.313720703125,154.65249633789062,131.45254516601562,206.0926971435547,280.6372375488281,24.458290100097656,292.1166687011719
2022-02-18,163.76708984375,152.60150146484375,129.33404541015625,204.55474853515625,277.9344177246094,23.595016479492188,285.6600036621094
2022-02-22,160.84999084472656,150.19749450683594,128.74940490722656,200.5065155029297,277.7317810058594,23.34351348876953,273.84332275390625
2022-02-23,156.68975830078125,144.82699584960938,126.54212951660156,196.90478515625,270.5403747558594,22.34250831604004,254.67999267578125
2022-02-24,159.30337524414062,151.35800170898438,131.60330200195312,205.98353576660156,284.3632507324219,23.700801849365234,266.92333984375
2022-02-25,161.36883544921875,153.7884979248047,133.35731506347656,208.84109497070312,286.9888000488281,24.10899543762207,269.9566650390625
2022-02-28,161.6331329345703,153.56300354003906,133.9499053955078,209.3868408203125,288.41748046875,24.336538314819336,290.1433410644531
2022-03-01,159.753662109375,151.14199829101562,132.9625701904297,201.90553283691406,284.7108154296875,23.430339813232422,288.1233215332031
2022-03-02,163.04269409179688,152.05250549316406,133.46839904785156,206.4895782470703,289.76885986328125,24.175981521606445,293.2966613769531
2022-03-03,162.71963500976562,147.89849853515625,132.80189514160156,201.38961791992188,285.6470642089844,23.670909881591797,279.7633361816406
2022-03-04,159.7242889404297,145.64100646972656,130.8252410888672,198.5022735595703,279.7974853515625,22.89432144165039,279.42999267578125
2022-03-07,155.9359893798828,137.4530029296875,125.3425521850586,186.01028442382812,269.22760009765625,21.31319808959961,268.1933288574219
2022-03-08,154.1152801513672,136.01449584960938,126.0625991821289,188.808349609375,266.27386474609375,21.474899291992188,274.79998779296875
2022-03-09,159.50889587402344,139.2790069580078,132.32630920410156,196.95440673828125,278.4847717285156,22.97217559814453,286.3233337402344
2022-03-10,155.1724853515625,146.8175048828125,131.34396362304688,193.6900177001953,275.6756591796875,22.616825103759766,279.4333190917969
2022-03-11,151.4625244140625,145.52450561523438,128.805908203125,186.1492156982422,270.3473815917969,22.05983543395996,265.1166687011719
2022-03-14,147.43930053710938,141.85299682617188,124.9185562133789,185.17686462402344,266.84332275390625,21.291234970092773,255.4566650390625
2022-03-15,151.81491088867188,147.3665008544922,128.13893127441406,190.5347900390625,277.1815490722656,22.93125343322754,267.2966613769531
2022-03-16,156.21986389160156,153.10400390625,132.18798828125,202.04446411132812,284.1702880859375,24.45148277282715,280.07666015625
2022-03-17,157.22813415527344,157.23899841308594,132.7418975830078,206.2216796875,284.971435546875,24.72099494934082,290.5333251953125
2022-03-18,160.51718139648438,161.25050354003906,135.00965881347656,214.80433654785156,290.0005798339844,26.404922485351562,301.7966613769531
2022-03-21,161.8876190185547,161.4915008544922,134.98585510253906,209.84326171875,288.774658203125,26.6854190826416,307.0533447265625
2022-03-22,165.2549591064453,164.88900756835938,138.7214813232422,214.9630889892578,293.50457763671875,26.475797653198242,331.32666015625
2022-03-23,166.61561584472656,163.4080047607422,137.1420135498047,211.7979278564453,289.0931701660156,25.587419509887695,333.03668212890625
2022-03-24,170.39410400390625,163.64950561523438,140.41151428222656,217.8603515625,293.5431823730469,28.09884262084961,337.97332763671875
2022-03-25,171.03038024902344,164.77349853515625,140.51165771484375,220.0928192138672,293.13775634765625,27.64167594909668,336.8800048828125
2022-03-28,171.89181518554688,168.99049377441406,140.2959442138672,221.84902954101562,299.9140319824219,28.167720794677734,363.9466552734375
2022-03-29,175.18087768554688,169.31500244140625,141.33734130859375,228.07022094726562,304.4605407714844,28.60392189025879,366.5233459472656
2022-03-30,174.0159912109375,166.30099487304688,140.77499389648438,226.07586669921875,302.96429443359375,27.639680862426758,364.663330078125
2022-03-31,170.92266845703125,162.99749755859375,137.9275360107422,220.6286163330078,297.60699462890625,27.236413955688477,359.20001220703125
2022-04-01,170.6290283203125,163.55999755859375,139.0016326904297,223.0992431640625,298.678466796875,26.663455963134766,361.5299987792969
2022-04-04,174.6717987060547,168.34649658203125,141.79954528808594,232.06886291503906,304.0357666015625,27.310277938842773,381.8166809082031
2022-04-05,171.36322021484375,164.05499267578125,139.4385528564453,230.0347900390625,300.0877990722656,25.88387107849121,363.7533264160156
2022-04-06,168.20138549804688,158.75599670410156,135.4286651611328,221.56130981445312,289.102783203125,24.362646102905273,348.586669921875
2022-04-07,168.50486755371094,157.7845001220703,134.7745819091797,221.21400451660156,290.9078674316406,24.16400909423828,352.4200134277344
2022-04-08,166.49813842773438,154.4604949951172,132.19491577148438,220.59886169433594,286.66064453125,23.076982498168945,341.8299865722656
2022-04-11,162.24978637695312,151.1219940185547,127.76752471923828,214.77456665039062,275.35711669921875,21.877166748046875,325.30999755859375
2022-04-12,164.11947631835938,150.78750610351562,126.66758728027344,212.47262573242188,272.2682800292969,21.464920043945312,328.98333740234375
2022-04-13,166.8015899658203,155.54100036621094,128.8292236328125,213.31600952148438,277.63525390625,22.162649154663086,340.7900085449219
2022-04-14,161.79953002929688,151.7064971923828,125.69116973876953,208.54344177246094,270.1156311035156,21.219364166259766,328.3333435058594
2022-04-18,161.58416748046875,152.78500366210938,126.62989807128906,209.1288604736328,270.78179931640625,21.743410110473633,334.7633361816406
2022-04-19,163.8649444580078,158.11549377441406,128.94326782226562,215.61795043945312,275.3957824707031,22.157657623291016,342.7166748046875
2022-04-20,163.6985626220703,153.9980010986328,126.99040985107422,198.85946655273438,276.4189147949219,21.442962646484375,325.73333740234375
2022-04-21,162.90567016601562,148.29600524902344,123.79136657714844,186.60562133789062,271.0616760253906,20.146324157714844,336.260009765625
2022-04-22,158.3734130859375,144.35000610351562,118.65481567382812,182.67645263671875,264.51702880859375,19.479534149169922,335.01666259765625
2022-04-25,159.4403839111328,146.07400512695312,122.06513214111328,185.53404235839844,270.97479248046875,19.86583137512207,332.67333984375
2022-04-26,153.4888458251953,139.39100646972656,117.67740631103516,179.5410614013672,260.8392333984375,18.753854751586914,292.1400146484375
2022-04-27,153.26364135742188,138.16700744628906,113.35760498046875,173.58778381347656,273.3879699707031,18.381532669067383,293.836669921875
2022-04-28,160.18434143066406,144.59649658203125,117.55094146728516,204.12811279296875,279.57550048828125,19.746049880981445,292.5033264160156
2022-04-29,154.32083129882812,124.28150177001953,113.17411041259766,198.90907287597656,267.8858337402344,18.513294219970703,290.2533264160156
2022-05-02,154.62428283691406,124.5,115.6273422241211,209.486083984375,274.5946044921875,19.49750518798828,300.9800109863281
2022-05-03,156.11219787597656,124.25350189208984,116.37217712402344,210.3790740966797,271.99798583984375,19.566373825073242,303.0833435058594
2022-05-04,162.51409912109375,125.92849731445312,121.25880432128906,221.67044067382812,279.91339111328125,20.29704475402832,317.5400085449219
2022-05-05,153.45944213867188,116.40699768066406,115.55047607421875,206.6582489013672,267.7218322753906,18.809757232666016,291.09332275390625
2022-05-06,154.1848907470703,114.77249908447266,114.79769897460938,202.18336486816406,265.1927185058594,18.64105987548828,288.54998779296875
2022-05-09,149.06759643554688,108.78900146484375,111.58870697021484,194.6822509765625,255.39505004882812,16.91919708251953,262.3699951171875
2022-05-10,151.46937561035156,108.85900115966797,113.45728302001953,196.11099243164062,260.1443176269531,17.563024520874023,266.67999267578125
2022-05-11,143.61703491210938,105.37200164794922,112.67127227783203,187.27040100097656,251.50498962402344,16.599773406982422,244.6666717529297
2022-05-12,139.75453186035156,106.93049621582031,111.91899108886719,189.75094604492188,246.4855194091797,16.14560317993164,242.6666717529297
2022-05-13,144.21502685546875,113.05500030517578,115.0992202758789,197.07347106933594,252.05519104003906,17.67382049560547,256.5299987792969
2022-05-16,142.67588806152344,110.81050109863281,113.50686645507812,198.48240661621094,252.42198181152344,17.232624053955078,241.4566650390625
2022-05-17,146.30308532714844,115.36849975585938,115.51824188232422,201.04232788085938,257.5573425292969,18.143966674804688,253.8699951171875
2022-05-18,138.0487823486328,107.11250305175781,110.98222351074219,190.74317932128906,245.830810546875,16.907211303710938,236.60333251953125
2022-05-19,134.64707946777344,107.31900024414062,109.47915649414062,189.800537109375,244.9213409423828,17.092880249023438,236.47332763671875
2022-05-20,134.88235473632812,107.59100341796875,108.01525115966797,192.0330352783203,244.36016845703125,16.66366195678711,221.3000030517578
2022-05-23,140.29373168945312,107.55699920654297,110.57411193847656,194.70208740234375,252.1875457763672,16.867290496826172,224.96665954589844
2022-05-24,137.5978240966797,104.0999984741211,105.10132598876953,179.8684844970703,251.19094848632812,16.124643325805664,209.3866729736328
2022-05-25,137.7546844482422,106.7750015258789,104.93769073486328,182.3986358642578,253.996826171875,16.94415283203125,219.60000610351562
2022-05-26,140.95053100585938,111.07749938964844,106.90890502929688,190.13792419433594,257.2671203613281,17.818557739257812,235.91000366210938
2022-05-27,146.69522094726562,115.14649963378906,111.39582061767578,193.6106719970703,264.3687438964844,18.776813507080078,253.2100067138672
2022-05-31,145.91091918945312,120.20950317382812,112.82947540283203,192.13223266601562,263.043212890625,18.638071060180664,252.75332641601562
2022-06-01,145.78353881835938,121.68399810791016,112.95840454101562,187.17117309570312,263.5754089355469,18.28670310974121,246.7899932861328
2022-06-02,148.23434448242188,125.51100158691406,116.65831756591797,197.3115997314453,265.665283203125,19.5563907623291,258.3333435058594
2022-06-03,142.51907348632812,122.3499984741211,113.6020736694336,189.2945098876953,261.2532958984375,18.68597984313965,234.51666259765625
2022-06-06,143.26409912109375,124.79000091552734,115.86288452148438,192.7375030517578,260.0245666503906,18.751859664916992,238.27999877929688
2022-06-07,145.78353881835938,123.0,116.1891860961914,194.1265869140625,263.6527404785156,18.891605377197266,238.8866729736328
2022-06-08,145.0482940673828,121.18000030517578,116.23332977294922,195.10888671875,261.63067626953125,18.6180477142334,241.86666870117188
2022-06-09,139.83297729492188,116.1500015258789,113.89415740966797,182.56729125976562,256.19305419921875,18.01900863647461,239.7066650390625
2022-06-10,134.43141174316406,109.6500015258789,110.25027465820312,174.20294189453125,244.77622985839844,16.94673728942871,232.22999572753906
2022-06-13,129.2847137451172,103.66999816894531,105.52037811279297,162.98101806640625,234.39456176757812,15.621865272521973,215.73666381835938
2022-06-14,130.14739990234375,102.30999755859375,105.84072875976562,162.4551239013672,236.55218505859375,15.810562133789062,220.88999938964844
2022-06-15,132.76487731933594,107.66999816894531,108.86473083496094,168.03138732910156,243.5861053466797,16.50045394897461,233.0
2022-06-16,127.50054931640625,103.66000366210938,105.16432189941406,159.61740112304688,237.0166015625,15.57593822479248,213.10000610351562
2022-06-17,128.9710235595703,106.22000122070312,106.26522064208984,162.46507263183594,239.6095733642578,15.85448932647705,216.75999450683594
2022-06-21,133.19618225097656,108.68000030517578,110.62965393066406,155.8271484375,245.5018768310547,16.53938865661621,237.0366668701172
2022-06-22,132.6864471435547,108.94999694824219,110.57361602783203,154.63653564453125,244.9116668701172,16.333721160888672,236.086669921875
2022-06-23,135.54898071289062,112.44000244140625,111.32192993164062,157.513916015625,250.45565795898438,16.198938369750977,235.07000732421875
2022-06-24,138.87229919433594,116.45999908447266,117.00792694091797,168.83505249023438,259.0086669921875,17.098491668701172,245.7066650390625
2022-06-27,138.87229919433594,113.22000122070312,114.88398742675781,168.17027282714844,256.28985595703125,16.841903686523438,244.9199981689453
2022-06-28,134.73532104492188,107.4000015258789,111.08934020996094,159.42889404296875,248.1529541015625,15.956327438354492,232.663330078125
2022-06-29,136.49009704589844,108.91999816894531,110.78585815429688,162.66351318359375,251.81019592285156,15.517034530639648,228.49000549316406
2022-06-30,134.02947998046875,106.20999908447266,108.0698013305664,159.99444580078125,248.49154663085938,15.134649276733398,224.47332763671875
2022-07-01,136.1959991455078,109.55999755859375,107.84615325927734,158.783935546875,251.15223693847656,14.499670028686523,227.26333618164062
2022-07-05,138.7742156982422,113.5,112.33455657958984,166.88038635253906,254.31605529785156,14.939961433410645,233.06666564941406
2022-07-06,140.10748291015625,114.33000183105469,113.63282775878906,168.4481201171875,257.56695556640625,15.105697631835938,231.73333740234375
2022-07-07,143.469970703125,116.33000183105469,117.80931854248047,170.84925842285156,259.68597412109375,15.832527160644531,244.5433349609375
2022-07-08,144.14637756347656,115.54000091552734,118.37512969970703,169.54949951171875,258.9699401855469,15.812559127807617,250.76333618164062
2022-07-11,142.01910400390625,111.75,114.728271484375,161.6117706298828,255.92218017578125,15.127662658691406,234.3433380126953
2022-07-12,142.98960876464844,109.22000122070312,113.08585357666016,161.99874877929688,245.43414306640625,15.05777359008789,233.07000732421875
2022-07-13,142.6268768310547,110.4000015258789,110.44071197509766,162.21701049804688,244.51495361328125,15.139638900756836,237.0399932861328
2022-07-14,145.54824829101562,110.62999725341797,109.46279907226562,156.81936645507812,245.830810546875,15.347306251525879,238.31333923339844
2022-07-15,147.2147979736328,113.55000305175781,110.86123657226562,163.41761779785156,248.3851318359375,15.73668098449707,240.06666564941406
2022-07-18,144.17581176757812,113.76000213623047,108.13626098632812,165.92787170410156,245.99530029296875,16.07513999938965,240.54666137695312
2022-07-19,148.02842712402344,118.20999908447266,112.87705993652344,174.41128540039062,251.10391235351562,16.964704513549805,245.52999877929688
2022-07-20,150.0283203125,122.7699966430664,112.9663314819336,181.66436767578125,253.75491333007812,17.778392791748047,247.5
2022-07-21,152.29286193847656,124.62999725341797,113.4027328491211,181.74375915527344,256.241455078125,18.02100372314453,271.7066650390625
2022-07-22,151.05764770507812,122.41999816894531,107.01551818847656,167.95201110839844,251.90692138671875,17.291183471679688,272.24334716796875
2022-07-25,149.94007873535156,121.13999938964844,106.62870788574219,165.35240173339844,250.42660522460938,16.99665069580078,268.4333190917969
2022-07-26,148.61668395996094,114.80999755859375,104.15911865234375,157.91079711914062,243.72157287597656,16.506441116333008,258.8599853515625
2022-07-27,153.70452880859375,120.97000122070312,112.13321685791016,168.2595977783203,260.014892578125,17.761428833007812,274.82000732421875
2022-07-28,154.25347900390625,122.27999877929688,113.28372955322266,159.4685821533203,267.4358215332031,17.955110549926758,280.8999938964844
2022-07-29,159.3119354248047,134.9499969482422,115.36650085449219,157.86119079589844,271.625244140625,18.13382339477539,297.1499938964844
2022-08-01,158.33163452148438,135.38999938964844,113.91846466064453,158.6847381591797,268.98394775390625,18.411378860473633,297.27667236328125
2022-08-02,156.86111450195312,134.16000366210938,114.18624114990234,158.9427032470703,265.89752197265625,18.496240615844727,300.586669921875
2022-08-03,162.8607177734375,139.52000427246094,117.1120834350586,167.4856719970703,273.299072265625,18.86264991760254,307.39666748046875
2022-08-04,162.54701232910156,142.57000732421875,117.2211685180664,169.24188232421875,274.4407958984375,19.18413543701172,308.6333312988281
2022-08-05,162.32122802734375,140.8000030517578,116.50707244873047,165.80880737304688,273.7248229980469,18.958498001098633,288.1700134277344
2022-08-08,161.85000610351562,139.41000366210938,116.33847045898438,168.92434692382812,271.21893310546875,17.764415740966797,290.42333984375
2022-08-09,161.8990936279297,137.8300018310547,115.6739501953125,167.21774291992188,273.1346130371094,17.058557510375977,283.3333435058594
2022-08-10,166.13999938964844,142.69000244140625,118.71878051757812,176.95138549804688,279.7718811035156,18.06792640686035,294.3566589355469
2022-08-11,165.4037322998047,140.63999938964844,117.86582946777344,176.10800170898438,277.70135498046875,17.913179397583008,286.6300048828125
2022-08-12,168.9475860595703,143.5500030517578,120.68256378173828,179.09454345703125,282.4326171875,18.6789493560791,300.0299987792969
2022-08-15,170.0176239013672,143.17999267578125,121.07927703857422,179.4815216064453,283.9419250488281,19.001426696777344,309.32000732421875
2022-08-16,169.86056518554688,144.77999877929688,120.70238494873047,178.07260131835938,283.20660400390625,18.848676681518555,306.5633239746094
2022-08-17,171.35269165039062,142.10000610351562,118.57003021240234,173.48854064941406,282.46002197265625,18.3055477142334,303.9966735839844
2022-08-18,170.9600372314453,142.3000030517578,119.18494415283203,173.30001831054688,281.3450927734375,18.742847442626953,302.8699951171875
2022-08-19,168.37818908691406,138.22999572753906,116.24920654296875,166.65219116210938,277.4472961425781,17.820327758789062,296.6666564941406
2022-08-22,164.50057983398438,133.22000122070312,113.30355834960938,161.78041076660156,269.3027648925781,17.006641387939453,289.913330078125
2022-08-23,164.16680908203125,133.6199951171875,112.9266586303711,159.8555450439453,268.0325927734375,17.15340232849121,296.4533386230469
2022-08-24,164.46128845214844,133.8000030517578,112.758056640625,161.98880004882812,267.40234375,17.194337844848633,297.0966796875
2022-08-25,166.91551208496094,137.27999877929688,115.69379425048828,167.46580505371094,270.3693542480469,17.884225845336914,296.07000732421875
2022-08-26,160.62289428710938,130.75,109.43551635742188,160.5203094482422,259.9364929199219,16.2338809967041,288.0899963378906
2022-08-29,158.42391967773438,129.7899932861328,108.5230484008789,157.93063354492188,257.16351318359375,15.775618553161621,284.82000732421875
2022-08-30,155.99917602539062,128.72999572753906,108.04698944091797,155.936279296875,254.9722442626953,15.443153381347656,277.70001220703125
2022-08-31,154.3401336669922,126.7699966430664,107.33290100097656,161.661376953125,253.5178680419922,15.069754600524902,275.6099853515625
2022-09-01,155.0665740966797,127.81999969482422,108.8404312133789,164.0724639892578,252.4804229736328,13.914613723754883,277.1600036621094
2022-09-02,152.95594787597656,127.51000213623047,106.96592712402344,159.07168579101562,248.27243041992188,13.625079154968262,270.2099914550781
2022-09-06,151.69940185546875,126.11000061035156,105.9344482421875,157.3055419921875,245.54788208007812,13.443371772766113,274.4200134277344
2022-09-07,153.1032257080078,129.47999572753906,108.55281066894531,159.14114379882812,250.24066162109375,13.696038246154785,283.70001220703125
2022-09-08,151.6307373046875,129.82000732421875,107.49158477783203,160.7981414794922,250.65757751464844,13.97167682647705,289.260009765625
2022-09-09,154.48739624023438,133.27000427246094,109.74298858642578,167.83291625976562,256.4169921875,14.368158340454102,299.67999267578125
2022-09-12,160.43637084960938,136.4499969482422,109.95125579833984,167.64443969726562,258.5403747558594,14.486002922058105,304.4200134277344
2022-09-13,151.0220489501953,126.81999969482422,103.4648666381836,151.9376983642578,244.3262176513672,13.113801956176758,292.1300048828125
2022-09-14,152.465087890625,128.5500030517578,104.1392822265625,150.29061889648438,244.5491943359375,13.110807418823242,302.6099853515625
2022-09-15,149.5789794921875,126.27999877929688,102.0664291381836,148.38555908203125,237.91726684570312,12.912066459655762,303.75
2022-09-16,147.93955993652344,123.52999877929688,101.95732879638672,145.1509246826172,237.29669189453125,13.18071460723877,303.3500061035156
2022-09-19,151.6503143310547,124.66000366210938,102.22511291503906,146.8674774169922,237.0833740234375,13.364476203918457,309.07000732421875
2022-09-20,154.02601623535156,122.19000244140625,100.31092834472656,144.9525146484375,235.0763397216797,13.158744812011719,308.7300109863281
2022-09-21,150.9042510986328,118.54000091552734,98.4661865234375,141.0133819580078,231.68280029296875,13.243632316589355,300.79998779296875
2022-09-22,149.9421844482422,117.30999755859375,99.31913757324219,141.7079315185547,233.6510467529297,12.544548988342285,288.5899963378906
2022-09-23,147.67449951171875,113.77999877929688,97.93060302734375,139.3166961669922,230.68408203125,12.499608039855957,275.3299865722656
2022-09-26,148.00828552246094,115.1500015258789,97.36528015136719,135.3081817626953,230.22840881347656,12.21198558807373,276.010009765625
2022-09-27,148.98016357421875,114.41000366210938,96.70075988769531,133.35350036621094,229.2200469970703,12.39674186706543,282.94000244140625
2022-09-28,147.09535217285156,118.01000213623047,99.22987365722656,140.5073699951172,233.7383270263672,12.719322204589844,287.80999755859375
2022-09-29,139.87013244628906,114.80000305175781,96.62142944335938,135.34786987304688,230.27685546875,12.203996658325195,268.2099914550781
2022-09-30,135.6685333251953,113.0,94.86593627929688,134.62353515625,225.81678771972656,12.123101234436035,265.25
2022-10-03,139.84066772460938,115.87999725341797,97.83143615722656,137.53074645996094,233.4183349609375,12.495615005493164,242.39999389648438
2022-10-04,143.42381286621094,121.08999633789062,100.80682373046875,139.18772888183594,241.310791015625,13.149754524230957,249.44000244140625
2022-10-05,143.71832275390625,120.94999694824219,100.59854888916016,137.8978271484375,241.6210174560547,13.19170093536377,240.80999755859375
2022-10-06,142.76609802246094,120.30000305175781,100.58863067626953,137.98712158203125,239.28433227539062,13.11280345916748,238.1300048828125
2022-10-07,137.52391052246094,114.55999755859375,97.87109375,132.41090393066406,227.11599731445312,12.060185432434082,223.07000732421875
2022-10-10,137.8478546142578,113.66999816894531,97.05781555175781,132.74826049804688,222.27780151367188,11.654715538024902,222.9600067138672
2022-10-11,136.43421936035156,112.20999908447266,96.38339233398438,127.53913116455078,218.55458068847656,11.570828437805176,216.5
2022-10-12,135.8059539794922,112.9000015258789,96.7602767944336,126.50724792480469,218.8842315673828,11.484939575195312,217.24000549316406
2022-10-13,140.37083435058594,112.52999877929688,98.24797821044922,129.27552795410156,227.11599731445312,11.944336891174316,221.72000122070312
2022-10-14,135.84524536132812,106.9000015258789,95.76847839355469,125.77299499511719,221.60879516601562,11.212297439575195,204.99000549316406
2022-10-17,139.80140686035156,113.79000091552734,99.15052795410156,132.99630737304688,230.3059539794922,11.872430801391602,219.35000610351562
2022-10-18,141.1168670654297,116.36000061035156,99.94396209716797,131.76596069335938,231.24642944335938,11.95132827758789,220.19000244140625
2022-10-19,141.224853515625,115.06999969482422,98.81329345703125,132.19261169433594,229.2878875732422,12.035216331481934,222.0399932861328
2022-10-20,140.7634735107422,115.25,99.15052795410156,130.50588989257812,228.96792602539062,12.17802906036377,207.27999877929688
2022-10-21,144.57241821289062,119.31999969482422,100.30101776123047,128.99766540527344,234.75637817382812,12.449675559997559,214.44000244140625
2022-10-24,146.7124786376953,119.81999969482422,101.67960357666016,128.7099609375,239.7303466796875,12.582498550415039,211.25
2022-10-25,149.54954528808594,120.5999984741211,103.62355041503906,136.4392852783203,243.0366668701172,13.243632316589355,222.4199981689453
2022-10-26,146.6143035888672,115.66000366210938,94.15184020996094,128.8091583251953,224.2848358154297,12.879110336303711,224.63999938964844
2022-10-27,142.1476287841797,110.95999908447266,91.46405029296875,97.17739868164062,219.8538360595703,13.158744812011719,225.08999633789062
2022-10-28,152.8872528076172,103.41000366210938,95.50068664550781,98.42759704589844,228.69647216796875,13.815882682800293,228.52000427246094
2022-10-31,150.53118896484375,102.44000244140625,93.73529052734375,92.43462371826172,225.0701904296875,13.479323387145996,227.5399932861328
2022-11-01,147.89047241210938,96.79000091552734,89.72840118408203,94.45873260498047,221.23060607910156,13.525264739990234,227.82000732421875
2022-11-02,142.3734588623047,92.12000274658203,86.2571029663086,89.83502197265625,213.40611267089844,13.20168685913086,214.97999572753906
2022-11-03,136.33609008789062,89.30000305175781,82.74610137939453,88.21771240234375,207.73399353027344,13.403424263000488,215.30999755859375
2022-11-04,136.07061767578125,90.9800033569336,85.87027740478516,90.08308410644531,214.65682983398438,14.137460708618164,207.47000122070312
2022-11-07,136.60157775878906,90.52999877929688,87.76463317871094,95.9668960571289,220.93975830078125,14.282270431518555,197.0800018310547
2022-11-08,137.17189025878906,89.9800033569336,88.17127227783203,95.71885681152344,221.90931701660156,14.582876205444336,191.3000030517578
2022-11-09,132.61917114257812,86.13999938964844,86.60421752929688,100.679931640625,217.6819305419922,13.757957458496094,177.58999633789062
2022-11-10,144.41888427734375,96.62999725341797,93.1699447631836,110.99893951416016,235.5902099609375,15.729371070861816,190.72000122070312
2022-11-11,147.20169067382812,100.79000091552734,95.61970520019531,112.13996124267578,239.59461975097656,16.305614471435547,195.97000122070312
2022-11-14,145.8053741455078,98.48999786376953,94.91551208496094,113.33064270019531,234.20370483398438,16.273662567138672,190.9499969482422
2022-11-15,147.53599548339844,98.94000244140625,97.63306427001953,116.16836547851562,234.6109161376953,16.64417266845703,194.4199981689453
2022-11-16,146.30686950683594,97.12000274658203,98.0396957397461,112.34834289550781,235.0387420654297,15.88916301727295,186.9199981689453
2022-11-17,148.20465087890625,94.8499984741211,97.5537338256836,110.58219909667969,234.99014282226562,15.65647029876709,183.1699981689453
2022-11-18,148.76510620117188,94.13999938964844,96.63134002685547,111.17753601074219,234.54287719726562,15.388821601867676,180.19000244140625
2022-11-21,145.53985595703125,92.45999908447266,94.81634521484375,109.00460052490234,235.3498992919922,15.296939849853516,167.8699951171875
2022-11-22,147.67364501953125,93.19999694824219,96.25446319580078,110.57229614257812,238.24740600585938,16.016996383666992,169.91000366210938
2022-11-23,148.5487823486328,94.12999725341797,97.65290069580078,111.36605072021484,240.72682189941406,16.497364044189453,183.1999969482422
2022-11-25,145.63821411132812,93.41000366210938,96.66109466552734,110.54251861572266,240.63929748535156,16.24869155883789,182.86000061035156
2022-11-28,141.81312561035156,93.94999694824219,95.26265716552734,107.9330062866211,235.06793212890625,15.806272506713867,182.9199981689453
2022-11-29,138.8140411376953,92.41999816894531,94.40971374511719,108.60770416259766,233.6775360107422,15.618518829345703,180.8300018310547
2022-11-30,145.55955505371094,96.54000091552734,100.16217041015625,117.18042755126953,248.0775604248047,16.905162811279297,194.6999969482422
2022-12-01,145.83486938476562,95.5,100.16217041015625,119.5022201538086,247.63999938964844,17.1169376373291,194.6999969482422
2022-12-02,145.34323120117188,94.12999725341797,99.6166763305664,122.5284652709961,247.96084594726562,16.85820960998535,194.86000061035156
2022-12-05,144.1829071044922,91.01000213623047,98.66454315185547,121.47671508789062,243.2742919921875,16.592493057250977,182.4499969482422
2022-12-06,140.52499389648438,88.25,96.18502044677734,113.23143005371094,238.33489990234375,15.970149040222168,179.82000732421875
2022-12-07,138.5878448486328,88.45999908447266,94.16175079345703,113.04290771484375,237.60568237304688,16.103010177612305,174.0399932861328
2022-12-08,140.2693328857422,90.3499984741211,92.94183349609375,114.43199920654297,240.55178833007812,17.150903701782227,173.44000244140625
2022-12-09,139.78750610351562,89.08999633789062,92.06904602050781,114.99757385253906,238.62660217285156,16.983078002929688,179.0500030517578
2022-12-12,142.07861328125,90.55000305175781,92.54511260986328,113.81682586669922,245.5203399658203,17.516517639160156,167.82000732421875
2022-12-13,143.04225158691406,92.48999786376953,94.84608459472656,119.21446990966797,249.80828857421875,18.052947998046875,160.9499969482422
2022-12-14,140.8199920654297,91.58000183105469,94.29068756103516,120.64324951171875,250.09999084472656,17.655370712280273,156.8000030517578
2022-12-15,134.22195434570312,88.44999694824219,90.11520385742188,115.24562072753906,242.1172332763672,16.934127807617188,157.6699981689453
2022-12-16,132.26516723632812,87.86000061035156,89.5201187133789,118.50007629394531,237.91683959960938,16.55353355407715,150.22999572753906
2022-12-19,130.160888671875,84.91999816894531,87.71504211425781,113.588623046875,233.794189453125,16.23686408996582,149.8699951171875
2022-12-20,130.09207153320312,85.19000244140625,88.29027557373047,116.17829132080078,235.10682678222656,16.068042755126953,137.8000030517578
2022-12-21,133.18951416015625,86.7699966430664,88.84569549560547,118.82750701904297,237.66400146484375,16.48360824584961,137.57000732421875
2022-12-22,130.02322387695312,83.79000091552734,87.04061889648438,116.20806884765625,231.59671020507812,15.322830200195312,125.3499984741211
2022-12-23,129.6593780517578,85.25,88.4985580444336,117.12090301513672,232.12176513671875,15.189970970153809,123.1500015258789
2022-12-27,127.85993957519531,83.04000091552734,86.67364501953125,115.96994018554688,230.40081787109375,14.106115341186523,109.0999984741211
2022-12-28,123.93653106689453,81.81999969482422,85.31486511230469,114.71974182128906,228.03802490234375,14.021203994750977,112.70999908447266
2022-12-29,127.44692993164062,84.18000030517578,87.7249526977539,119.32362365722656,234.33865356445312,14.587605476379395,121.81999969482422
2022-12-30,127.76158905029297,84.0,87.50676727294922,119.40296936035156,233.18161010742188,14.598594665527344,123.18000030517578
2023-01-03,122.98271942138672,85.81999969482422,88.38947296142578,123.76873779296875,232.94827270507812,14.299910545349121,108.0999984741211
2023-01-04,124.25119018554688,85.13999938964844,87.35798645019531,126.37826538085938,222.75836181640625,14.733452796936035,113.63999938964844
2023-01-05,122.93353271484375,83.12000274658203,85.49339294433594,125.95159912109375,216.1562957763672,14.249961853027344,110.33999633789062
2023-01-06,127.45680236816406,86.08000183105469,86.62403106689453,129.00762939453125,218.70375061035156,14.843335151672363,113.05999755859375
2023-01-09,127.97792053222656,87.36000061035156,87.2984848022461,128.4619140625,220.83316040039062,15.611528396606445,119.7699966430664
2023-01-10,128.5482635498047,89.87000274658203,87.69519805908203,131.95449829101562,222.5152587890625,15.892230987548828,118.8499984741211
2023-01-11,131.26220703125,95.08999633789062,90.76979064941406,131.85523986816406,229.24368286132812,15.984131813049316,123.22000122070312
2023-01-12,131.1835479736328,95.2699966430664,90.38297271728516,135.64552307128906,231.90789794921875,16.493595123291016,123.55999755859375
2023-01-13,132.51101684570312,98.12000274658203,91.3648681640625,135.9134063720703,232.6079559326172,16.88118553161621,122.4000015258789
2023-01-17,133.67132568359375,96.05000305175781,90.54167175292969,134.3060302734375,233.69699096679688,17.68334197998047,131.49000549316406
2023-01-18,132.9534912109375,95.45999908447266,90.3730697631836,131.98426818847656,229.28262329101562,17.358680725097656,128.77999877929688
2023-01-19,133.01251220703125,93.68000030517578,92.28726196289062,135.0898895263672,225.50999450683594,16.74732780456543,127.16999816894531
2023-01-20,135.569091796875,97.25,97.21649932861328,138.28482055664062,233.57054138183594,17.82019805908203,133.4199981689453
2023-01-23,138.75502014160156,97.5199966430664,98.97200012207031,142.15444946289062,235.86520385742188,19.172767639160156,143.75
2023-01-24,140.15135192871094,96.31999969482422,96.89913177490234,142.02545166015625,235.34019470214844,19.244691848754883,143.88999938964844
2023-01-25,139.4925079345703,97.18000030517578,94.43944549560547,140.39825439453125,233.94973754882812,19.30263328552246,144.42999267578125
2023-01-26,141.55746459960938,99.22000122070312,96.7206039428711,146.15306091308594,241.1351776123047,19.781126022338867,160.27000427246094
2023-01-27,143.4945831298828,102.23999786376953,98.55543518066406,150.55850219726562,241.29078674316406,20.34353256225586,177.89999389648438
2023-01-30,140.6134796142578,100.55000305175781,96.1453628540039,145.91494750976562,235.9916229248047,19.141801834106445,166.66000366210938
2023-01-31,141.8819580078125,103.12999725341797,98.02978515625,147.81005859375,240.95042419433594,19.516408920288086,173.22000122070312
2023-02-01,143.00291442871094,105.1500015258789,99.60674285888672,151.927734375,245.75367736816406,20.920927047729492,181.41000366210938
2023-02-02,148.30296325683594,112.91000366210938,106.85682678222656,187.30015563964844,257.275634765625,21.686115264892578,188.27000427246094
2023-02-03,151.92156982421875,103.38999938964844,103.92108917236328,185.07763671875,251.19871520996094,21.077762603759766,189.97999572753906
2023-02-06,149.19775390625,102.18000030517578,102.05650329589844,184.61126708984375,249.66238403320312,21.066768646240234,194.75999450683594
2023-02-07,152.0690460205078,102.11000061035156,106.75765228271484,190.1279754638672,260.1537780761719,22.149625778198242,196.80999755859375
2023-02-08,149.38462829589844,100.05000305175781,98.55543518066406,182.001708984375,259.3467712402344,22.18159294128418,201.2899932861328
2023-02-09,148.35214233398438,98.23999786376953,94.23118591308594,176.53463745117188,256.32281494140625,22.313453674316406,207.32000732421875
2023-02-10,148.71653747558594,97.61000061035156,93.79479217529297,172.7940216064453,255.81719970703125,21.242586135864258,196.88999938964844
2023-02-13,151.51339721679688,99.54000091552734,93.83445739746094,178.03289794921875,263.8096618652344,21.765029907226562,194.63999938964844
2023-02-14,150.8732452392578,99.69999694824219,93.90388488769531,178.08250427246094,264.6361999511719,22.946781158447266,209.25
2023-02-15,152.9709014892578,101.16000366210938,96.1453628540039,175.78054809570312,262.52093505859375,22.739999771118164,214.24000549316406
2023-02-16,151.37547302246094,98.1500015258789,94.7270736694336,171.09732055664062,255.53184509277344,21.978805541992188,202.0399932861328
2023-02-17,150.23312377929688,97.19999694824219,93.57658386230469,171.53390502929688,251.54519653320312,21.365453720092773,208.30999755859375
2023-02-21,146.2249298095703,94.58000183105469,91.03756713867188,170.74012756347656,246.291259765625,20.633228302001953,197.3699951171875
2023-02-22,146.64842224121094,95.79000091552734,90.8987045288086,169.78759765625,245.16058349609375,20.732120513916016,200.86000061035156
2023-02-23,147.13096618652344,95.81999969482422,90.14495849609375,170.70042419433594,248.33824157714844,23.639049530029297,202.07000732421875
2023-02-24,144.48184204101562,93.5,88.39937591552734,169.06329345703125,242.92832946777344,23.26145362854004,196.8800048828125
2023-02-27,145.67344665527344,93.76000213623047,89.13330841064453,168.2198944091797,243.84461975097656,23.476224899291992,207.6300048828125
2023-02-28,145.17120361328125,94.2300033569336,89.3217544555664,173.57786560058594,243.123291015625,23.191530227661133,205.7100067138672
2023-03-01,143.1031036376953,92.16999816894531,89.61930084228516,172.06968688964844,240.0528564453125,22.674074172973633,202.77000427246094
2023-03-02,143.69398498535156,92.12999725341797,91.245849609375,173.1710205078125,244.7706298828125,23.289424896240234,190.89999389648438
2023-03-03,148.73622131347656,94.9000015258789,92.88233184814453,183.8075714111328,248.84510803222656,23.86481285095215,197.7899932861328
2023-03-06,151.49366760253906,93.75,94.3501968383789,183.4602813720703,250.38526916503906,23.5291690826416,193.80999755859375
2023-03-07,149.2975616455078,93.55000305175781,93.09060668945312,183.07334899902344,247.73390197753906,23.267404556274414,187.7100067138672
2023-03-08,150.54827880859375,93.91999816894531,93.4774169921875,183.52976989746094,247.29525756835938,24.15961265563965,182.0
2023-03-09,148.30288696289062,92.25,91.563232421875,180.27529907226562,245.9501190185547,23.41527557373047,172.9199981689453
2023-03-10,146.24465942382812,90.7300033569336,89.88707733154297,178.1122589111328,242.3142547607422,22.944690704345703,173.44000244140625
2023-03-13,148.18470764160156,92.43000030517578,90.36315155029297,179.49142456054688,247.50970458984375,22.945688247680664,174.47999572753906
2023-03-14,150.27252197265625,94.87999725341797,93.19971466064453,192.50929260253906,254.20626831054688,24.041717529296875,183.25999450683594
2023-03-15,150.6664581298828,96.19999694824219,95.3221664428711,196.21023559570312,258.7388916015625,24.20656967163086,180.4499969482422
2023-03-16,153.4830322265625,100.04000091552734,99.4976577758789,203.33433532714844,269.2273254394531,25.518409729003906,184.1300048828125
2023-03-17,152.64593505859375,98.94999694824219,100.78699493408203,194.08689880371094,272.375732421875,25.70224380493164,180.1300048828125
2023-03-20,155.00949096679688,97.70999908447266,100.39027404785156,196.269775390625,265.35748291015625,25.877090454101562,183.25
2023-03-21,156.86090087890625,100.61000061035156,104.05994415283203,200.5858917236328,266.8683166503906,26.17582893371582,197.5800018310547
2023-03-22,155.4329376220703,98.69999694824219,102.52265930175781,198.2542266845703,265.4159240722656,26.44458770751953,191.14999389648438
2023-03-23,156.51620483398438,98.70999908447266,104.73436737060547,202.68942260742188,270.6503601074219,27.166950225830078,192.22000122070312
2023-03-24,157.81619262695312,98.12999725341797,104.57569122314453,204.40594482421875,273.48699951171875,26.755311965942383,190.41000366210938
2023-03-27,155.87606811523438,98.04000091552734,101.62010192871094,201.26060485839844,269.4026794433594,26.507535934448242,191.80999755859375
2023-03-28,155.2556915283203,97.23999786376953,100.20183563232422,199.11741638183594,268.2817687988281,26.386640548706055,189.19000244140625
2023-03-29,158.32830810546875,100.25,100.55889129638672,203.75108337402344,273.4284973144531,26.960134506225586,193.8800048828125
2023-03-30,159.89413452148438,102.0,100.06298828125,206.2216796875,276.8790283203125,27.358779907226562,195.27999877929688
2023-03-31,162.39556884765625,103.29000091552734,102.87971496582031,210.2897491455078,281.02178955078125,27.752431869506836,207.4600067138672
2023-04-03,163.64630126953125,102.41000366210938,103.5045394897461,211.41098022460938,279.978759765625,27.940265655517578,194.77000427246094
2023-04-04,163.11451721191406,103.94999694824219,103.86158752441406,213.04811096191406,279.9300842285156,27.42871856689453,192.5800018310547
2023-04-05,161.2729034423828,101.0999984741211,103.61363983154297,209.8333282470703,277.1617126464844,26.85722541809082,185.52000427246094
2023-04-06,162.1592559814453,102.05999755859375,107.53125762939453,214.4173583984375,284.2384338378906,27.013086318969727,185.05999755859375
2023-04-10,159.5691680908203,102.16999816894531,105.56748962402344,213.077880859375,282.084228515625,27.554607391357422,184.50999450683594
2023-04-11,158.35781860351562,99.91999816894531,104.48641967773438,212.1848602294922,275.6898193359375,27.144969940185547,186.7899932861328
2023-04-12,157.66847229003906,97.83000183105469,103.78224182128906,212.333740234375,276.3332214355469,26.47156524658203,180.5399932861328
2023-04-13,163.04556274414062,102.4000015258789,106.54936981201172,218.63426208496094,282.5228576660156,26.439592361450195,185.89999389648438
2023-04-14,162.7008514404297,102.51000213623047,107.97757720947266,219.76541137695312,278.91632080078125,26.73433494567871,185.0
2023-04-17,162.72056579589844,102.73999786376953,105.10132598876953,217.1558837890625,281.5091247558594,26.978118896484375,187.0399932861328
2023-04-18,163.94175720214844,102.30000305175781,103.64338684082031,216.1934356689453,281.0899963378906,27.64253044128418,184.30999755859375
2023-04-19,165.08412170410156,104.30000305175781,103.32600402832031,214.0204620361328,281.16802978515625,27.906293869018555,180.58999633789062
2023-04-20,164.1189727783203,103.80999755859375,104.42691040039062,211.41098022460938,278.8870849609375,27.08002471923828,162.99000549316406
2023-04-21,162.5137481689453,106.95999908447266,104.54592895507812,211.23233032226562,278.5458984375,27.095014572143555,165.0800018310547
2023-04-24,162.81903076171875,106.20999908447266,105.10132598876953,211.1331329345703,274.65667724609375,27.018081665039062,162.5500030517578
2023-04-25,161.28274536132812,102.56999969482422,102.99873352050781,205.93394470214844,268.4669494628906,26.21779441833496,160.6699981689453
2023-04-26,161.2729034423828,104.9800033569336,102.85987091064453,207.76954650878906,287.91326904296875,26.932159423828125,153.75
2023-04-27,165.85226440429688,109.81999969482422,106.70805358886719,236.7025146484375,297.13446044921875,27.201919555664062,160.19000244140625
2023-04-28,167.1029510498047,105.44999694824219,106.46012115478516,238.44876098632812,299.503173828125,27.724458694458008,164.30999755859375
2023-05-01,167.01434326171875,102.05000305175781,106.3212661743164,241.2864990234375,297.84600830078125,28.884429931640625,161.8300018310547
2023-05-02,165.98028564453125,103.62999725341797,104.45667266845703,237.37721252441406,297.6998291015625,28.185049057006836,160.30999755859375
2023-05-03,164.90684509277344,103.6500015258789,104.54592895507812,235.18441772460938,296.7153625488281,27.777408599853516,160.61000061035156
2023-05-04,163.2720489501953,104.0,103.83184051513672,231.70172119140625,297.6998291015625,27.53762435913086,161.1999969482422
2023-05-05,170.9338836669922,105.66000366210938,104.70460510253906,230.96749877929688,302.8074951171875,28.65463638305664,170.05999755859375
2023-05-08,170.86495971679688,105.83000183105469,106.8865737915039,231.4536895751953,300.8580322265625,29.12521743774414,171.7899932861328
2023-05-09,169.16122436523438,106.62000274658203,106.47002410888672,231.55287170410156,299.2496643066406,28.54572868347168,169.14999389648438
2023-05-10,170.924072265625,110.19000244140625,110.8339614868164,231.26516723632812,304.4256286621094,28.859455108642578,168.5399932861328
2023-05-11,171.1111602783203,112.18000030517578,115.61445617675781,233.9540557861328,302.2811584472656,28.552722930908203,172.0800018310547
2023-05-12,170.1841583251953,110.26000213623047,116.54673767089844,231.98947143554688,301.169921875,28.3149356842041,167.97999572753906
2023-05-15,169.69107055664062,111.19999694824219,115.55493927001953,237.00015258789062,301.6476135253906,28.927391052246094,166.35000610351562
2023-05-16,169.69107055664062,113.4000015258789,118.53035736083984,236.96046447753906,303.87005615234375,29.18716049194336,166.52000427246094
2023-05-17,170.30245971679688,115.5,119.84944152832031,240.6018829345703,306.7420654296875,30.15130615234375,173.86000061035156
2023-05-18,172.6298828125,118.1500015258789,121.8231430053711,244.92796325683594,311.1576232910156,31.649982452392578,176.88999938964844
2023-05-19,172.73834228515625,116.25,121.75370788574219,243.72735595703125,310.9817199707031,31.236345291137695,180.13999938964844
2023-05-22,171.79159545898438,115.01000213623047,124.02494049072266,246.38650512695312,313.7560729980469,31.148426055908203,188.8699951171875
2023-05-23,169.1881103515625,114.98999786376953,121.55533599853516,244.8188018798828,307.97296142578125,30.660856246948242,185.77000427246094
2023-05-24,169.46424865722656,116.75,119.9089584350586,247.26956176757812,306.5955810546875,30.5109920501709,182.89999389648438
2023-05-25,170.59835815429688,115.0,122.46781158447266,250.7224884033203,318.3865966796875,37.946407318115234,184.47000122070312
2023-05-26,173.00457763671875,120.11000061035156,123.58853912353516,259.9996643066406,325.1954345703125,38.911556243896484,193.1699981689453
2023-05-30,174.84873962402344,121.66000366210938,122.65625762939453,260.47589111328125,323.55419921875,40.075523376464844,201.16000366210938
2023-05-31,174.79945373535156,120.58000183105469,121.8628158569336,262.6588134765625,320.7994384765625,37.800533294677734,203.92999267578125
2023-06-01,177.60015869140625,122.7699966430664,122.7058334350586,270.4873352050781,324.8926086425781,39.734825134277344,207.52000427246094
2023-06-02,178.44827270507812,124.25,123.6480484008789,270.4873352050781,327.64739990234375,39.29221725463867,213.97000122070312
2023-06-05,177.0972442626953,125.30000305175781,124.97705841064453,269.27685546875,328.1749572753906,39.1363525390625,217.61000061035156
2023-06-06,176.7323760986328,126.61000061035156,126.26640319824219,269.00897216796875,325.96722412109375,38.61981201171875,221.30999755859375
2023-06-07,175.36158752441406,121.2300033569336,121.49583435058594,261.5475158691406,315.90521240234375,37.44572067260742,224.57000732421875
2023-06-08,178.07357788085938,124.25,121.13878631591797,262.51983642578125,317.7417907714844,38.47991943359375,234.86000061035156
2023-06-09,178.45819091796875,123.43000030517578,121.22805786132812,262.88702392578125,319.2364807128906,38.73971939086914,244.39999389648438
2023-06-12,181.2490692138672,126.56999969482422,122.62649536132812,268.939453125,324.1794738769531,39.4511604309082,249.8300018310547
2023-06-13,180.77566528320312,126.66000366210938,122.81493377685547,269.2073974609375,326.5631103515625,40.989959716796875,258.7099914550781
2023-06-14,181.40682983398438,126.41999816894531,122.65625762939453,271.2215881347656,329.5426025390625,42.963417053222656,256.7900085449219
2023-06-15,183.43832397460938,127.11000061035156,124.06461334228516,279.635498046875,340.05389404296875,42.619686126708984,255.89999389648438
2023-06-16,182.3634033203125,125.48999786376953,122.51740264892578,278.81201171875,334.4172058105469,42.65864944458008,260.5400085449219
2023-06-20,182.45216369628906,125.77999877929688,122.09092712402344,282.1161193847656,330.2361755371094,43.77377700805664,274.45001220703125
2023-06-21,181.41665649414062,124.83000183105469,119.56183624267578,279.4469909667969,325.8499755859375,43.01137924194336,259.4599914550781
2023-06-22,184.41464233398438,130.14999389648438,122.14051055908203,282.6617736816406,331.8578186035156,42.991397857666016,264.6099853515625
2023-06-23,184.0990753173828,129.3300018310547,121.33714294433594,286.4818420410156,327.27618408203125,42.176029205322266,256.6000061035156
2023-06-26,182.7085723876953,127.33000183105469,117.36994171142578,276.3017883300781,321.004638671875,40.60026168823242,241.0500030517578
2023-06-27,185.45999145507812,129.17999267578125,117.36002349853516,284.81488037109375,326.83660888671875,41.843292236328125,250.2100067138672
2023-06-28,186.63352966308594,129.0399932861328,119.19486236572266,283.06866455078125,328.0870056152344,41.08488082885742,256.239990234375
2023-06-29,186.96884155273438,127.9000015258789,118.12370300292969,279.337890625,327.3055114746094,40.79011154174805,257.5
2023-06-30,191.2882843017578,130.36000061035156,118.71878051757812,284.7455139160156,332.6685791015625,42.268959045410156,261.7699890136719
2023-07-03,189.79917907714844,130.22000122070312,118.91714477539062,283.79290771484375,330.1775817871094,42.37986373901367,279.82000732421875
2023-07-05,188.68479919433594,130.3800048828125,120.75199127197266,292.0778503417969,330.33380126953125,42.28395080566406,282.4800109863281
2023-07-06,189.15814208984375,128.36000061035156,119.12543487548828,289.71649169921875,333.3818054199219,42.07011795043945,276.5400085449219
2023-07-07,188.0437469482422,129.77999877929688,118.50059509277344,288.2677917480469,329.42535400390625,42.46979522705078,274.42999267578125
2023-07-10,186.00241088867188,127.12999725341797,115.49542999267578,291.8100280761719,324.1599426269531,42.14705276489258,269.6099853515625
2023-07-11,185.47972106933594,128.77999877929688,116.1797866821289,295.9673767089844,324.7850646972656,42.371883392333984,269.7900085449219
2023-07-12,187.1463623046875,130.8000030517578,117.9551010131836,306.9313659667969,329.4057922363281,43.86770248413086,271.989990234375
2023-07-13,187.90570068359375,134.3000030517578,123.51911163330078,310.96966552734375,334.7395935058594,45.94108963012695,277.8999938964844
2023-07-14,188.0536346435547,134.67999267578125,124.39189910888672,306.46502685546875,337.2599182128906,45.43347930908203,281.3800048828125
2023-07-17,191.30801391601562,133.55999755859375,123.62821197509766,308.2013854980469,337.7386169433594,46.42470932006836,290.3800048828125
2023-07-18,191.05160522460938,132.8300018310547,122.74551391601562,309.6202392578125,351.1805725097656,47.45690155029297,293.3399963378906
2023-07-19,192.4026641845703,135.36000061035156,121.02967834472656,313.5494384765625,346.87249755859375,47.040225982666016,291.260009765625
2023-07-20,190.45989990234375,129.9600067138672,118.22288513183594,300.1644287109375,338.852294921875,45.48443603515625,262.8999938964844
2023-07-21,189.28636169433594,130.0,119.03616333007812,291.96881103515625,335.8239440917969,44.274383544921875,260.0199890136719
2023-07-24,190.08514404296875,128.8000030517578,120.5337905883789,289.3394470214844,337.1329650878906,44.5771484375,269.05999755859375
2023-07-25,190.94314575195312,129.1300048828125,121.20821380615234,292.1771240234375,342.8673095703125,45.643314361572266,265.2799987792969
2023-07-26,191.8109588623047,128.14999389648438,128.21035766601562,296.2452392578125,329.9626159667969,45.41649627685547,264.3500061035156
2023-07-27,190.54867553710938,128.25,128.33926391601562,309.2828369140625,323.0755920410156,45.8641471862793,255.7100067138672
2023-07-28,193.12258911132812,132.2100067138672,131.4932098388672,322.94573974609375,330.54876708984375,46.71348571777344,266.44000244140625
2023-07-31,193.73399353027344,133.67999267578125,131.63206481933594,316.1192321777344,328.1554260253906,46.69249725341797,267.42999267578125
2023-08-01,192.90562438964844,131.69000244140625,130.47166442871094,320.1972351074219,328.5657043457031,46.47066879272461,261.07000732421875
2023-08-02,189.91749572753906,128.2100067138672,127.32764434814453,311.8626403808594,319.9300231933594,44.23442077636719,254.11000061035156
2023-08-03,188.52700805664062,128.91000366210938,127.39705657958984,310.7513732910156,319.1094055175781,44.480228424072266,259.32000732421875
2023-08-04,179.4739227294922,139.57000732421875,127.05984497070312,308.3105163574219,320.20355224609375,44.64509582519531,253.86000061035156
2023-08-07,176.37734985351562,142.22000122070312,130.45179748535156,314.0951232910156,322.47967529296875,45.38153076171875,251.4499969482422
2023-08-08,177.31417846679688,139.94000244140625,130.32289123535156,310.2056579589844,318.51348876953125,44.629119873046875,249.6999969482422
2023-08-09,175.72645568847656,137.85000610351562,128.59713745117188,302.83355712890625,314.7818603515625,42.520755767822266,242.19000244140625
2023-08-10,175.50949096679688,138.55999755859375,128.62689208984375,303.359375,315.46563720703125,42.354896545410156,245.33999633789062
2023-08-11,175.56874084472656,138.41000366210938,128.4979705810547,299.2913513183594,313.5899963378906,40.823089599609375,242.64999389648438
2023-08-14,177.21791076660156,140.57000732421875,130.2534637451172,303.8058776855469,316.5500183105469,43.71882629394531,239.75999450683594
2023-08-15,175.23297119140625,137.6699981689453,128.71615600585938,299.5989074707031,314.42034912109375,43.905670166015625,232.9600067138672
2023-08-16,174.364013671875,135.07000732421875,127.64501190185547,291.99859619140625,313.6568603515625,43.452030181884766,225.60000610351562
2023-08-17,171.82608032226562,133.97999572753906,128.8550262451172,282.8702087402344,310.21087646484375,43.31014633178711,219.22000122070312
2023-08-18,172.30999755859375,133.22000122070312,126.4151840209961,281.0445251464844,309.8193359375,43.26518249511719,215.49000549316406
2023-08-21,173.64309692382812,134.67999267578125,127.31769561767578,287.6427307128906,315.1056823730469,46.9303092956543,231.27999877929688
2023-08-22,175.0157470703125,134.25,128.02191162109375,285.3606262207031,315.6734313964844,45.632328033447266,233.19000244140625
2023-08-23,178.8571319580078,135.52000427246094,131.284912109375,291.94891357421875,320.1178894042969,47.079200744628906,236.86000061035156
2023-08-24,174.17633056640625,131.83999633789062,128.71615600585938,284.51727294921875,313.2358703613281,47.126155853271484,230.0399932861328
2023-08-25,176.3784942626953,133.25999450683594,128.81533813476562,283.2770080566406,316.1825256347656,45.982059478759766,238.58999633789062
2023-08-28,177.93878173828125,133.13999938964844,129.9360809326172,287.9999694824219,316.8874206542969,46.79841613769531,238.82000732421875
2023-08-29,181.81964111328125,134.91000366210938,133.46690368652344,295.6697692871094,321.4981994628906,48.74589920043945,257.17999267578125
2023-08-30,185.3055419921875,135.07000732421875,134.76617431640625,292.80224609375,321.8702392578125,49.22551727294922,256.8999938964844
2023-08-31,185.52281188964844,138.00999450683594,135.0537872314453,293.5860900878906,320.8619079589844,49.31645584106445,258.0799865722656
2023-09-01,187.09295654296875,138.1199951171875,134.54795837402344,294.072265625,321.74298095703125,48.47111129760742,245.00999450683594
2023-09-05,187.32994079589844,137.27000427246094,134.65708923339844,297.8128967285156,326.5300598144531,48.510074615478516,256.489990234375
2023-09-06,180.62477111816406,135.36000061035156,133.35781860351562,296.8406066894531,325.8741760253906,47.02811813354492,251.9199981689453
2023-09-07,175.34161376953125,137.85000610351562,134.1512451171875,296.344482421875,322.96661376953125,46.20869064331055,251.49000549316406
2023-09-08,175.95388793945312,138.22999572753906,135.2620849609375,295.570556640625,327.2348937988281,45.540157318115234,248.5
2023-09-11,177.11912536621094,143.10000610351562,135.79763793945312,305.16522216796875,330.8276672363281,45.146427154541016,273.5799865722656
2023-09-12,174.0973663330078,141.22999572753906,134.23057556152344,299.3111267089844,324.7874755859375,44.838645935058594,267.4800109863281
2023-09-13,172.03347778320312,144.85000610351562,135.58937072753906,302.6846923828125,328.9872131347656,45.453224182128906,271.29998779296875
2023-09-14,173.54437255859375,144.72000122070312,136.96798706054688,309.2928161621094,331.5716552734375,45.54915237426758,276.0400085449219
2023-09-15,172.823486328125,140.38999938964844,136.27369689941406,297.9717102050781,323.2701416015625,43.869319915771484,274.3900146484375
2023-09-18,175.7464599609375,139.97999572753906,137.07705688476562,300.1941833496094,322.13458251953125,43.935279846191406,265.2799987792969
2023-09-19,176.83277893066406,137.6300048828125,136.908447265625,302.6946105957031,321.7331848144531,43.48958969116211,266.5
2023-09-20,173.2974853515625,135.2899932861328,132.64370727539062,297.336669921875,314.0190124511719,42.2094841003418,262.5899963378906
2023-09-21,171.7569580078125,129.3300018310547,129.37075805664062,293.4273376464844,312.80511474609375,40.988338470458984,255.6999969482422
2023-09-22,172.60621643066406,129.1199951171875,129.18228149414062,296.7511901855469,310.3382263183594,41.5809211730957,244.8800048828125
2023-09-25,173.880126953125,131.27000427246094,130.03526306152344,298.48760986328125,310.85699462890625,42.19249725341797,246.99000549316406
2023-09-26,169.8115997314453,125.9800033569336,127.51609802246094,296.63214111328125,305.5706481933594,41.881717681884766,244.1199951171875
2023-09-27,168.30068969726562,125.9800033569336,129.4699249267578,295.421630859375,306.20697021484375,42.43832778930664,240.5
2023-09-28,168.55746459960938,125.9800033569336,131.22544860839844,301.59326171875,307.0390930175781,43.058895111083984,246.3800048828125
2023-09-29,169.0709686279297,127.12000274658203,129.78732299804688,297.8724670410156,309.10467529296875,43.468605041503906,250.22000122070312
2023-10-02,171.5792236328125,129.4600067138672,133.07017517089844,304.43096923828125,315.02734375,44.75070571899414,251.60000610351562
2023-10-03,170.24609375,124.72000122070312,131.34445190429688,298.59674072265625,306.7943420410156,43.48658752441406,246.52999877929688
2023-10-04,171.49034118652344,127.0,134.13140869140625,303.2005920410156,312.2471008300781,44.010223388671875,261.1600036621094
2023-10-05,172.72474670410156,125.95999908447266,133.96279907226562,302.4167785644531,312.638671875,44.65677261352539,260.04998779296875
2023-10-06,175.27252197265625,127.95999908447266,136.45223999023438,312.97393798828125,320.3724365234375,45.73002243041992,260.5299987792969
2023-10-09,176.75376892089844,128.25999450683594,137.2853546142578,315.88116455078125,322.8785705566406,45.241363525390625,259.6700134277344
2023-10-10,176.16123962402344,129.47999572753906,136.92828369140625,319.3340148925781,321.47869873046875,45.765995025634766,263.6199951171875
2023-10-11,177.55361938476562,131.8300018310547,139.3978729248047,325.2674865722656,325.4237976074219,46.77328872680664,262.989990234375
2023-10-12,178.4522705078125,132.3300018310547,137.83084106445312,321.6359558105469,324.19036865234375,46.912193298339844,258.8699951171875
2023-10-13,176.61550903320312,129.7899932861328,136.23403930664062,312.23974609375,320.83251953125,45.42922592163086,251.1199951171875
2023-10-16,176.48712158203125,132.5500030517578,137.9597625732422,318.6494140625,325.63922119140625,46.06279373168945,253.9199981689453
2023-10-17,174.93673706054688,131.47000122070312,138.57469177246094,321.47723388671875,325.0714111328125,43.90729522705078,254.85000610351562
2023-10-18,173.64309692382812,128.1300048828125,136.82911682128906,314.501953125,323.1624450683594,42.16651916503906,242.67999267578125
2023-10-19,173.26785278320312,128.39999389648438,136.62083435058594,310.3743591308594,324.3469543457031,42.07158660888672,220.11000061035156
2023-10-20,170.72010803222656,125.16999816894531,134.4884490966797,306.2467346191406,319.7948303222656,41.35807800292969,211.99000549316406
2023-10-23,170.83859252929688,126.55999755859375,135.38107299804688,311.56500244140625,322.38909912109375,42.944969177246094,212.0800018310547
2023-10-24,171.27313232421875,128.55999755859375,137.67213439941406,310.1163330078125,323.5736083984375,43.632484436035156,216.52000427246094
2023-10-25,168.96234130859375,121.38999938964844,124.58035278320312,297.19775390625,333.5002136230469,41.74980545043945,212.4199981689453
2023-10-26,164.80491638183594,119.56999969482422,121.27764129638672,286.10479736328125,320.9892272949219,40.297821044921875,205.75999450683594
2023-10-27,166.11831665039062,127.73999786376953,121.16853332519531,294.4195251464844,322.8687744140625,40.471702575683594,207.3000030517578
2023-10-30,168.16244506835938,132.7100067138672,123.43977355957031,300.3033447265625,330.2109680175781,41.132240295410156,197.36000061035156
2023-10-31,168.636474609375,133.08999633789062,123.06289672851562,298.9242248535156,330.9941101074219,40.751502990722656,200.83999633789062
2023-11-01,171.7964630126953,137.0,125.41346740722656,309.4218444824219,338.78656005859375,42.295433044433594,205.66000366210938
2023-11-02,175.35150146484375,138.07000732421875,126.4449462890625,308.4494934082031,340.98919677734375,43.4755973815918,218.50999450683594
2023-11-03,174.44297790527344,138.60000610351562,128.04176330566406,312.1503601074219,345.3748779296875,44.97355651855469,219.9600067138672
2023-11-06,176.9907684326172,139.74000549316406,129.18228149414062,313.3410949707031,349.02642822265625,45.719032287597656,219.27000427246094
2023-11-07,179.54843139648438,142.7100067138672,129.89639282226562,316.33758544921875,352.9421691894531,45.922889709472656,222.17999267578125
2023-11-08,180.6050262451172,142.0800018310547,130.75927734375,317.2900390625,355.5560607910156,46.54145812988281,222.11000061035156
2023-11-09,180.1310577392578,140.60000610351562,129.17239379882812,318.0540771484375,353.098876953125,46.91719055175781,209.97999572753906
2023-11-10,184.3136749267578,143.55999755859375,131.5031280517578,326.2099914550781,361.8898620605469,48.30122375488281,214.64999389648438
2023-11-13,182.73158264160156,142.58999633789062,131.00721740722656,326.62677001953125,358.9627685546875,48.586021423339844,223.7100067138672
2023-11-14,185.342041015625,145.8000030517578,132.524658203125,333.6913757324219,362.4772033691406,49.62129592895508,237.41000366210938
2023-11-15,185.9056396484375,143.1999969482422,133.5164794921875,330.1194152832031,362.62432861328125,48.85383987426758,242.83999633789062
2023-11-16,187.58663940429688,142.8300018310547,135.80752563476562,331.5878601074219,369.0005187988281,49.4454231262207,233.58999633789062
2023-11-17,187.56687927246094,145.17999267578125,134.20082092285156,332.4312744140625,362.8009948730469,49.26355743408203,234.3000030517578
2023-11-20,189.30715942382812,146.1300048828125,135.1331329345703,337.3228454589844,370.24627685546875,50.37377166748047,235.60000610351562
2023-11-21,188.5062255859375,143.89999389648438,135.8472442626953,334.35614013671875,365.95953369140625,49.90910720825195,241.1999969482422
2023-11-22,189.1687469482422,146.7100067138672,137.35476684570312,338.8310241699219,370.6484680175781,48.68195343017578,234.2100067138672
2023-11-24,187.84373474121094,146.74000549316406,135.5695037841797,335.596435546875,370.2364807128906,47.74261474609375,235.4499969482422
2023-11-27,187.66575622558594,147.72999572753906,135.29180908203125,332.0939025878906,371.3940124511719,48.20829391479492,236.0800018310547
2023-11-28,188.2688751220703,147.02999877929688,136.07533264160156,336.35052490234375,375.40606689453125,47.7875862121582,246.72000122070312
2023-11-29,187.25045776367188,146.32000732421875,133.88343811035156,329.61334228515625,371.62945556640625,48.10636520385742,244.13999938964844
2023-11-30,187.82395935058594,146.08999633789062,131.44361877441406,324.6026916503906,371.6882629394531,46.73731994628906,240.0800018310547
2023-12-01,189.09951782226562,147.02999877929688,130.7790985107422,322.2908020019531,367.3721008300781,46.73231887817383,238.8300018310547
2023-12-04,187.30975341796875,144.83999633789062,128.21035766601562,317.5281982421875,362.1044616699219,45.47819519042969,235.5800018310547
2023-12-05,191.255126953125,146.8800048828125,129.916259765625,315.81170654296875,365.4200744628906,46.53755187988281,238.72000122070312
2023-12-06,190.16741943359375,144.52000427246094,128.95419311523438,314.97821044921875,361.7709655761719,45.475196838378906,239.3699951171875
2023-12-07,192.09559631347656,146.8800048828125,135.80752563476562,324.0469970703125,363.8800048828125,46.56753158569336,242.63999938964844
2023-12-08,193.51947021484375,147.4199981689453,133.88343811035156,330.15911865234375,367.09747314453125,47.47697448730469,243.83999633789062
2023-12-11,191.01779174804688,145.88999938964844,132.19737243652344,322.7472839355469,364.2232971191406,46.598514556884766,239.74000549316406
2023-12-12,192.53065490722656,147.47999572753906,131.43368530273438,331.61761474609375,367.2445983886719,47.62788772583008,237.00999450683594
2023-12-13,195.74427795410156,148.83999633789062,131.4832763671875,332.133544921875,367.2348327636719,48.05862808227539,239.2899932861328
2023-12-14,195.89260864257812,147.4199981689453,130.8584442138672,330.57586669921875,358.9556579589844,48.32046127319336,251.0500030517578
2023-12-15,195.35867309570312,149.97000122070312,131.5130615234375,332.31219482421875,363.6641845703125,48.860137939453125,253.5
2023-12-18,193.6974639892578,154.07000732421875,134.6868133544922,341.9366455078125,365.5475769042969,50.046409606933594,252.0800018310547
2023-12-19,194.73570251464844,153.7899932861328,135.52981567382812,347.6319274902344,366.1459655761719,49.573692321777344,257.2200012207031
2023-12-20,192.64930725097656,152.1199951171875,137.20599365234375,346.5603332519531,363.5562744140625,48.081607818603516,247.13999938964844
2023-12-21,192.50099182128906,153.83999633789062,139.2689666748047,351.3329162597656,366.4206237792969,48.96006774902344,254.5
2023-12-22,191.43310546875,153.4199981689453,140.3302001953125,350.63836669921875,367.44073486328125,48.8001708984375,252.5399932861328
2023-12-26,190.8892822265625,153.41000366210938,140.35992431640625,352.06719970703125,367.519287109375,49.2488899230957,256.6099853515625
2023-12-27,190.98812866210938,153.33999633789062,139.2193603515625,355.0437927246094,366.9405212402344,49.38680648803711,261.44000244140625
2023-12-28,191.41331481933594,153.3800048828125,139.08050537109375,355.5299987792969,368.1274719238281,49.49175262451172,253.17999267578125
2023-12-29,190.37506103515625,151.94000244140625,138.54493713378906,351.20391845703125,368.87298583984375,49.49175262451172,248.47999572753906
2024-01-02,183.5621795654297,149.92999267578125,137.03738403320312,343.5936584472656,363.8014831542969,48.13856887817383,248.4199981689453
2024-01-03,182.18775939941406,148.47000122070312,137.78121948242188,341.787841796875,363.5366516113281,47.539939880371094,238.4499969482422
2024-01-04,179.87393188476562,144.57000732421875,135.27197265625,344.417236328125,360.9273681640625,47.96867752075195,237.92999267578125
2024-01-05,179.152099609375,145.24000549316406,134.6173858642578,349.20953369140625,360.74102783203125,49.06700897216797,237.49000549316406
2024-01-08,183.4830780029297,149.10000610351562,137.70188903808594,355.8673095703125,367.5486755371094,52.22107696533203,240.4499969482422
2024-01-09,183.06777954101562,151.3699951171875,139.79458618164062,354.6469421386719,368.6277770996094,53.10753631591797,234.9600067138672
2024-01-10,184.10604858398438,153.72999572753906,141.1136932373047,367.58538818359375,375.4747314453125,54.316795349121094,233.94000244140625
2024-01-11,183.51275634765625,155.17999267578125,140.91534423828125,366.7916564941406,377.2992858886719,54.78850555419922,227.22000122070312
2024-01-12,183.83905029296875,154.6199951171875,141.4806365966797,371.5740966796875,381.0660705566406,54.676578521728516,218.88999938964844
2024-01-16,181.57469177246094,153.16000366210938,141.3219757080078,364.5987854003906,382.8317565917969,56.347557067871094,219.91000366210938
2024-01-17,180.63534545898438,151.7100067138672,140.31033325195312,365.501708984375,382.0470275878906,56.018760681152344,215.5500030517578
2024-01-18,186.51870727539062,153.5,142.30384826660156,373.2012939453125,386.3631286621094,57.072113037109375,211.8800048828125
2024-01-19,189.41592407226562,155.33999633789062,145.1800994873047,380.4643249511719,391.0716857910156,59.454654693603516,212.19000244140625
2024-01-22,191.7198486328125,154.77999877929688,144.79330444335938,378.8072814941406,388.95281982421875,59.617557525634766,208.8000030517578
2024-01-23,192.99537658691406,156.02000427246094,145.8346710205078,382.2007141113281,391.2972717285156,59.83642578125,209.13999938964844
2024-01-24,192.32302856445312,156.8699951171875,147.48106384277344,387.6578674316406,394.88751220703125,61.32451248168945,207.8300018310547
2024-01-25,191.9967041015625,157.75,150.6250762939453,390.1185607910156,397.15350341796875,61.5793571472168,182.6300048828125
2024-01-26,190.26629638671875,159.1199951171875,150.94244384765625,391.07110595703125,396.2314453125,60.99371337890625,183.25
2024-01-29,189.5840301513672,161.25999450683594,152.25161743164062,397.89752197265625,401.91107177734375,62.426841735839844,190.92999267578125
2024-01-30,185.935302734375,159.0,150.2184600830078,396.94500732421875,400.8026123046875,62.73564529418945,191.58999633789062
2024-01-31,182.33604431152344,155.1999969482422,138.9515380859375,387.10223388671875,390.0024719238281,61.48941421508789,187.2899932861328
2024-02-01,184.76853942871094,159.27999877929688,140.0028839111328,391.7060546875,396.0842590332031,62.98849868774414,188.86000061035156
2024-02-02,183.7698516845703,171.80999755859375,141.212890625,471.2914733886719,403.3824768066406,66.11959838867188,187.91000366210938
2024-02-05,185.57936096191406,170.30999755859375,142.50221252441406,455.8328552246094,397.9185791015625,69.2896499633789,181.05999755859375
2024-02-06,187.1812286376953,169.14999389648438,142.91879272460938,451.17938232421875,397.7617492675781,68.18132019042969,185.10000610351562
2024-02-07,187.2899932861328,170.52999877929688,144.34698486328125,465.93359375,406.15850830078125,70.0561752319336,187.5800018310547
2024-02-08,186.21218872070312,169.83999633789062,144.71395874023438,466.3404541015625,406.2173767089844,69.59844970703125,189.55999755859375
2024-02-09,186.97454833984375,174.4499969482422,147.7786102294922,464.465087890625,412.53466796875,72.08894348144531,193.57000732421875
2024-02-12,185.29141235351562,172.33999633789062,146.32064819335938,465.24896240234375,407.3454895019531,72.203857421875,188.1300048828125
2024-02-13,183.20236206054688,168.63999938964844,143.9502716064453,456.5373229980469,398.57586669921875,72.08394622802734,184.02000427246094
2024-02-14,182.32122802734375,170.97999572753906,144.74368286132812,469.5948486328125,402.42822265625,73.85486602783203,188.7100067138672
2024-02-15,182.0341033935547,169.8000030517578,141.59970092773438,480.26116943359375,399.54876708984375,72.61361694335938,200.4499969482422
2024-02-16,180.49948120117188,169.50999450683594,139.36813354492188,469.634521484375,397.0919189453125,72.56863403320312,199.9499969482422
2024-02-20,179.75692749023438,167.0800018310547,139.9632110595703,468.0767822265625,395.8438415527344,69.4095687866211,193.75999450683594
2024-02-21,180.50941467285156,168.58999633789062,141.38148498535156,464.8785095214844,395.24432373046875,67.4307861328125,194.77000427246094
2024-02-22,182.5390167236328,174.5800018310547,142.90882873535156,482.8565979003906,404.5509948730469,78.49002838134766,197.41000366210938
2024-02-23,180.70741271972656,174.99000549316406,142.77992248535156,480.770751953125,403.2635803222656,78.76885223388672,191.97000122070312
2024-02-26,179.36090087890625,174.72999572753906,136.44232177734375,478.4961242675781,400.51190185546875,79.04369354248047,199.39999389648438
2024-02-27,180.8163299560547,173.5399932861328,137.74154663085938,483.7703857421875,400.4529113769531,78.65292358398438,199.72999572753906
2024-02-28,179.6183319091797,173.16000366210938,135.2620849609375,480.7607727050781,400.6887512207031,77.61556243896484,202.0399932861328
2024-02-29,178.95498657226562,176.75999450683594,137.3250274658203,486.82965087890625,406.5067138671875,79.06368255615234,201.8800048828125
2024-03-01,177.8758087158203,178.22000122070312,136.01583862304688,498.91766357421875,408.33465576171875,82.22872924804688,202.63999938964844
2024-03-04,173.36105346679688,177.5800018310547,132.25689697265625,494.8353576660156,407.7646789550781,85.18492126464844,188.13999938964844
2024-03-05,168.43052673339844,174.1199951171875,131.58248901367188,486.9190673828125,395.7061767578125,85.91551971435547,180.74000549316406
2024-03-06,167.44046020507812,173.50999450683594,130.32289123535156,492.7495422363281,395.1558837890625,88.64997100830078,176.5399932861328
2024-03-07,167.3216552734375,176.82000732421875,133.2784423828125,508.7411193847656,402.0842590332031,92.61672973632812,178.64999389648438
2024-03-08,169.03448486328125,175.35000610351562,134.30001831054688,502.5431213378906,399.21466064453125,87.47863006591797,175.33999633789062
2024-03-11,171.03443908691406,171.9600067138672,136.54148864746094,480.3337097167969,397.54400634765625,85.72561645507812,177.77000427246094
2024-03-12,171.50965881347656,175.38999938964844,137.36468505859375,496.3848876953125,408.1184387207031,91.86116027832031,177.5399932861328
2024-03-13,169.43052673339844,176.55999755859375,138.6441192626953,492.2330627441406,407.9415283203125,90.83673095703125,169.47999572753906
2024-03-14,171.28195190429688,178.75,141.927001953125,488.5181579589844,417.88702392578125,87.89439392089844,162.5
2024-03-15,170.90573120117188,174.4199981689453,140.022705078125,480.8403015136719,409.23870849609375,87.78746795654297,163.57000732421875
2024-03-18,171.9948272705078,174.47999572753906,146.46942138671875,493.633544921875,410.1232604980469,88.40511322021484,173.8000030517578
2024-03-19,174.3313751220703,175.89999389648438,145.8247833251953,492.8984680175781,414.1427307128906,89.34757995605469,171.32000732421875
2024-03-20,176.89561462402344,178.14999389648438,147.52073669433594,502.11602783203125,417.8968200683594,90.3210220336914,175.66000366210938
2024-03-21,169.6681365966797,178.14999389648438,146.39010620117188,504.3409423828125,421.96539306640625,91.38341522216797,172.82000732421875
2024-03-22,170.56910705566406,178.8699951171875,149.5341339111328,506.148681640625,421.3462829589844,94.2358169555664,170.8300018310547
2024-03-25,169.1533203125,179.7100067138672,148.83985900878906,499.6328430175781,415.5677490234375,94.94840240478516,172.6300048828125
2024-03-26,168.0246124267578,178.3000030517578,149.4348907470703,492.5509338378906,414.3785705566406,92.50879669189453,177.6699981689453
2024-03-27,171.5888671875,179.8300018310547,149.63328552246094,490.5345153808594,414.16229248046875,90.19911193847656,179.8300018310547
2024-03-28,169.77703857421875,180.3800048828125,149.6927947998047,482.3103332519531,413.4645690917969,90.3050308227539,175.7899932861328
2024-04-01,168.34146118164062,180.97000122070312,154.21542358398438,488.0414733886719,417.24822998046875,90.31202697753906,175.22000122070312
2024-04-02,167.16326904296875,180.69000244140625,153.29302978515625,494.0208740234375,414.17218017578125,89.40155029296875,166.6300048828125
2024-04-03,167.96522521972656,182.41000366210938,153.65005493164062,503.3277893066406,413.1992492675781,88.913818359375,168.3800048828125
2024-04-04,167.14346313476562,180.0,149.29605102539062,507.47967529296875,410.673583984375,85.85653686523438,171.11000061035156
2024-04-05,167.8959197998047,185.07000732421875,151.2499237060547,523.7891235351562,418.18182373046875,87.9583740234375,164.89999389648438
2024-04-08,166.77711486816406,185.19000244140625,153.5806884765625,515.7535400390625,417.2678527832031,87.08385467529297,172.97999572753906
2024-04-09,167.98501586914062,185.6699981689453,155.31631469726562,513.4194946289062,418.9286804199219,85.30584716796875,176.8800048828125
2024-04-10,166.11375427246094,185.9499969482422,154.86007690429688,516.3297119140625,415.9607849121094,86.98991394042969,171.75999450683594
2024-04-11,173.30169677734375,189.0500030517578,158.10328674316406,519.63720703125,420.55023193359375,90.56488037109375,174.60000610351562
2024-04-12,174.79669189453125,186.1300048828125,156.43704223632812,508.45306396484375,414.6242370605469,88.13626098632812,171.0500030517578
2024-04-15,170.9750213623047,183.6199951171875,153.590576171875,496.8616027832031,406.5067138671875,85.9524917602539,161.47999572753906
2024-04-16,167.69789123535156,183.32000732421875,153.1343231201172,496.3948059082031,407.43048095703125,87.36569213867188,157.11000061035156
2024-04-17,166.3316192626953,181.27999877929688,154.195556640625,490.8424987792969,404.7376708984375,83.98759460449219,155.4499969482422
2024-04-18,165.38113403320312,179.22000122070312,154.7311553955078,498.42108154296875,397.2982482910156,84.62322998046875,149.92999267578125
2024-04-19,163.3614044189453,174.6300048828125,152.82688903808594,477.83062744140625,392.2370910644531,76.15702056884766,147.0500030517578
2024-04-22,164.1930694580078,177.22999572753906,154.99893188476562,478.48626708984375,394.04534912109375,79.47314453125,142.0500030517578
2024-04-23,165.24252319335938,179.5399932861328,156.9627227783203,492.7594299316406,400.5413818359375,82.37651062011719,144.67999267578125
2024-04-24,167.34146118164062,176.58999633789062,157.82557678222656,490.1769714355469,402.00567626953125,79.6320571899414,162.1300048828125
2024-04-25,168.2028350830078,173.6699981689453,154.72122192382812,438.407958984375,392.1584777832031,82.58539581298828,170.17999267578125
2024-04-26,167.6186981201172,179.6199951171875,170.5404815673828,440.3050537109375,399.31292724609375,87.6855239868164,168.2899932861328
2024-04-29,171.77696228027344,180.9600067138672,164.78802490234375,429.7069396972656,395.3131103515625,87.70750427246094,194.0500030517578
2024-04-30,168.63848876953125,175.0,161.4456329345703,427.2734069824219,382.6158752441406,86.35327911376953,183.27999877929688
2024-05-01,167.6186981201172,179.0,162.51678466796875,436.2326965332031,388.129150390625,82.99414825439453,179.99000549316406
2024-05-02,171.3116455078125,184.72000122070312,165.25416564941406,438.70587158203125,390.9791259765625,85.76859283447266,180.00999450683594
2024-05-03,181.5588836669922,186.2100067138672,165.8690948486328,448.91668701171875,399.64703369140625,88.7389144897461,181.19000244140625
2024-05-06,179.9054718017578,188.6999969482422,166.72206115722656,462.54425048828125,406.40838623046875,92.08802032470703,184.75999450683594
2024-05-07,180.58859252929688,188.75999450683594,169.8462371826172,465.0870361328125,402.28082275390625,90.5029296875,177.80999755859375
2024-05-08,180.92523193359375,188.0,167.99154663085938,469.41766357421875,403.46014404296875,90.36102294921875,174.72000122070312
2024-05-09,182.73707580566406,189.5,168.5668182373047,472.21868896484375,405.2094421386719,88.69695281982422,171.97000122070312
2024-05-10,181.47796630859375,187.47999572753906,167.26751708984375,472.9934997558594,407.58770751953125,89.82731628417969,168.47000122070312
2024-05-13,184.6802215576172,186.57000732421875,167.75350952148438,464.85858154296875,406.5852966308594,90.3480224609375,171.88999938964844
2024-05-14,185.82034301757812,187.07000732421875,168.9436798095703,468.6727294921875,409.3763427734375,91.30448150634766,177.5500030517578
2024-05-15,188.0906982421875,185.99000549316406,171.09588623046875,478.2975158691406,416.5338134765625,94.57662200927734,173.99000549316406
2024-05-16,188.20962524414062,183.6300048828125,172.75222778320312,470.0434875488281,414.4761962890625,94.30577850341797,174.83999633789062
2024-05-17,188.2393798828125,184.6999969482422,174.61680603027344,468.7323303222656,413.7082824707031,92.42684936523438,177.4600067138672
2024-05-20,189.39932250976562,183.5399932861328,175.46975708007812,465.6829833984375,418.7588806152344,94.72654724121094,174.9499969482422
2024-05-21,190.6980743408203,183.14999389648438,176.39212036132812,461.5013427734375,422.40167236328125,95.33219909667969,186.60000610351562
2024-05-22,189.26051330566406,183.1300048828125,174.93417358398438,464.6301574707031,423.85870361328125,94.89645385742188,180.11000061035156
2024-05-23,185.27505493164062,181.0500030517578,172.12738037109375,462.6436462402344,420.3931884765625,103.74046325683594,173.74000549316406
2024-05-24,188.34840393066406,180.75,173.55557250976562,474.9998474121094,423.50433349609375,106.4089584350586,179.24000549316406
2024-05-28,188.35838317871094,182.14999389648438,174.95399475097656,476.68841552734375,423.6618347167969,113.83674621582031,176.75
2024-05-29,188.65577697753906,182.02000427246094,174.45811462402344,471.1658020019531,422.5296325683594,114.76023864746094,176.19000244140625
2024-05-30,189.64718627929688,179.32000732421875,170.6991729736328,463.905029296875,408.25396728515625,110.43768310546875,178.7899932861328
2024-05-31,190.59893798828125,176.44000244140625,171.08596801757812,463.6865234375,408.7068786621094,109.57115936279297,178.0800018310547
2024-06-03,192.36367797851562,178.33999633789062,171.75047302246094,474.2747497558594,407.1217956542969,114.93511962890625,176.2899932861328
2024-06-04,192.680908203125,179.33999633789062,172.3654022216797,473.7781066894531,409.6323547363281,116.37133026123047,174.77000427246094
2024-06-05,194.18783569335938,181.27999877929688,173.9721221923828,491.7264404296875,417.4494934082031,122.3709487915039,175.0
2024-06-06,192.80978393554688,185.0,175.2812957763672,490.43524169921875,417.9515380859375,120.92976379394531,177.94000244140625
2024-06-07,195.1990966796875,184.3000030517578,173.02992248535156,489.6405944824219,417.29193115234375,120.81981658935547,177.47999572753906
2024-06-10,191.46145629882812,187.05999755859375,173.77459716796875,499.21563720703125,421.249755859375,121.72130584716797,173.7899932861328
2024-06-11,205.37098693847656,187.22999572753906,175.3732452392578,504.05291748046875,425.9853210449219,120.85173797607422,170.66000366210938
2024-06-12,211.24014282226562,186.88999938964844,176.53497314453125,505.4136657714844,434.23565673828125,125.13965606689453,177.2899932861328
2024-06-13,212.40008544921875,183.8300018310547,173.92355346679688,500.70556640625,434.74761962890625,129.5475311279297,182.47000122070312
2024-06-14,210.66513061523438,183.66000366210938,175.5420379638672,501.26239013671875,435.7223205566406,131.8164520263672,178.00999450683594
2024-06-17,214.8092498779297,184.05999755859375,175.98887634277344,503.7181701660156,441.4325256347656,130.9168701171875,187.44000244140625
2024-06-18,212.4496612548828,182.80999755859375,173.85401916503906,496.6192321777344,439.4339904785156,135.51466369628906,184.86000061035156
2024-06-20,207.87925720214844,186.10000610351562,175.05551147460938,498.8165588378906,438.8038330078125,130.7169647216797,181.57000732421875
2024-06-21,205.70806884765625,189.0800018310547,178.36199951171875,491.936279296875,442.8207092285156,126.50900268554688,183.00999450683594
2024-06-24,206.3524932861328,185.57000732421875,177.9548797607422,496.04254150390625,440.743408203125,118.0530776977539,182.5800018310547
2024-06-25,207.27450561523438,186.33999633789062,182.73094177246094,507.6654052734375,443.9726257324219,126.02922821044922,187.35000610351562
2024-06-26,211.41860961914062,193.61000061035156,182.58201599121094,510.1708984375,445.1639404296875,126.3390884399414,196.3699951171875
2024-06-27,212.26129150390625,197.85000610351562,184.1011962890625,516.5738525390625,445.84326171875,123.93024444580078,197.4199981689453
2024-06-28,208.81117248535156,193.25,180.86419677734375,501.322021484375,440.0345153808594,123.48046112060547,197.8800048828125
2024-07-01,214.8885498046875,197.1999969482422,181.69830322265625,501.77935791015625,449.6632080078125,124.24009704589844,209.86000061035156
2024-07-02,218.37832641601562,200.0,183.93243408203125,506.57171630859375,452.1737060546875,122.61088562011719,231.25999450683594
2024-07-03,219.64732360839844,197.58999633789062,184.50831604003906,507.0290222167969,453.64068603515625,128.21817016601562,246.38999938964844
2024-07-05,224.39617919921875,200.0,189.2545623779297,536.806884765625,460.32562255859375,125.76937103271484,251.52000427246094
2024-07-08,225.86351013183594,199.2899932861328,187.69564819335938,526.2777709960938,459.02606201171875,128.13821411132812,252.94000244140625
2024-07-09,226.71607971191406,199.33999633789062,187.64598083496094,526.953857421875,452.42974853515625,131.3166961669922,262.3299865722656
2024-07-10,230.97915649414062,199.7899932861328,189.8304443359375,531.616943359375,459.035888671875,134.84500122070312,263.260009765625
2024-07-11,225.61563110351562,195.0500030517578,184.26010131835938,509.7532653808594,447.66461181640625,127.3386001586914,241.02999877929688
2024-07-12,228.5601043701172,194.49000549316406,183.76361083984375,496.00274658203125,446.5323791503906,129.177734375,248.22999572753906
2024-07-15,232.386962890625,192.72000122070312,185.21331787109375,493.3083801269531,446.9360656738281,128.3780975341797,252.63999938964844
2024-07-16,232.80335998535156,193.02000427246094,182.6217041015625,486.9749755859375,442.5647277832031,126.29910278320312,256.55999755859375
2024-07-17,226.9143829345703,187.92999267578125,179.74220275878906,459.334716796875,436.6576232910156,117.9331283569336,248.5
2024-07-18,222.2547149658203,183.75,176.4357147216797,473.1150817871094,433.5563659667969,121.0316390991211,249.22999572753906
2024-07-19,222.3836212158203,183.1300048828125,176.40589904785156,474.0496826171875,430.3467712402344,117.87317657470703,239.1999969482422
2024-07-22,222.03662109375,182.5500030517578,180.38758850097656,484.5987243652344,436.08660888671875,123.48046112060547,251.50999450683594
2024-07-23,223.0775909423828,186.41000366210938,180.50674438476562,485.88128662109375,437.9670104980469,122.53091430664062,246.3800048828125
2024-07-24,216.6631622314453,180.8300018310547,171.41139221191406,458.61883544921875,422.2637939453125,114.19493865966797,215.99000549316406
2024-07-25,215.62217712402344,179.85000610351562,166.09918212890625,450.8040466308594,411.92626953125,112.22589111328125,220.25
2024-07-26,216.08815002441406,182.5,165.82113647460938,463.0234375,418.6899719238281,113.0055160522461,219.8000030517578
2024-07-29,216.3657684326172,183.1999969482422,168.3332977294922,463.0333557128906,420.1274108886719,111.53620910644531,232.10000610351562
2024-07-30,216.9209442138672,181.7100067138672,169.08790588378906,460.52783203125,416.3763427734375,103.68000793457031,222.6199951171875
2024-07-31,220.17276000976562,186.97999572753906,170.3291015625,472.1009521484375,411.8770446777344,116.96359252929688,232.07000732421875
2024-08-01,216.48471069335938,184.07000732421875,169.5546112060547,494.8792419433594,410.65618896484375,109.15736389160156,216.86000061035156
2024-08-02,217.97183227539062,167.89999389648438,165.4835662841797,485.3344421386719,402.1695861816406,107.21829986572266,207.6699981689453
2024-08-05,207.4727783203125,161.02000427246094,158.12586975097656,472.99578857421875,389.03594970703125,100.40159606933594,198.8800048828125
2024-08-06,205.45030212402344,161.92999267578125,157.17263793945312,491.250244140625,393.427001953125,104.19977569580078,200.63999938964844
2024-08-07,208.01805114746094,162.77000427246094,157.81805419921875,486.1099853515625,392.2652587890625,98.86233520507812,191.75999450683594
2024-08-08,211.4780731201172,165.8000030517578,160.88624572753906,506.7008972167969,396.4593505859375,104.91940307617188,198.83999633789062
2024-08-09,214.38294982910156,166.94000244140625,162.5146484375,514.7941284179688,399.7378234863281,104.69952392578125,200.0
2024-08-12,215.9114532470703,166.8000030517578,161.14439392089844,512.9845581054688,400.51556396484375,108.96745300292969,197.49000549316406
2024-08-13,219.62364196777344,170.22999572753906,163.00119018554688,525.5021362304688,407.6042175292969,116.08402252197266,207.8300018310547
2024-08-14,220.07028198242188,170.10000610351562,159.23794555664062,523.7324829101562,410.4101257324219,118.0230941772461,201.3800048828125
2024-08-15,223.0479736328125,177.58999633789062,160.16139221191406,534.2417602539062,415.2627258300781,122.80078887939453,214.13999938964844
2024-08-16,224.3680877685547,177.05999755859375,161.80970764160156,524.3887329101562,412.7377624511719,124.51995849609375,216.1199951171875
2024-08-19,224.20925903320312,178.22000122070312,165.4934844970703,526.238037109375,415.755859375,129.93734741210938,222.72000122070312
2024-08-20,224.82464599609375,178.8800048828125,165.99989318847656,523.70263671875,418.98101806640625,127.18868255615234,221.10000610351562
2024-08-21,224.71548461914062,180.11000061035156,164.67926025390625,532.0841674804688,418.3301086425781,128.4380645751953,223.27000427246094
2024-08-22,222.85939025878906,176.1300048828125,162.64373779296875,528.872802734375,409.8577880859375,123.68036651611328,210.66000366210938
2024-08-23,225.15219116210938,177.0399932861328,164.4508819580078,524.9653930664062,411.08074951171875,129.30764770507812,220.32000732421875
2024-08-26,225.48965454101562,175.5,164.98707580566406,518.1248779296875,407.82598876953125,126.39906311035156,213.2100067138672
2024-08-27,226.33335876464844,173.1199951171875,163.51751708984375,516.116455078125,408.1711730957031,128.23817443847656,209.2100067138672
2024-08-28,224.80479431152344,170.8000030517578,161.70045471191406,513.809814453125,404.97564697265625,125.54946899414062,205.75
2024-08-29,228.08026123046875,172.1199951171875,160.63800048828125,515.2415161132812,407.46099853515625,117.5333251953125,206.27999877929688
2024-08-30,227.29612731933594,178.5,162.22671508789062,518.3138427734375,411.4259948730469,119.3124771118164,214.11000061035156
2024-09-03,221.1124725341797,176.25,156.24920654296875,508.8186950683594,403.8314514160156,107.94795989990234,210.60000610351562
2024-09-04,219.20675659179688,173.3300018310547,155.34561157226562,509.7930603027344,403.2988586425781,106.1588134765625,219.41000366210938
2024-09-05,220.7253875732422,177.88999938964844,156.13006591796875,513.8893432617188,402.79583740234375,107.15833282470703,230.1699981689453
2024-09-06,219.17698669433594,171.38999938964844,149.85467529296875,497.39471435546875,396.19744873046875,102.78044128417969,210.72999572753906
2024-09-09,219.26632690429688,175.39999389648438,147.85621643066406,501.8887939453125,400.1624450683594,106.41869354248047,216.27000427246094
2024-09-10,218.4722900390625,179.5500030517578,147.8064727783203,501.8887939453125,408.5262451171875,108.04789733886719,226.1699981689453
2024-09-11,221.00331115722656,184.52000427246094,150.29212951660156,508.8882751464844,417.2451477050781,116.8536605834961,228.1300048828125
2024-09-12,221.1124725341797,187.0,153.80186462402344,522.5791015625,421.1509094238281,119.0927734375,229.80999755859375
2024-09-13,220.844482421875,186.49000549316406,156.55596923828125,521.604736328125,424.6917419433594,119.05278015136719,230.2899932861328
2024-09-16,214.7104949951172,184.88999938964844,157.15252685546875,530.7208251953125,425.43145751953125,116.73370361328125,226.77999877929688
2024-09-17,215.1769561767578,186.8800048828125,158.40528869628906,533.7462158203125,429.1893005371094,115.54417419433594,227.8699951171875
2024-09-18,219.04795837402344,186.42999267578125,158.89247131347656,535.3683471679688,424.90875244140625,113.32505798339844,227.1999969482422
2024-09-19,227.16709899902344,189.8699951171875,161.2091064453125,556.4169311523438,432.6808166503906,117.82327270507812,243.9199981689453
2024-09-20,226.5020751953125,191.60000610351562,162.65077209472656,558.6560668945312,429.3076171875,115.95401000976562,238.25
2024-09-23,224.7849578857422,193.8800048828125,160.9207763671875,561.7013549804688,427.5717468261719,116.21391296386719,250.0
2024-09-24,225.67823791503906,193.9600067138672,161.35821533203125,560.6266479492188,423.29119873046875,120.82208251953125,254.27000427246094
2024-09-25,224.68568420410156,192.52999877929688,160.5628204345703,565.582763671875,426.19091796875,123.4610366821289,257.0199890136719
2024-09-26,225.82713317871094,191.16000366210938,161.7957000732422,565.1150512695312,425.4018859863281,123.9908218383789,254.22000122070312
2024-09-27,226.09512329101562,187.97000122070312,163.0087127685547,564.6372680664062,422.156982421875,121.35187530517578,260.4599914550781
2024-09-30,231.266357421875,186.3300018310547,164.89781188964844,569.6929321289062,424.40570068359375,121.39186096191406,261.6300048828125
2024-10-01,224.52688598632812,185.1300048828125,166.03125,573.7035522460938,414.9273681640625,116.95361328125,258.0199890136719
2024-10-02,225.09263610839844,184.75999450683594,164.90774536132812,570.0611572265625,411.4161071777344,118.80288696289062,249.02000427246094
2024-10-03,223.9908905029297,181.9600067138672,164.90774536132812,579.9733276367188,410.8342590332031,122.80130004882812,240.66000366210938
2024-10-04,225.11248779296875,186.50999450683594,166.100830078125,593.0801391601562,410.3608093261719,124.8704833984375,250.0800018310547
2024-10-07,220.04052734375,180.8000030517578,162.0442657470703,581.9737548828125,403.93011474609375,127.66937255859375,240.8300018310547
2024-10-08,224.09014892578125,182.72000122070312,163.43621826171875,590.0448608398438,409.0292663574219,132.83731079101562,244.5
2024-10-09,227.83209228515625,185.1699981689453,160.93069458007812,587.6762084960938,411.7416076660156,132.597412109375,241.0500030517578
2024-10-10,227.3358154296875,186.64999389648438,161.14944458007812,581.0282592773438,410.1437683105469,134.75656127929688,238.77000427246094
2024-10-11,225.85691833496094,188.82000732421875,162.30279541015625,587.118896484375,410.6172180175781,134.74656677246094,217.8000030517578
2024-10-14,229.57901000976562,187.5399932861328,164.01292419433594,587.5866088867188,413.3985900878906,138.01527404785156,219.16000366210938
2024-10-15,232.1100311279297,187.69000244140625,164.51004028320312,583.4566040039062,413.0040588378906,131.54783630371094,219.57000732421875
2024-10-16,230.05543518066406,186.88999938964844,164.21177673339844,574.0220336914062,410.4199523925781,135.66619873046875,221.3300018310547
2024-10-17,230.4226837158203,187.52999877929688,161.9945526123047,574.1613159179688,411.01171875,136.87571716308594,220.88999938964844
2024-10-18,233.25148010253906,188.99000549316406,162.48175048828125,573.7035522460938,412.4320068359375,137.94529724121094,220.6999969482422
2024-10-21,234.72044372558594,189.07000732421875,163.12803649902344,572.3998413085938,413.0435485839844,143.6530303955078,218.85000610351562
2024-10-22,234.10508728027344,189.6999969482422,164.19186401367188,579.2169189453125,421.6539611816406,143.5330810546875,217.97000122070312
2024-10-23,229.04299926757812,184.7100067138672,161.8454132080078,560.9849243164062,418.7837829589844,139.50466918945312,213.64999389648438
2024-10-24,228.85446166992188,186.3800048828125,161.7857666015625,565.05517578125,418.9120178222656,140.35433959960938,260.4800109863281
2024-10-25,229.6881866455078,187.8300018310547,164.3211212158203,570.4990844726562,422.2851257324219,141.48388671875,269.19000244140625
2024-10-28,231.66339111328125,188.38999938964844,165.76280212402344,575.3854370117188,420.74652099609375,140.4643096923828,262.510009765625
2024-10-29,231.93138122558594,190.8300018310547,168.705810546875,590.4329223632812,426.03314208984375,141.19400024414062,259.5199890136719
2024-10-30,228.38795471191406,192.72999572753906,173.45835876464844,588.9600219726562,426.60516357421875,139.28475952148438,257.54998779296875
2024-10-31,224.22911071777344,186.39999389648438,170.12757873535156,564.8562622070312,400.7838134765625,132.70738220214844,249.85000610351562
2024-11-01,221.25143432617188,197.92999267578125,170.30654907226562,564.4381713867188,404.7487487792969,135.34632873535156,248.97999572753906
2024-11-04,220.35813903808594,195.77999877929688,168.268310546875,557.9894409179688,402.8648986816406,135.99607849121094,242.83999633789062
2024-11-05,221.78744506835938,199.5,168.76547241210938,569.6829833984375,405.82379150390625,139.8545379638672,251.44000244140625
2024-11-06,221.06283569335938,207.08999633789062,175.49659729003906,569.3047485351562,414.42431640625,145.5522918701172,288.5299987792969
2024-11-07,225.7874298095703,210.0500030517578,179.71224975585938,588.8604736328125,419.6024169921875,148.82098388671875,296.9100036621094
2024-11-08,225.51914978027344,208.17999267578125,177.32601928710938,586.5118408203125,416.7520446777344,147.57147216796875,321.2200012207031
2024-11-11,222.8064727783203,206.83999633789062,179.31454467773438,580.3714599609375,412.2840881347656,145.20240783691406,350.0
2024-11-12,222.8064727783203,208.91000366210938,180.57725524902344,582.0134887695312,417.23529052734375,148.23118591308594,328.489990234375
2024-11-13,223.69082641601562,214.10000610351562,177.85299682617188,577.2166137695312,419.3755798339844,146.2120361328125,330.239990234375
2024-11-14,226.77114868164062,211.47999572753906,174.5719451904297,574.3902587890625,421.04241943359375,146.7018280029297,311.17999267578125
2024-11-15,223.57159423828125,202.61000061035156,171.4996795654297,551.4210815429688,409.3152770996094,141.92369079589844,320.7200012207031
2024-11-18,226.57241821289062,201.6999969482422,174.29354858398438,551.739501953125,410.06488037109375,140.09442138671875,338.739990234375
2024-11-19,226.8307647705078,204.61000061035156,177.09732055664062,558.3973388671875,412.0671081542969,146.95172119140625,346.0
2024-11-20,227.5461883544922,202.8800048828125,174.96963500976562,562.80615234375,409.798583984375,145.83216857910156,342.0299987792969
2024-11-21,227.0692596435547,198.3800048828125,166.66758728027344,560.3877563476562,408.0295715332031,146.6118621826172,339.6400146484375
2024-11-22,228.4106903076172,197.1199951171875,163.81405639648438,556.4567260742188,412.11114501953125,141.89373779296875,352.55999755859375
2024-11-25,231.39161682128906,201.4499969482422,166.68743896484375,562.3980712890625,413.88018798828125,135.96607971191406,338.5899963378906
2024-11-26,233.56771850585938,207.86000061035156,168.1490020751953,570.7875366210938,422.9723205566406,136.86572265625,338.2300109863281
2024-11-27,233.43853759765625,205.74000549316406,168.2583770751953,566.468505859375,418.03094482421875,135.2863311767578,332.8900146484375
2024-11-29,235.8232879638672,207.88999938964844,167.97999572753906,571.5639038085938,418.4953918457031,138.19520568847656,345.1600036621094
2024-12-02,238.0689239501953,210.7100067138672,170.5054168701172,589.9850463867188,425.9272766113281,138.57504272460938,357.0899963378906
2024-12-03,241.10952758789062,213.44000244140625,170.3562774658203,610.7052001953125,426.14471435546875,140.20440673828125,351.4200134277344
2024-12-04,241.4672393798828,218.16000366210938,173.36886596679688,610.8345336914062,432.291748046875,145.08245849609375,357.92999267578125
2024-12-05,241.4970245361328,220.5500030517578,171.64881896972656,606.0077514648438,437.4307556152344,145.0124969482422,369.489990234375
2024-12-06,241.29830932617188,227.02999877929688,173.70693969726562,620.7765502929688,438.3696594238281,142.3933563232422,389.2200012207031
2024-12-09,245.1835174560547,226.08999633789062,174.56298828125,610.6256103515625,440.7909240722656,138.7645263671875,389.7900085449219
2024-12-10,246.19705200195312,225.0399932861328,184.31787109375,616.347900390625,438.1324462890625,135.0257568359375,400.989990234375
2024-12-11,244.9251708984375,230.25999450683594,194.50079345703125,629.643798828125,443.7261657714844,139.2643585205078,424.7699890136719
2024-12-12,246.38583374023438,228.97000122070312,191.07662963867188,627.7628784179688,444.2893981933594,137.29501342773438,418.1000061035156
2024-12-13,246.55474853515625,227.4600067138672,188.9464874267578,617.3728637695312,442.0262451171875,134.20602416992188,436.2300109863281
2024-12-16,249.44625854492188,232.92999267578125,195.75498962402344,621.7454223632812,446.29559326171875,131.95677185058594,463.0199890136719
2024-12-17,251.8707733154297,231.14999389648438,194.52069091796875,616.9646606445312,449.1319580078125,130.3472900390625,479.8599853515625
2024-12-18,246.47525024414062,220.52000427246094,187.53298950195312,594.8035278320312,432.26214599609375,128.86778259277344,440.1300048828125
2024-12-19,248.20420837402344,223.2899932861328,187.6425018310547,593.1900634765625,431.9063415527344,130.63717651367188,436.1700134277344
2024-12-20,252.87437438964844,224.9199981689453,190.52915954589844,582.9112548828125,431.48138427734375,134.65586853027344,421.05999755859375
2024-12-23,253.64944458007812,225.05999755859375,193.73434448242188,597.4529418945312,430.1471862792969,139.62425231933594,430.6000061035156
2024-12-24,256.5608215332031,229.0500030517578,195.20751953125,605.3213500976562,434.1793518066406,140.17408752441406,462.2799987792969
2024-12-26,257.3756103515625,227.0500030517578,194.69989013671875,600.9389038085938,432.9736328125,139.88417053222656,454.1300048828125
2024-12-27,253.96739196777344,223.75,191.8729248046875,597.4130249023438,425.4825134277344,136.96510314941406,431.6600036621094
2024-12-30,250.5989227294922,221.3000030517578,190.35995483398438,588.8772583007812,419.8493347167969,137.44496154785156,417.4100036621094
2024-12-31,248.8302001953125,219.38999938964844,188.42886352539062,583.170166015625,416.5584411621094,134.2460174560547,403.8399963378906
2025-01-02,242.3019256591797,220.22000122070312,188.5582733154297,596.8453369140625,413.6726379394531,138.26470947265625,379.2799987792969
2025-01-03,241.81503295898438,224.19000244140625,190.9073944091797,602.2138061523438,418.3866882324219,144.4226837158203,410.44000244140625
2025-01-06,243.4446258544922,227.61000061035156,195.96401977539062,627.6815795898438,422.833984375,149.38104248046875,411.04998779296875
2025-01-07,240.67233276367188,222.11000061035156,194.59039306640625,615.4207763671875,417.4181823730469,140.09408569335938,394.3599853515625
2025-01-08,241.1592254638672,222.1300048828125,193.0574493408203,608.2793579101562,419.58251953125,140.06410217285156,394.94000244140625
2025-01-10,235.3463897705078,218.94000244140625,191.15625,613.3988647460938,414.03826904296875,135.86549377441406,394.739990234375
2025-01-13,232.9119110107422,218.4600067138672,190.13099670410156,605.8989868164062,412.2989196777344,133.1863555908203,403.30999755859375
2025-01-14,231.7990264892578,217.75999450683594,188.78720092773438,591.875244140625,410.7967529296875,131.71682739257812,396.3599853515625
2025-01-15,236.35987854003906,223.35000610351562,194.65011596679688,614.6538696289062,421.31195068359375,136.1953887939453,428.2200012207031
2025-01-16,226.81088256835938,220.66000366210938,192.0222625732422,608.8571166992188,419.6022644042969,133.5262451171875,413.82000732421875
2025-01-17,228.5199737548828,225.94000244140625,195.09803771972656,610.3213500976562,424.0001220703125,137.66490173339844,426.5
2025-01-21,221.22654724121094,230.7100067138672,197.1385955810547,613.99658203125,423.4763488769531,140.78387451171875,424.07000732421875
2025-01-22,222.4090118408203,235.00999450683594,197.45712280273438,621.0083618164062,440.9688720703125,147.0218505859375,415.1099853515625
2025-01-23,222.24009704589844,235.4199981689453,197.0689239501953,633.9066162109375,441.47283935546875,147.17178344726562,412.3800048828125
2025-01-24,221.36569213867188,234.85000610351562,199.28866577148438,644.9025268554688,438.8539733886719,142.5732879638672,406.5799865722656
2025-01-27,228.40072631835938,235.4199981689453,190.9273223876953,657.2429809570312,429.46527099609375,118.38121032714844,397.1499938964844
2025-01-28,236.74740600585938,238.14999389648438,194.40126037597656,671.63525390625,441.9571228027344,128.94776916503906,398.0899963378906
2025-01-29,237.84042358398438,237.07000732421875,194.5107421875,673.78662109375,437.1441650390625,123.65948486328125,389.1000061035156
2025-01-30,236.08164978027344,234.63999938964844,199.9456329345703,684.2545776367188,410.12469482421875,124.60917663574219,400.2799987792969
2025-01-31,234.50177001953125,237.67999267578125,203.0811309814453,686.4259643554688,410.19390869140625,120.03067016601562,404.6000061035156
2025-02-03,226.56246948242188,237.4199981689453,200.303955078125,694.6728515625,406.10247802734375,116.62179565429688,383.67999267578125
2025-02-04,231.3220672607422,242.05999755859375,205.43026733398438,701.3759155273438,407.5354309082031,118.61112976074219,392.2099914550781
2025-02-05,230.99417114257812,236.1699981689453,190.44952392578125,702.0531616210938,408.4446716308594,124.78911590576172,378.1700134277344
2025-02-06,231.73941040039062,238.8300018310547,190.71827697753906,709.144775390625,410.9449768066406,128.6378631591797,374.32000732421875
2025-02-07,226.1848907470703,229.14999389648438,184.48709106445312,711.6646728515625,404.9461669921875,129.79747009277344,361.6199951171875
2025-02-10,226.45346069335938,233.13999938964844,185.6118927001953,714.5331420898438,407.38720703125,133.5262451171875,350.7300109863281
2025-02-11,231.39735412597656,232.75999450683594,184.46719360351562,716.923583984375,406.6163635253906,132.7565155029297,328.5
2025-02-12,235.625,228.92999267578125,182.76504516601562,722.4812622070312,404.2444763183594,131.0970458984375,336.510009765625
2025-02-13,240.26052856445312,230.3699951171875,185.2834014892578,725.6486206054688,405.72686767578125,135.2456817626953,355.94000244140625
2025-02-14,243.31439208984375,228.67999267578125,184.37759399414062,733.7261962890625,403.6416320800781,138.80453491210938,355.8399963378906
2025-02-18,243.18507385253906,226.64999389648438,182.92431640625,713.5072631835938,404.83746337890625,139.35435485839844,354.1099853515625
2025-02-19,243.58297729492188,226.6300048828125,184.41741943359375,700.95751953125,409.9073181152344,139.18438720703125,360.55999755859375
2025-02-20,244.5379180908203,222.8800048828125,183.71067810058594,692.0632934570312,412.07598876953125,140.06410217285156,354.3999938964844
2025-02-21,244.2593994140625,216.5800018310547,178.83322143554688,680.8184814453125,404.2331237792969,134.38595581054688,337.79998779296875
2025-02-24,245.80125427246094,212.7100067138672,178.4251251220703,665.4600219726562,400.06414794921875,130.23733520507812,330.5299987792969
2025-02-25,245.74156188964844,212.8000030517578,174.61273193359375,654.8724975585938,394.0235290527344,126.58851623535156,302.79998779296875
2025-02-26,239.09664916992188,214.35000610351562,171.93508911132812,671.0078125,395.8357238769531,131.23699951171875,290.79998779296875
2025-02-27,236.05274963378906,208.74000549316406,167.72457885742188,655.6094970703125,388.70587158203125,120.11064910888672,281.95001220703125
2025-02-28,240.5688934326172,212.27999877929688,169.4963836669922,665.52978515625,393.1224060058594,124.87908172607422,292.9800109863281
2025-03-03,236.77891540527344,205.02000427246094,166.24143981933594,652.4322509765625,384.7052001953125,114.02263641357422,284.6499938964844
2025-03-04,234.68994140625,203.8000030517578,170.13345336914062,637.4423828125,384.82403564453125,115.9520034790039,272.0400085449219
2025-03-05,234.50096130371094,208.36000061035156,172.22381591796875,653.8466186523438,397.1131591796875,117.2615737915039,279.1000061035156
2025-03-06,234.09312438964844,200.6999969482422,171.556884765625,625.420654296875,393.0234069824219,110.53378295898438,263.45001220703125
2025-03-07,237.81346130371094,199.25,173.05990600585938,623.1597290039062,389.478271484375,112.65309143066406,262.6700134277344
2025-03-10,226.28436279296875,194.5399932861328,165.2968292236328,595.6002807617188,376.4563903808594,106.94496154785156,222.14999389648438
2025-03-11,219.6792755126953,196.58999633789062,163.47314453125,603.2894897460938,376.74359130859375,108.72438049316406,230.5800018310547
2025-03-12,215.8395538330078,198.88999938964844,166.53256225585938,617.0841064453125,379.5361022949219,115.71273803710938,248.08999633789062
2025-03-13,208.5779266357422,193.88999938964844,162.19757080078125,588.2797241210938,375.07989501953125,115.55277252197266,240.67999267578125
2025-03-14,212.36790466308594,197.9499969482422,164.91815185546875,605.7102661132812,384.7745361328125,121.6413345336914,249.97999572753906
2025-03-17,212.87522888183594,195.74000549316406,163.72230529785156,603.0187377929688,384.9132080078125,119.50183868408203,238.00999450683594
2025-03-18,211.57208251953125,192.82000732421875,160.11480712890625,580.5487670898438,379.78363037109375,115.40280151367188,225.30999755859375
2025-03-19,214.1086883544922,195.5399932861328,163.3236846923828,582.2435302734375,384.04180908203125,117.4923095703125,235.86000061035156
2025-03-20,212.97470092773438,194.9499969482422,162.23744201660156,584.1775512695312,383.0713195800781,118.50206756591797,236.25999450683594
2025-03-21,217.1227569580078,196.2100067138672,163.42333984375,594.3956298828125,387.4482727050781,117.6722640991211,248.7100067138672
2025-03-24,219.56983947753906,203.25999450683594,167.1005859375,616.9252319335938,389.25048828125,121.38140106201172,278.3900146484375
2025-03-25,222.573974609375,205.7100067138672,169.9706573486328,624.3621215820312,391.3102722167969,120.66156768798828,288.1400146484375
2025-03-26,220.36561584472656,201.1300048828125,164.48963928222656,609.0797729492188,386.17083740234375,113.73320007324219,272.05999755859375
2025-03-27,222.67343139648438,201.36000061035156,161.67938232421875,600.7059326171875,386.7748718261719,111.40375518798828,273.1300048828125
2025-03-28,216.7547149658203,192.72000122070312,153.7967071533203,574.9462890625,375.109619140625,109.6441650390625,263.54998779296875
2025-03-31,220.9624786376953,190.25999450683594,154.1056365966797,574.5674438476562,371.73291015625,108.35446166992188,259.1600036621094
2025-04-01,222.0169219970703,192.1699981689453,156.5272674560547,584.1775512695312,378.4666442871094,110.1240463256836,268.4599914550781
2025-04-02,222.71324157714844,196.00999450683594,156.49734497070312,582.114013671875,378.4171142578125,110.39398193359375,282.760009765625
2025-04-03,202.12203979492188,178.41000366210938,150.19918823242188,529.9666137695312,369.4750671386719,101.77601623535156,267.2799987792969
2025-04-04,187.38987731933594,171.0,145.09689331054688,503.1602783203125,356.3343505859375,94.28778076171875,239.42999267578125
2025-04-07,180.50625610351562,175.25999450683594,146.24290466308594,514.6444091796875,354.3736572265625,97.61698913574219,233.2899932861328
2025-04-08,171.51376342773438,170.66000366210938,144.19998168945312,508.86248779296875,351.1058044433594,96.27731323242188,221.86000061035156
2025-04-09,197.8048553466797,191.10000610351562,158.16159057617188,583.9482421875,386.68572998046875,114.30306243896484,272.20001220703125
2025-04-10,189.41915893554688,181.22000122070312,152.29193115234375,544.5909423828125,377.6347961425781,107.5446548461914,252.39999389648438
2025-04-11,197.1085205078125,184.8699951171875,156.5970001220703,541.8795166015625,384.6656494140625,110.90386199951172,252.30999755859375
2025-04-14,201.45556640625,182.1199951171875,158.5203399658203,529.8270263671875,384.0318603515625,110.68391418457031,252.35000610351562
2025-04-15,201.0775604248047,179.58999633789062,155.76988220214844,519.8980712890625,381.9721374511719,112.1735610961914,254.11000061035156
2025-04-16,193.24893188476562,174.3300018310547,152.80018615722656,500.747802734375,367.9897155761719,104.46538543701172,241.5500030517578
2025-04-17,195.94467163085938,172.61000061035156,150.63766479492188,499.92041015625,364.1969909667969,101.4660873413086,241.3699951171875
2025-04-21,192.14474487304688,167.32000732421875,147.15972900390625,483.1526794433594,355.6213684082031,96.88717651367188,227.5
2025-04-22,198.690185546875,173.17999267578125,150.9466094970703,498.72412109375,363.2463684082031,98.86670684814453,237.97000122070312
2025-04-23,203.52464294433594,180.60000610351562,154.81320190429688,518.6519775390625,370.74261474609375,102.68579864501953,250.74000549316406
2025-04-24,207.27481079101562,186.5399932861328,158.7296142578125,531.491943359375,383.52679443359375,106.4049301147461,259.510009765625
2025-04-25,208.18002319335938,188.99000549316406,161.4003448486328,545.5679931640625,388.0325012207031,110.98385620117188,284.95001220703125
2025-04-28,209.03550720214844,187.6999969482422,160.0550079345703,548.0302734375,387.3492431640625,108.70439147949219,285.8800048828125
2025-04-29,210.09988403320312,187.38999938964844,159.60658264160156,552.7156372070312,390.2012023925781,108.99431610107422,292.0299987792969
2025-04-30,211.3831024169922,184.4199981689453,158.2512664794922,547.2925415039062,391.4092712402344,108.89433288574219,282.1600036621094
2025-05-01,212.1988067626953,190.1999969482422,160.7426300048828,570.430419921875,421.2556457519531,111.58370208740234,280.5199890136719
2025-05-02,204.27069091796875,189.97999572753906,163.4632110595703,595.1632080078125,431.0393981933594,114.47303009033203,287.2099914550781
2025-05-05,197.84463500976562,186.35000610351562,163.642578125,597.40625,431.92071533203125,113.7931900024414,280.260009765625
2025-05-06,197.46661376953125,185.00999450683594,162.6659698486328,585.4833984375,429.0885925292969,113.51325988769531,275.3500061035156
2025-05-07,195.218505859375,188.7100067138672,150.85691833496094,594.953857421875,429.1282043457031,117.03242492675781,276.2200012207031
2025-05-08,196.45199584960938,192.0800018310547,153.74688720703125,596.1502075195312,433.9012451171875,117.34235382080078,284.82000732421875
2025-05-09,197.48654174804688,193.05999755859375,152.22218322753906,590.6473388671875,434.455810546875,116.62252044677734,298.260009765625
2025-05-12,209.95704650878906,208.63999938964844,157.91246032714844,637.4412841796875,444.8832092285156,122.97103118896484,318.3800048828125
2025-05-13,212.08859252929688,211.3699951171875,158.978759765625,653.9896850585938,444.764404296875,129.89938354492188,334.07000732421875
2025-05-14,211.490966796875,210.25,164.79855346679688,657.309326171875,448.52734375,135.30810546875,347.67999267578125
2025-05-15,210.61444091796875,205.1699981689453,163.39344787597656,641.8775024414062,449.5392761230469,134.79823303222656,342.82000732421875
2025-05-16,210.42520141601562,205.58999633789062,165.61572265625,638.3485107421875,450.6702575683594,135.36810302734375,349.9800109863281
2025-05-19,207.95498657226562,206.16000366210938,165.96450805664062,638.438232421875,455.2337646484375,135.53805541992188,342.0899963378906
2025-05-20,206.04258728027344,204.07000732421875,163.41336059570312,635.1185913085938,454.5393371582031,134.34832763671875,343.82000732421875
2025-05-21,201.2914276123047,201.1199951171875,167.97755432128906,633.5236206054688,448.98370361328125,131.76895141601562,334.6199951171875
2025-05-22,200.56431579589844,203.10000610351562,170.279541015625,634.5902099609375,451.25555419921875,132.7987060546875,341.0400085449219
2025-05-23,194.49838256835938,200.99000549316406,167.8878631591797,625.1098022460938,446.6126403808594,131.25906372070312,339.3399963378906
2025-05-27,199.4188690185547,206.02000427246094,172.30255126953125,640.3223266601562,457.0393371582031,135.4680633544922,362.8900146484375
2025-05-28,199.62803649902344,204.72000122070312,171.76441955566406,641.5784301757812,453.7357482910156,134.7782440185547,356.8999938964844
2025-05-29,199.15989685058594,205.6999969482422,171.26614379882812,643.0437622070312,455.0453186035156,139.15721130371094,358.42999267578125
2025-05-30,200.0563507080078,205.00999450683594,171.14654541015625,645.4762573242188,456.71197509765625,135.09817504882812,346.4599914550781
2025-06-02,200.90298461914062,206.64999389648438,168.4459228515625,668.8134765625,458.3092346191406,137.34764099121094,342.69000244140625
2025-06-03,202.46676635742188,205.7100067138672,165.6057586669922,664.7760620117188,459.3013000488281,141.1867218017578,344.2699890136719
2025-06-04,202.0185546875,207.22999572753906,167.4693145751953,685.8104858398438,460.1941223144531,141.88656616210938,332.04998779296875
2025-06-05,199.83721923828125,207.91000366210938,167.62876892089844,682.4907836914062,463.9739685058594,139.95703125,284.70001220703125
2025-06-06,203.11419677734375,213.57000732421875,173.07984924316406,695.5401000976562,466.6525573730469,141.6865997314453,295.1400146484375
2025-06-09,200.6539764404297,216.97999572753906,175.6939697265625,691.9014892578125,469.00384521484375,142.59640502929688,308.5799865722656
2025-06-10,201.86912536621094,217.61000061035156,178.19833374023438,700.2155151367188,467.18829345703125,143.92608642578125,326.0899963378906
2025-06-11,197.9945068359375,213.1999969482422,176.95114135742188,691.981201171875,468.8748474121094,142.80625915527344,326.42999267578125
2025-06-12,198.41285705566406,213.24000549316406,175.30484008789062,691.2035522460938,475.0752868652344,144.9759063720703,319.1099853515625
2025-06-13,195.6737060546875,212.10000610351562,174.27716064453125,680.7462158203125,471.1962890625,141.94639587402344,325.30999755859375
2025-06-16,197.6359405517578,216.10000610351562,176.3724365234375,700.4749145507812,475.3431701660156,144.66595458984375,329.1300048828125
2025-06-17,194.86692810058594,214.82000732421875,175.5542755126953,695.5963745117188,474.25189208984375,144.09603881835938,316.3500061035156
2025-06-18,195.80319213867188,212.52000427246094,172.93020629882812,694.1398315429688,476.4344482421875,145.455810546875,322.04998779296875
2025-06-20,200.20574951171875,209.69000244140625,166.26522827148438,680.7511596679688,473.6169738769531,143.8260955810547,322.1600036621094
2025-06-23,200.70376586914062,208.47000122070312,164.8184814453125,696.8933715820312,482.1488037109375,144.1460418701172,348.67999267578125
2025-06-24,199.5084991455078,212.77000427246094,166.3949432373047,710.5313110351562,486.2261962890625,147.87539672851562,340.4700012207031
2025-06-25,200.76353454589844,211.99000549316406,170.296142578125,707.0194702148438,488.36907958984375,154.28436279296875,327.54998779296875
2025-06-26,200.20574951171875,217.1199951171875,173.14968872070312,724.3887329101562,493.508056640625,154.99423217773438,325.7799987792969
2025-06-27,200.28543090820312,223.3000030517578,178.12847900390625,731.9111328125,492.0100402832031,157.72378540039062,323.6300048828125
2025-06-30,204.3592529296875,219.38999938964844,175.83364868164062,736.3606567382812,493.4684143066406,157.96376037597656,317.6600036621094
2025-07-01,206.998779296875,220.4600067138672,175.44451904296875,717.5348510742188,488.15087890625,153.2745361328125,300.7099914550781
2025-07-02,211.6005401611328,219.9199981689453,178.23822021484375,711.8980712890625,487.198486328125,157.22386169433594,315.6499938964844
2025-07-03,212.70616149902344,223.41000366210938,179.126220703125,717.3253784179688,494.8870849609375,159.3135223388672,315.3500061035156
2025-07-07,209.120361328125,223.47000122070312,176.3923797607422,716.6668701171875,493.77593994140625,158.21371459960938,293.94000244140625
2025-07-08,209.1801300048828,219.36000061035156,173.9678497314453,718.9814453125,492.68463134765625,159.97340393066406,297.80999755859375
2025-07-09,210.30567932128906,222.5399932861328,176.22276306152344,731.0631103515625,499.52008056640625,162.85293579101562,295.8800048828125
2025-07-10,211.5706329345703,222.25999450683594,177.22052001953125,725.5360107421875,497.50616455078125,164.07273864746094,309.8699951171875
2025-07-11,210.3256072998047,225.02000427246094,179.78475952148438,715.8289184570312,499.33154296875,164.89259338378906,313.510009765625
2025-07-14,207.79562377929688,225.69000244140625,181.1516571044922,719.2308349609375,499.033935546875,164.04273986816406,316.8999938964844
2025-07-15,208.28369140625,226.35000610351562,181.59066772460938,708.7255249023438,501.8117370605469,170.671630859375,310.7799987792969
2025-07-16,209.32955932617188,223.19000244140625,182.55850219726562,701.2630004882812,501.61334228515625,171.34152221679688,321.6700134277344
2025-07-17,209.1901092529297,223.8800048828125,183.1671142578125,699.7665405273438,507.6451721191406,172.97125244140625,319.4100036621094
2025-07-18,210.3455047607422,226.1300048828125,184.64378356933594,702.6298828125,506.0082092285156,172.38134765625,329.6499938964844
2025-07-21,211.64036560058594,229.3000030517578,189.67245483398438,711.2994384765625,506.01812744140625,171.35153198242188,328.489990234375
2025-07-22,213.55279541015625,227.47000122070312,190.90966796875,703.1586303710938,501.2660827636719,167.00225830078125,332.1099853515625
2025-07-23,213.30377197265625,228.2899932861328,189.8021697998047,711.9080810546875,501.8613586425781,170.75161743164062,332.55999755859375
2025-07-24,212.91531372070312,232.22999572753906,191.73779296875,713.125244140625,506.8316345214844,173.7111358642578,305.29998779296875
2025-07-25,213.0348358154297,231.44000244140625,192.7455291748047,711.0101318359375,509.6392822265625,173.47117614746094,316.05999755859375
2025-07-28,213.20419311523438,232.7899932861328,192.14686584472656,715.9485473632812,508.4388122558594,176.7206268310547,325.5899963378906
2025-07-29,210.43516540527344,231.00999450683594,195.30975341796875,698.35986328125,508.50823974609375,175.48081970214844,321.20001220703125
2025-07-30,208.2239227294922,230.19000244140625,196.08799743652344,693.5811157226562,509.17291259765625,179.24021911621094,319.0400085449219
2025-07-31,206.74978637695312,234.11000061035156,191.46839904785156,771.6278076171875,529.2723388671875,177.84043884277344,308.2699890136719
2025-08-01,201.58030700683594,214.75,188.7046356201172,748.2527465820312,519.956787109375,173.69113159179688,302.6300048828125
2025-08-04,202.5464630126953,211.64999389648438,194.60133361816406,774.5509643554688,531.3955078125,179.9700927734375,309.260009765625
2025-08-05,202.11814880371094,213.75,194.232177734375,761.6712036132812,523.5679321289062,178.23037719726562,308.7200012207031
2025-08-06,212.40733337402344,222.30999755859375,195.6489715576172,770.18115234375,520.7802734375,179.3901824951172,319.9100036621094
2025-08-07,219.16053771972656,223.1300048828125,196.07801818847656,760.0449829101562,516.7127685546875,180.73997497558594,322.2699890136719
2025-08-08,228.44374084472656,222.69000244140625,200.9669952392578,767.4974975585938,517.9031982421875,182.66964721679688,329.6499938964844
2025-08-11,226.5391082763672,221.3000030517578,200.54794311523438,764.0755615234375,517.6354370117188,182.0297393798828,339.0299987792969
2025-08-12,229.0021209716797,221.47000122070312,202.88267517089844,788.1489868164062,525.0462036132812,183.1295623779297,340.8399963378906
2025-08-13,232.6717529296875,224.55999755859375,201.50579833984375,778.2523193359375,516.454833984375,181.55982971191406,339.3800048828125
2025-08-14,232.12330627441406,230.97999572753906,202.48358154296875,780.2974243164062,518.3397216796875,181.98974609375,335.5799865722656
2025-08-15,230.9366455078125,231.02999877929688,203.44140625,783.3901977539062,516.0479736328125,180.42001342773438,330.55999755859375
2025-08-18,230.23861694335938,231.49000549316406,203.04232788085938,765.572021484375,513.0023193359375,181.979736328125,335.1600036621094
2025-08-19,229.90956115722656,228.00999450683594,201.11666870117188,749.7192993164062,505.7304382324219,175.61080932617188,329.30999755859375
2025-08-20,225.3723907470703,223.80999755859375,198.87171936035156,745.968017578125,501.7125549316406,175.370849609375,323.8999938964844
2025-08-21,224.26551818847656,221.9499969482422,199.3007354736328,737.3682250976562,501.066650390625,174.95091247558594,320.1099853515625
2025-08-22,227.11746215820312,228.83999633789062,205.62649536132812,753.021484375,504.0378112792969,177.96043395996094,340.010009765625
2025-08-25,226.5191650390625,227.94000244140625,208.02108764648438,751.5350341796875,501.0865173339844,179.78012084960938,346.6000061035156
2025-08-26,228.6630859375,228.7100067138672,206.6741180419922,752.3331298828125,498.8804626464844,181.7397918701172,351.6700134277344
2025-08-27,229.8397674560547,229.1199951171875,207.01336669921875,745.62890625,503.5509033203125,181.56983947753906,349.6000061035156
2025-08-28,231.9039306640625,231.60000610351562,211.16400146484375,749.3501586914062,506.4326477050781,180.1400604248047,345.9800109863281
2025-08-29,231.485107421875,229.0,212.43115234375,736.96923828125,503.5011901855469,174.1510467529297,333.8699951171875
2025-09-02,229.0719451904297,225.33999633789062,210.8746795654297,733.3875732421875,501.9410705566406,170.75161743164062,329.3599853515625
2025-09-03,237.79725646972656,225.99000549316406,230.1412353515625,735.3230590820312,502.1696472167969,170.59165954589844,334.0899963378906
2025-09-04,239.1035614013672,235.67999267578125,231.7775421142578,746.8959350585938,504.77313232421875,171.63148498535156,338.5299987792969
2025-09-05,239.0137939453125,232.3300018310547,234.4714813232422,750.68701171875,491.884765625,166.9922637939453,350.8399963378906
2025-09-08,237.2089080810547,235.83999633789062,233.72247314453125,750.537353515625,495.06463623046875,168.2820281982422,346.3999938964844
2025-09-09,233.68887329101562,238.24000549316406,239.30490112304688,763.9059448242188,495.2733154296875,170.7316131591797,346.9700012207031
2025-09-10,226.1501922607422,230.3300018310547,238.84552001953125,750.2180786132812,497.2209777832031,177.300537109375,347.7900085449219
2025-09-11,229.3810577392578,229.9499969482422,240.0438995361328,749.1406860351562,497.8569641113281,177.1505584716797,368.80999755859375
2025-09-12,233.40968322753906,228.14999389648438,240.4733123779297,753.8196411132812,506.6910095214844,177.80047607421875,395.94000244140625
2025-09-15,236.0322265625,231.42999267578125,251.26864624023438,762.9083251953125,512.1166381835938,177.73049926757812,410.0400085449219
2025-09-16,237.4781494140625,234.0500030517578,250.8192596435547,777.1748046875,505.8364562988281,174.86080932617188,421.6199951171875
2025-09-17,238.3157958984375,231.6199951171875,249.19146728515625,773.9024658203125,506.81024169921875,170.27130126953125,425.8599853515625
2025-09-18,237.2089080810547,231.22999572753906,251.68807983398438,778.4218139648438,505.2501525878906,176.2206573486328,416.8500061035156
2025-09-19,244.8074188232422,231.47999572753906,254.3744354248047,776.5562744140625,514.6705322265625,176.6505889892578,426.07000732421875
2025-09-22,255.35755920410156,227.6300048828125,252.18740844726562,763.8824462890625,511.21240234375,183.58984375,434.2099914550781
2025-09-23,253.71221923828125,220.7100067138672,251.31858825683594,754.1387939453125,506.0252380371094,178.410400390625,425.8500061035156
2025-09-24,251.59820556640625,220.2100067138672,246.80471801757812,759.3899536132812,506.9394226074219,176.9505615234375,442.7900085449219
2025-09-25,256.14532470703125,218.14999389648438,245.45652770996094,747.6595458984375,503.83905029296875,177.67050170898438,423.3900146484375
2025-09-26,254.73931884765625,219.77999877929688,246.2055206298828,742.5081787109375,508.2411804199219,178.17044067382812,440.3999938964844
2025-09-29,253.71221923828125,222.1699981689453,243.71890258789062,742.1588134765625,511.3613586425781,181.83004760742188,443.2099914550781
2025-09-30,253.9116668701172,219.57000732421875,242.77020263671875,733.15380859375,514.6903686523438,186.55950927734375,444.7200012207031
2025-10-01,254.72933959960938,220.6300048828125,244.5677490234375,716.142333984375,516.439208984375,187.21945190429688,459.4599914550781
2025-10-02,256.40460205078125,222.41000366210938,245.356689453125,725.8360595703125,512.4942626953125,188.8692626953125,436.0
2025-10-03,257.2920837402344,219.50999450683594,245.0171356201172,709.3735961914062,514.0940551757812,187.5994110107422,429.8299865722656
2025-10-06,255.9658660888672,220.89999389648438,250.09024047851562,714.465087890625,525.2435302734375,185.51962280273438,453.25
2025-10-07,255.75643920898438,221.77999877929688,245.42657470703125,711.889404296875,520.682373046875,185.01968383789062,433.0899963378906
2025-10-08,257.33197021484375,225.22000122070312,244.2881317138672,716.6414794921875,521.5468139648438,189.0892333984375,438.69000244140625
2025-10-09,253.32330322265625,227.74000549316406,241.2023162841797,732.2852783203125,519.1123046875,192.54885864257812,435.5400085449219
2025-10-10,244.57806396484375,216.3699951171875,236.24905395507812,704.1223754882812,507.74432373046875,183.139892578125,413.489990234375
2025-10-13,246.96133422851562,220.07000732421875,243.8187713623047,714.5050048828125,510.81488037109375,188.29933166503906,435.8999938964844
2025-10-14,247.07101440429688,216.38999938964844,245.11700439453125,707.4668579101562,510.3379211425781,180.01022338867188,429.239990234375
2025-10-15,248.63656616210938,215.57000732421875,250.68943786621094,716.3519287109375,510.19879150390625,179.8102569580078,435.1499938964844
2025-10-16,246.7519073486328,214.47000122070312,251.1188507080078,710.881103515625,508.3902587890625,181.7900390625,428.75
2025-10-17,251.5782470703125,213.0399932861328,252.95635986328125,715.7229614257812,510.3478698730469,183.19989013671875,439.30999755859375
2025-10-20,261.50018310546875,216.47999572753906,256.2019348144531,730.947509765625,513.5376586914062,182.6199493408203,447.42999267578125
2025-10-21,262.0286865234375,222.02999877929688,250.12020874023438,732.0457153320312,514.4021606445312,181.14010620117188,442.6000061035156
2025-10-22,257.72088623046875,217.9499969482422,251.34854125976562,732.1854248046875,517.2640380859375,180.2602081298828,438.9700012207031
2025-10-23,258.84765625,221.08999633789062,252.7366485595703,732.7744750976562,517.2838745117188,182.13999938964844,448.9800109863281
2025-10-24,262.07855224609375,224.2100067138672,259.5674133300781,737.1271362304688,520.3146362304688,186.23953247070312,433.7200012207031
2025-10-27,268.0516662597656,226.97000122070312,268.9046630859375,749.56640625,528.1749877929688,191.46897888183594,452.4200134277344
2025-10-28,268.2411193847656,229.25,267.1071472167969,750.1853637695312,538.6585083007812,201.0079345703125,460.54998779296875
2025-10-29,268.93914794921875,230.3000030517578,274.197509765625,750.4149780273438,538.1417846679688,207.01727294921875,461.510009765625
2025-10-30,270.63433837890625,222.86000061035156,281.09814453125,665.357177734375,522.4512329101562,202.8677215576172,440.1000061035156
2025-10-31,269.6072692871094,244.22000122070312,280.80853271484375,647.2674560546875,514.5512084960938,202.4677734375,456.55999755859375
2025-11-03,268.29095458984375,254.0,283.3350830078125,636.645263671875,513.776123046875,206.85728454589844,468.3699951171875
2025-11-04,269.2781982421875,249.32000732421875,277.1634826660156,626.2725830078125,511.0931701660156,198.66818237304688,444.260009765625
2025-11-05,269.3779296875,250.1999969482422,283.9242858886719,634.88818359375,503.96826171875,195.18858337402344,462.07000732421875
2025-11-06,269.0089416503906,243.0399932861328,284.36370849609375,617.9065551757812,493.9715576171875,188.05935668945312,445.9100036621094
2025-11-07,267.7126159667969,244.41000366210938,278.4516906738281,620.6719360351562,493.6933288574219,188.1293487548828,429.5199890136719
2025-11-10,268.93035888671875,248.39999389648438,289.7064208984375,630.7051391601562,502.8155517578125,199.0281524658203,445.2300109863281
2025-11-11,274.73956298828125,249.10000610351562,290.9147644042969,626.0330200195312,505.47869873046875,193.1387939453125,439.6199951171875
2025-11-12,272.9628601074219,244.1999969482422,286.3210144042969,607.9931640625,507.9232177734375,193.7787322998047,430.6000061035156
2025-11-13,272.44384765625,237.5800018310547,278.19207763671875,608.8717041015625,500.12261962890625,186.8394775390625,401.989990234375
2025-11-14,271.9048156738281,234.69000244140625,276.0350036621094,608.4424438476562,506.96923828125,190.14910888671875,404.3500061035156
2025-11-17,266.9639892578125,232.8699951171875,284.63330078125,601.0048217773438,504.296142578125,186.5795135498047,408.9200134277344
2025-11-18,266.9440612792969,222.5500030517578,283.8943176269531,596.6920776367188,490.6824035644531,181.340087890625,401.25
2025-11-19,268.06195068359375,222.69000244140625,292.4127502441406,589.3343505859375,484.0543518066406,186.49952697753906,403.989990234375
2025-11-20,265.7562561035156,217.13999938964844,289.05731201171875,588.1663818359375,476.308837890625,180.6201629638672,395.2300109863281
2025-11-21,270.98651123046875,220.69000244140625,299.2534484863281,593.2578125,470.0268249511719,178.86036682128906,391.0899963378906
2025-11-24,275.4083251953125,226.27999877929688,318.14776611328125,612.0264282226562,471.89849853515625,182.52996826171875,417.7799987792969
2025-11-25,276.4563903808594,229.6699981689453,323.0011901855469,635.15771484375,474.8752136230469,177.80047607421875,419.3999938964844
2025-11-26,277.0352783203125,229.16000366210938,319.5159606933594,632.5521240234375,483.3475341796875,180.24020385742188,426.5799865722656
2025-11-28,278.3328857421875,233.22000122070312,319.74560546875,646.8681640625,489.82867431640625,176.98056030273438,430.1700134277344
2025-12-01,282.57501220703125,233.8800048828125,314.4627990722656,639.7999877929688,484.5820007324219,179.90025329589844,430.1400146484375
2025-12-02,285.6592712402344,234.4199981689453,315.38153076171875,646.01953125,487.82757568359375,181.44007873535156,429.239990234375
2025-12-03,283.623046875,232.3800048828125,319.1963806152344,638.5321044921875,475.6119689941406,179.57028198242188,446.739990234375
2025-12-04,280.179443359375,229.11000061035156,317.1890869140625,660.4254760742188,478.70819091796875,183.37008666992188,454.5299987792969
2025-12-05,278.26300048828125,229.52999877929688,320.8341064453125,672.2955932617188,481.01788330078125,182.40013122558594,455.0
2025-12-08,277.3746643066406,226.88999938964844,313.49932861328125,665.6866455078125,488.8430480957031,185.5399627685547,439.5799865722656
2025-12-09,276.66595458984375,227.9199981689453,316.85693359375,655.8630981445312,489.8385925292969,184.95999145507812,445.1700134277344
2025-12-10,278.26300048828125,231.77999877929688,319.9847412109375,649.0444946289062,476.43829345703125,183.77005004882812,451.45001220703125
2025-12-11,277.514404296875,230.27999877929688,312.210205078125,651.6202392578125,481.3265075683594,180.92019653320312,446.8900146484375
2025-12-12,277.7639465332031,226.19000244140625,309.07244873046875,643.1543579101562,476.4084167480469,175.01052856445312,458.9599914550781
2025-12-15,273.6016540527344,222.5399932861328,308.003173828125,646.9561157226562,472.7148742675781,176.28045654296875,475.30999755859375
2025-12-16,274.1007385253906,222.55999755859375,306.3543395996094,656.587890625,474.2779235839844,177.71038818359375,489.8800048828125
2025-12-17,271.33587646484375,221.27000427246094,296.5112609863281,648.9443969726562,474.00909423828125,170.93075561523438,467.260009765625
2025-12-18,271.68524169921875,226.75999450683594,302.2472229003906,663.881591796875,481.8342590332031,174.1305694580078,483.3699951171875
2025-12-19,273.1625061035156,227.35000610351562,306.9439392089844,658.2064819335938,483.7656555175781,180.98020935058594,481.20001220703125
2025-12-22,270.4674987792969,228.42999267578125,309.56207275390625,660.9341430664062,482.7701110839844,183.6800537109375,488.7300109863281
2025-12-23,271.85491943359375,232.13999938964844,314.1288757324219,664.3711547851562,484.6915283203125,189.19976806640625,485.55999755859375
2025-12-24,273.3022155761719,232.3800048828125,313.8690490722656,666.9789428710938,485.8563232421875,188.59979248046875,485.3999938964844
2025-12-26,272.8929748535156,232.52000427246094,313.2894592285156,662.7225952148438,485.5476989746094,190.51968383789062,475.19000244140625
2025-12-29,273.2523498535156,232.07000732421875,313.33941650390625,658.1265258789062,484.9404296875,188.20980834960938,459.6400146484375
2025-12-30,272.5735778808594,232.52999877929688,313.6292419433594,665.3803100585938,485.3187255859375,187.52984619140625,454.42999267578125
2025-12-31,271.3558349609375,230.82000732421875,312.7798156738281,659.5253295898438,481.4758605957031,186.4899139404297,449.7200012207031
2026-01-02,270.5074157714844,226.5,314.9283142089844,649.8535766601562,470.84320068359375,188.83978271484375,438.07000732421875
2026-01-05,266.7643737792969,233.05999755859375,316.3173522949219,658.2264404296875,470.7536315917969,188.1098175048828,451.6700134277344
2026-01-06,261.8734436035156,240.92999267578125,314.1188659667969,660.0548706054688,476.3885192871094,187.22987365722656,432.9599914550781
2026-01-07,259.8471984863281,241.55999755859375,321.7535095214844,648.1350708007812,481.3265075683594,189.09976196289062,431.4100036621094
2026-01-08,258.55963134765625,246.2899932861328,325.2110595703125,645.50732421875,475.9902648925781,185.0299835205078,435.79998779296875
2026-01-09,258.8890075683594,247.3800048828125,328.3388671875,652.5013427734375,477.15509033203125,184.84999084472656,445.010009765625
2026-01-12,259.76739501953125,246.47000122070312,331.62652587890625,641.4207763671875,475.06439208984375,184.92999267578125,448.9599914550781
2026-01-13,260.5658874511719,242.60000610351562,335.7336730957031,630.5501708984375,468.5832824707031,185.79994201660156,447.20001220703125
2026-01-14,259.4779052734375,236.64999389648438,335.603759765625,614.9934692382812,457.34332275390625,183.1300811767578,439.20001220703125
2026-01-15,257.73114013671875,238.17999267578125,332.5458984375,620.2689208984375,454.6353759765625,187.03988647460938,438.57000732421875
2026-01-16,255.05613708496094,239.1199951171875,329.7678527832031,619.7194213867188,457.8211669921875,186.21990966796875,437.5
2026-01-20,246.2425079345703,231.0,321.77349853515625,603.6032104492188,452.5048828125,178.06036376953125,419.25
2026-01-21,247.1907501220703,231.30999755859375,328.1490173339844,612.4356689453125,442.1410217285156,183.31008911132812,431.44000244140625
2026-01-22,247.8894500732422,234.33999633789062,330.3074951171875,647.0759887695312,449.1398620605469,184.82998657226562,449.3599853515625
2026-01-23,247.58001708984375,239.16000366210938,327.6993103027344,658.1964721679688,463.8841857910156,187.6598358154297,449.05999755859375
2026-01-26,254.9363555908203,238.4199981689453,333.02557373046875,671.7847900390625,468.19500732421875,186.4599151611328,435.20001220703125
2026-01-27,257.791015625,244.67999267578125,334.31463623046875,672.394287109375,478.4493103027344,188.50979614257812,430.8999938964844
2026-01-28,255.96446228027344,243.00999450683594,335.7736511230469,668.1578979492188,479.49468994140625,191.5096435546875,431.4599914550781
2026-01-29,257.801025390625,241.72999572753906,338.0120544433594,737.6784057617188,431.57806396484375,192.49957275390625,416.55999755859375
2026-01-30,258.9988098144531,239.3000030517578,337.7622375488281,715.8870849609375,428.38232421875,191.11965942382812,430.4100036621094
2026-02-02,269.5093078613281,242.9600067138672,343.4482421875,705.8056640625,421.49298095703125,185.59996032714844,421.80999755859375
2026-02-03,268.98028564453125,238.6199951171875,339.47100830078125,691.1082763671875,409.3868713378906,180.33023071289062,421.9599914550781
2026-02-04,275.97723388671875,232.99000549316406,332.80572509765625,668.417724609375,412.3536682128906,174.18057250976562,406.010009765625
2026-02-05,275.3983459472656,222.69000244140625,331.0169677734375,669.63671875,391.9246520996094,171.87069702148438,397.2099914550781
2026-02-06,277.6042175292969,210.32000732421875,322.63287353515625,660.8941650390625,399.3615417480469,185.39996337890625,411.1099853515625
2026-02-09,274.3672180175781,208.72000122070312,324.09185791015625,676.640625,411.76629638671875,190.0297088623047,417.32000732421875
2026-02-10,273.4280700683594,206.9600067138672,318.3558654785156,670.1461791992188,411.437744140625,188.52978515625,425.2099914550781
2026-02-11,275.24639892578125,204.0800018310547,310.7412414550781,668.1179809570312,402.57720947265625,190.0397186279297,428.2699890136719
2026-02-12,261.4891052246094,199.60000610351562,308.7826232910156,649.254150390625,400.05841064453125,186.9298858642578,417.07000732421875
2026-02-13,255.5445556640625,198.7899932861328,305.50494384765625,639.2227172851562,399.5407409667969,182.80010986328125,417.44000244140625
2026-02-17,263.6371154785156,201.14999389648438,301.8075256347656,638.7431030273438,395.1004943847656,184.95999145507812,410.6300048828125
2026-02-18,264.106689453125,204.7899932861328,303.1166076660156,642.6697387695312,397.828369140625,187.96981811523438,411.32000732421875
2026-02-19,260.3401184082031,204.86000061035156,302.636962890625,644.2284545898438,397.5988464355469,187.88983154296875,411.7099914550781
2026-02-20,264.3364562988281,210.11000061035156,314.7584228515625,655.09912109375,396.37152099609375,189.8097381591797,411.82000732421875
2026-02-23,265.9349670410156,205.27000427246094,311.2708740234375,636.7048950195312,383.6390686035156,191.53964233398438,399.8299865722656
2026-02-24,271.8895263671875,208.55999755859375,310.6813049316406,638.7531127929688,388.1593017578125,192.83956909179688,409.3800048828125
2026-02-25,273.97760009765625,210.63999938964844,312.67987060546875,653.1307983398438,399.7342224121094,195.54940795898438,417.3999938964844
2026-02-26,272.6987609863281,207.9199981689453,307.1637878417969,656.447998046875,400.851806640625,184.87998962402344,408.5799865722656
2026-02-27,263.93682861328125,210.0,311.54071044921875,647.62548828125,391.8912048339844,177.180419921875,402.510009765625
2026-03-02,264.476318359375,208.38999938964844,306.3043518066406,653.0009155273438,397.6886291503906,182.47012329101562,403.32000732421875
2026-03-03,263.5072326660156,208.72999572753906,303.3664245605469,654.5196533203125,403.0570068359375,180.04025268554688,392.42999267578125
2026-03-04,262.2783508300781,216.82000732421875,302.9167785644531,667.1587524414062,404.32427978515625,183.03009033203125,405.94000244140625
2026-03-05,260.0504150390625,218.94000244140625,300.6683349609375,660.0049438476562,409.79241943359375,183.330078125,405.54998779296875
2026-03-06,257.2229919433594,213.2100067138672,298.30999755859375,644.308349609375,408.0761413574219,177.8103790283203,396.7300109863281
2026-03-09,259.6407775878906,213.49000549316406,306.3599853515625,646.836181640625,408.5251770019531,182.64010620117188,398.67999267578125
2026-03-10,260.58990478515625,214.3300018310547,307.0400085449219,653.510498046875,404.8830871582031,184.760009765625,399.239990234375
2026-03-11,260.5699157714844,212.64999389648438,308.70001220703125,654.2998046875,404.0049743652344,186.02999877929688,407.82000732421875
2026-03-12,255.52456665039062,209.52999877929688,303.54998779296875,637.6340942382812,400.9914855957031,183.13999938964844,395.010009765625
2026-03-13,249.8897705078125,207.6699981689453,302.2799987792969,613.1849975585938,394.69512939453125,180.25,391.20001220703125
2026-03-16,252.58729553222656,211.74000549316406,305.55999755859375,627.4500122070312,399.08563232421875,183.22000122070312,395.55999755859375
2026-03-17,253.99598693847656,215.1999969482422,310.9200134277344,622.6599731445312,398.5467834472656,181.92999267578125,399.2699890136719
2026-03-18,249.70994567871094,209.8699951171875,307.69000244140625,615.6799926757812,390.9432678222656,180.39999389648438,392.7799987792969
2026-03-19,248.73085021972656,208.75999450683594,307.1300048828125,606.7000122070312,388.1792297363281,178.55999755859375,380.29998779296875
2026-03-20,247.76173400878906,205.3699951171875,301.0,593.6599731445312,381.0447082519531,172.6999969482422,367.9599914550781
2026-03-23,251.25851440429688,210.13999938964844,302.05999755859375,604.0599975585938,382.1722717285156,175.63999938964844,380.8500061035156
2026-03-24,251.4083709716797,207.24000549316406,290.44000244140625,592.9199829101562,371.9344177246094,175.1999969482422,383.0299987792969
2026-03-25,252.38746643066406,211.7100067138672,290.92999267578125,594.8900146484375,370.2381286621094,178.67999267578125,385.95001220703125
2026-03-26,252.6572265625,207.5399932861328,280.9200134277344,547.5399780273438,365.1790771484375,171.24000549316406,372.1099853515625
2026-03-27,248.57098388671875,199.33999633789062,274.3399963378906,525.719970703125,355.9989318847656,167.52000427246094,361.8299865722656
2026-03-30,246.40298461914062,200.9499969482422,273.5,536.3800048828125,358.1842041015625,165.1699981689453,355.2799987792969
2026-03-31,253.55638122558594,208.27000427246094,287.55999755859375,572.1300048828125,369.3699951171875,174.39999389648438,371.75
